; G11T firmware file for LC88+ARM
;
;***********************************************
;* Main FW for LC88 core
;***********************************************
:020000020000FC
:808000008A02DA0044028000480280004C0280008E02B7003C029E0090029E000A02CA0060028000E0028A00E602BE006C028000700280007202C7005C02C4007C028000F202DA00F402DA00F402DA00F402DA00F402DA00F402DA00F402DA00F402DA00F402DA00F402DA00F402DA00F402DA00F402DA00F402DA00F402DA00F402DA00e6
:80808000EA02DA00EE02DA000000000000000000000000000000000000000000000000000000000000000000000000000000000000000000000000000000000000000000DD77AA556A0512500300FFFFFFFF0081000000000100FFFFFFFF00000000000000000000000000000000000000000000000000000000000000000000000000004f
:80810000CE020A02E200EC0109023B00020100E0C8090400000103000003092111010001220A020705810340000209040100010300000409211101000122EC010705820340000100040309041E035700610063006F006D00200043006F002E002C004C00740064002E003403500065006E00200061006E00640020006D0075006C007400a5
:80818000690074006F007500630068002000730065006E0073006F00720016034D0075006C007400690074006F007500630068000803500065006E004481488166819A81B08112034D00530046005400310030003000EE004C00000000010500010042000000040000003000530065006C006500630074006900760065005300750073008d
:80820000700065006E00640045006E00610062006C00650064000000040000000100000040000000000104000200000000000000000100000000000000000000000000000000000000000000010100000000000000000000000000000000000000000000FC28FE8440CB9A870DBE573CB670098807972D2BE33834B66CEDB0F7E59CF6C242
:808280002E841BE8B45178431F284B7C2D53AFFC47701B596F7443C4F34718531AA2A171C7950E315521D3B51EE90CBAECB889193EB3AF75819D53B94157F46D3925297C87D9B498457DA7269C653B856889D73BBDFF1467F22BF02A4154F0FD2C667CF8C08F331303F1D3C10B89D91B62CD51B780B8AF3A10C18A5BE88A56F08CAAFA359c
:80830000E942C4D855C338CC2B535C6952D5C87302387C73B641E7FF05D82B799AE234608FA3321F097862BC80E30FBD65200813C1E2EE532D867EA75AC5D37D98BE31481FFBDAAFA2A86A89D6BFF2D3322A9AE4CF17B7B8F4E13308248BC443A5E524C2008040038040038040FF8000FF8000002400FFFF0000FFFF000000008A008B00db
:808380008C008D00373180097770002E34D03A3178833D317683DA4D1A374A303B3182093C3100000E100730B7737749D7497771C946B700B771A70DEC3F37318009012D76729D009C009B009A000300030037317A837771002E12F037310000002E0AF032317A8339310000B700030003008A004646823F823D3A310800A746002338467d
:808400000830B8303840F83D0810013067510F2254F07071020DF2DF7C710200494639449046B03000309042B030F03D894609429046803F803D00201CF017461749174977497A49AF7104005446634639310000B7009A0003003031FFFF040DDCFF013067510F22ACDF01259A0003003F30823F823D393162009746002D35460530B530ce
:8084800035405046F03D081006306751092C58F07571520DF2DF79710200144634444546B53005304542B530F53D04465442843F843D002822F0674667496749774979499F710400F44654303331FCFFF34939310000B7007F3003003531FFFF510DD6FF06306751092CA8DF01257F3003003F30FB73FC0FFC73FE0F823F823D3431980043
:808500004646002F6571520D0EF007306651092EF2DF01257F300300764676497649664964494F710400F44654303331FCFFF34939310000B7007F300300042503000025030000250300002503001F30B07F3E00B17A3C00B07A73000AAE07316000873F873D602E04D014028600002FFF73FE0FFF71FE0FC72E1240FF71FE0F0730FF73e5
:80858000FE0FFF71FE0FC72EEE6FB17A0C003731607E777007310100002E50D03731607E512D76723731617E002D76723731627E3631C8FF76723731637E642D76720AAE07316000873F873D602E24F0002DFE73FE0FFF71FE0F632E1240FF71FE0F0730FF73FE0FFF71FE0F632EEE6F5F300300002FFF73FE0FFF71FE0F032EEE4FFF71cc
:80860000FE0F0730FF73FE0FFF71FE0F032EEE6F5F300300002DFE73FE0FFF71FE0F062E04608A028500FF71FE0F0730FF73FE0FFF71FE0F062EEE6FB17A0C00501FBA7A1000642F76464730002CF8DFBA7A1400642F76464730002CF8DFBA7A1600642F76464730002CF8DF4A0185003731607E512D76723731617E002D76723731627E91
:808680003631C8FF76723731637E642D767237312C0176464730002CF8DF3731707E76723731717E102D76723731727E002D76723731747E3631F8FF76723731737E002D76720BBCB27A0500B37A3F000A7A8BFF3731400676464730002CF8DF0AF30AAE07319FFF67090ABE0AF90F7E04600FFC03000CFC0F0003000AF30AAE07319FFFe2
:8087000067090ABE0AF903000AF23531607E57703631FEFF67405772B0AE6740B0BE030000240EF00AF80AAE07319FFF0ABE0AF203000AF10AAE173160000ABE0AF2030043FA42FB3731EFFF43AC764043BC42F940AC764040BC03003731907E7570363180FF65427572757034318FFF4540757243F342F340F23731967E75703509757249
:8087800075703331F8FF35400509757275706542757275704540450975723731977E7570350975727570354005097572757065427572757045404509757247F947FB47FD47AE674247BE3331EFFFF1AE3740F1BE3431DFFFF1AE4740F1BE3531BFFFF1AE5740F1BEF1FE46F946FB46FD46AE674246BE44AE374044BE44AE474044BE44AE09
:80880000574044BE44FE03003731917E76703609767276703431F8FF4640767243F542F540F43731967E76703609767276704640160976727670353180FF56427672767033318FFF3640560976723731977E7670360976727670464016097672767056427672767036405609767247F947FB47FD47AE574247BE3331EFFFF1AE3740F1BEf1
:808880003431DFFFF1AE4740F1BE3631BFFFF1AE6740F1BEF1FE46F946FB46FD46AE574246BE44AE374044BE44AE474044BE44AE674044BE44FE03003731917E76703609767276703431F8FF4640767243F542F540F43731967E767036097672767046401631030076727670353180FF56427672767033318FFF36401631300076723731df
:80890000977E76703609767276704640163103007672767056427672767036405609767247F947FB47FD47AE574247BE3331EFFFF1AE3740F1BE3431DFFFF1AE4740F1BE3631BFFFF1AE6740F1BEF1FE46F946FB46FD46AE574246BE44AE374044BE44AE474044BE44AE674044BE44FE03003731947E76703609767247F13631FEFFF1AAc5
:808980006540F1BA46F144AA654044BA76707609767247F33731FDFFF1AC7640F1BC46F344AA754044BA3631957E67703709677247F53731FBFFF1AC7640F1BC46F544AA754044BA0300002414D03631997E6770370867724BF4F2F44AF448F5030036318A7E6770270967723631997E6770370967724BF5F2F54AF548F503001F30373181
:808A0000407E002D7672B3BC3731747E76720AF8002FFF73FE0FFF71FE0FC72E1240FF71FE0F0730FF73FE0FFF71FE0FC72EEE6F0A7A00000B7A0000B27A0000B07A00003731707E002D76723731717E76723731727E76723731737E76723731607E76723731617E76723731627E76723731637E7672B1BC5F300300002408D001260EF094
:808A8000022606F0BA7A16000300417EF64FBA7A14000300002404D001260EF0BA7A1400642F76464730002CF8DFBA7A1500642F76464730002CF8DF0300BA7A1400642F76464730002CF8DF002404D001260EF078018A00642F76464730002CF8DF030002003731900A77710125802E02F003000025E97FF85FE8A4323D22310100023161
:808B0000010003003731900A7771802E02F00300EC7A010003003731A209777007310400002E10F0417F182037319E09002D76736246030037319E09012D76736246030037319E09012D7673624603003731E4097771012E20F0022E02F003002746873F873D002E38D002310100323F44AE3708274244BE0300002F823F823D00240EF049
:808B80007646363F44AE3708674244BE0300012F7646363F44AE3708674244BE0300012502310100323F44AE3708274244BEC41F373114147F70310007310C00042E28F0082E14F001254C018B003631957E67707708677247F6030044F73631957E67707708677247F6030044F63631957E67707708677247F60300373114147F70310085
:808C000007310C00042E06F0082E02F0030044F63631957E67707709677247F73731E4097771002EE6FF67707708677201254C018B00030000250300002F430D1CD03731460A7670060976727A7302007B73040037318609012D7673674672460300002F430D1CD03731FC097670060976727A7302007B73040037318609012D76736746eb
:808C800072460300002F430D1CD0373194097670060976727A7302007B73040037318609012D767367467246030025463731920A7E7102000225032C02F00300002A0AF0102D7E73020000250300042D7E730200002503008A008B00C0AE012E5AF0C0AE022E04D0C2028D00C0AE032E08F0C4F19B009A000300C1AE7A463B310000082993
:808D0000002B7246B3464201DA000124E05FA646263F2600CC028F00B0028F008E028F005A028F0026028F00F2028E00B0028E006E028E00DE028F003731A27E3631FFFF76723731A67E76723731AA7E76723731AE7E76723731B27E76723731B67E76723731BA7E76723731BE7E76723731C27E7672C1AE002E42F03731A07E3631FFFFf2
:808D800076723731A47E76723731A87E76723731AC7E76723731B07E76723731B47E76723731B87E76723731BC7E76723731C07E7672C4F19B009A0003003731A07E002DBE1F3731A27E002D76723731A67E76723731AA7E76723731AE7E76723731B27E76723731B67E76723731BA7E76723731BE7E76723731C27E76723731A07E7672f3
:808E00003731A47E76723731A87E76723731AC7E76723731B07E76723731B47E76723731B87E76723731BC7E76723731C07E76723731A37E76723731A77E76723731AB7E76723731AF7E76723731B37E76723731B77E76723731BB7E76723731BF7E76723731C37E7672C4F19B009A0003003731A37E3631FFFF76723731A77E76723731c9
:808E8000AB7E76723731AF7E76723731B37E76723731B77E76723731BB7E7672C2AC3731BF7E76723731C37E3631FFFF76723E1E3731A37E3631FFFF76723731A77E76723731AB7E76723731AF7E76723731B37E76723731B77E7672C2AC3731BB7E76723731BF7E3631FFFF76723731C37E7672FC1D3731A37E3631FFFF76723731A77Ecb
:808F000076723731AB7E76723731AF7E76723731B37E7672C2AC3731B77E76723731BB7E3631FFFF321F3731A37E3631FFFF76723731A77E76723731AB7E76723731AF7E7672C2AC3731B37E76723731B77E3631FFFF76723731BB7EFE1E3731A37E3631FFFF76723731A77E76723731AB7E7672C2AC3731AF7E76723731B37E3631FFFFc4
:808F800076723731B77E76723731BB7ECA1E3731A37E3631FFFF76723731A77E7672C2AC3731AB7E76723731AF7E3631FFFF961E3731A37E3631FFFF7672C2AC3731A77E76723731AB7E3631FFFF741EC2AC3731A37E76723731A77E3631FFFF5C1E3731A37E3631FFFF76723731A77E76723731AB7E76723731AF7E76723731B37E76724d
:809000003731B77E76723731BB7E76723731BF7E7672C2AC3731C37E7672D21C8A008B008C008D002A463B464C465D46CE01D70005240AF09D009C009B009A0003003731920A7E710200002CEADFB646A6427673363100016B0D26F0032D7E730200C6467E730400D6467E7306007271D446C3467001D8009D009C009B009A000300012D08
:809080007E730200727100294346F401D700A41F8A008B008C003C31920ACF7102007A463B3100001029002B7246B3464201DA0001247450A646263F26009602910028029100FE029000280291005002910028029100280291002802910028029100280291002802910028029100280291002802910028029100280291006E029100C7715b
:80910000073100FF39310003970D04D0EE029100C771073100FF39310001970D04D094029200002FCF730200CF7102000125002E0CD000253731C0107771270D08D09C009B009A00030001259C009B009A000300C771073100FF39310004970D5EF0C771073100FF39310002970DB6DF2010C771073100FF39310004970D54F0C77107318c
:8091800000FF39310003970D04D028029200002DCE730200921F3A31C010A771002E04D028029100012E04D068029200052E04D03A029200042DA673022524103A31C010A771062E54F0002DCE730200022510103731C010072D7673002FCF730200022537319A09777139310000B7003A1F3A31C010A771032ECEDFCF7104000730AF7379
:809200000400CF7106004730AF730600042DA673002FCF7302007246C61F072DA673002FCF7302007246B81F3731C010042D7673002FCF7302000225A61FCE01D700052404F028029100AF700200A709C773032DCE730200062FA773C271AC710600AB7104007001D800C01ECE01D700052404F028029100AF70020017310003C773012D71
:80928000CE730200032FA773C27100294346F401D700941ECC710600CB710400C2710231FF006801D400002DCE7302007A1E8A008B008C004A463B31920ABE710200022F012C0AF072469C009B009A000300002432D0BF7302005C46802F750D02707C46C446A34632319A0A6401C800A746BF730400C746BF730600002F72469C009B00f3
:809300009A000300102FBF730200002F72469C009B009A0003008A001F302A46F601DA00C201AC00C401C800002DFE73FE0FFF71FE0F3631E703670D1640FF71FE0F0730FF73FE0FFF71FE0F3631E703670DEA6F027A0000037A0000047A0000057A0000FC018900022F7A0D12F0122D6A0D04D0080220010F005F309A0003003731900Ad3
:809380007771802E02D042F63731407E012D7672000200010F005F309A0003004401D100A001A6003731900A7771802E34F0CE01AC00C801AC0037311E0B363104AA767337314C0A3631F4AC767337319A09363130AC767332310102AA01AC000024F4FF0300FC01D00037311E0B3631D0CF767337314C0A3631F0CA767337319A09363178
:809400003ED0767303008A008B003A311414AF703000873FAD702F005742764606311000002C12F047F8F1F846F844F83531CD7E567006095672764606312000002C12F047FAF1FA46FA44FA3531CD7E567016095672764606310004002C04F0CC02950007310008002E04D0C40295000125C60189003B31A209002FB773AE703000863Fd6
:80948000AD702F005642AF703200873FAD7031005742654605310020002A18F0B5701509B5723431957E45703509457247F5F1F444F446F5654605310040002A24F0B5702509B57243F4F0F442F440F5D9F2D9AA15310C00D9BAD9F103AA0531CFFF450903BA002C2C00B6703609B6723531907E56707608567243F242F240F3D8FAD8ACc8
:809500001631C0FFD8BCD8F903AC0631F3FF260903BC764606310300022C04D0DE0295003431E409002B457344F6754605310C00042A04D0B2029500082A76F046F63331957E35707508357247F6F1F6022C04D0E802950007311000002E06F0B7704709B77201254C018B00AF703200873FAE7031006742764606312000002C06F0B67069
:809580005609B67207314000002E10F0B7706709B77243F8F0F842F940F8C5FE47FCF1FC46FC44FD47FEF1FE46FE44FF9B009A00030046F73531957E56707609567247F7F1F6901F0025C6018900A61E6E018900AF703000873FAE702F006742821E43F8F0F842F840F9381F46F741AA05311000853F853D5646B63006305642B630F63Dc2
:80960000063046734E1F8A008B008C008D008F512C463D463231F8FFF249B201D900FC71F80F4A46A601D900C272DA700600B2300230DD7006005242B230F23D4C018B00C670062C04D086029700DF700600B7300730F73D573FDE700900654605310100002A02F0170906310200002C02F04709DE700800863FDD7007005642002C04F0a3
:8096800004029700DD700100853FD4704542CD720200853DCD720300DD700300853FDC7002004542CD720400853DCD720500CE720600863DCE720700CF720100DD700400CD721000DE700500CE721100DF700B00002E34D0002FCF720800CF720900CF720A00CF720B00CF720C00CF720D00CF720E00CF720F004F31F8FF9D009C009B0039
:809700009A00030007097C1FDF700D00873FDC700C004742CF720800873DCF720900DE700F00863FDF700E006742DE701100863FDD7010005642CF720A00744665465346853D843D833F3442CC720B00CE720C006746873D07313F00DE7012006546653F5742CF720D00263D06310700CE720E00DE700A00CE720F004F31F8FF9D009C00a9
:809780009B009A000300DF700600002E04D05A029800DD700900A746273D073103005740B7300730F73D173FA646463D063103005640002C02F04709A646063103005640002C04D0A60298003131880916716A466B46FB372A510B530429002BA246B346F973FE0FFE73FC0FFF73FA0F4201DA00F971FE0FFE71FC0FFF71FA0F012404508d
:80980000FA0298006A466B46FB372A510B530429002BA246B346FF73FA0F4201DA00FF71FA0F0124045012029900CF720100DF700100873FD6706742CF720200873DCF720300DF700300873FDC7002004742CF720400873DCF720500621E3131880916716A466B46FB372A510B530429002BA246B346F973FE0FFE73FC0F4201DA00F9718d
:80988000FE0FFE71FC0F01240470002F761F2A3F2A00680299004E0299008A029800620299002A0299003131880916716A466B46FB372A510B530429002BA246B346F973FE0FFE73FC0FFF73FA0F4201DA00F971FE0FFE71FC0FFF71FA0F01240470040298002A3F2A00F6029900E0029900D40299009C02990020029A002A3F2A007402c8
:809900009900CE029900C202990080029900A20299002A3F2A002C029A00F002990052029A009402990036029A0001291473282F012D002BCD720600CD720700CF720100863F863D002C04F0BC029600E01E002D1673002F012D0029CC720600CC720700DA1F002F1773EC1F3531FFFF1573202F012DBE1F3431FFFF14735709012DB21F22
:80998000DE700800863FDC7007004642002C04F056029A0017312800002D961F002D1673B21FDD700700DE7008006446843F5442002804F03E029A00012D167317312800701F012D167317312800002D641F002B1573801F3531FFFF15735709002D521FDE700800863FDD7007005642002C6CD05709002D3C1FDD700700DE70080064466f
:809A0000843F5442002804D074029900863F564217312100CE720600863DCE7207000A1E0129147317312800012D061FDD700700DE700800D61FDD700700DE700800863F564217312400CE720600863DCE720700D81D002D001F022B1573E61F3431FEFF1473AC1F3731900A7771802E24F0EA01AC0010242AF000253731A20976700631d9
:809A800010006746B73007306742B730F73772400300373198137771002EDAFF0125D81FDC01AC0027460225002ECCDF0125C81F8A00F601DA004A0185003A3114140025AB70310003310300BA018A0044F5F1F5C5F33731407E012B75723731E6097771767135315555560DF6DF3531957E56703609567247F5F1F444F446F5002D7673dd
:809B000076713531AAAA560DF6DF44F5F1F53731407E002D76720025AB7031000331030094018A000025200187000801870000252201DB009A0003008A003A311C0BA771032E04509A000300B0018B003731A209777007310200002E06F0C5F344F5F1F53731407E002D76726E01D6006C01C5000025373114147B703100033103009401be
:809B80008A00002FA773C5FA9A00030037311C0B7771002E02F003003731040A002D76733731460A76733731FC0976733731940976736E01D6006C01C500C001C5000025373114147B70310003310300BA018A003731A209777007310200002E06F0C5F244F5F1F53731407E012D7672F8018B0003008A008B008C008D003F3064019A0054
:809C0000FA73FE0F16018B00FA73FC0F3C31E809C6716D463B3100000429002B6246B3464201DA00FF71FE0F01244A50D446243F24007C029D0046029C0038029D0064029D0018029D00002FC7733A311A0B002DA6737A466B461A550B570329002BA246B3464201DA00012418704A018500F80186008C019B007F309D009C009B009A0002
:809C800003002A3F2A00D6029C00BE029C0096029C00F0029C0038019B004A0185003731900A7771802E04D0CE029D000125200187007F309D009C009B009A00030038019B004A018500F80186007F309D009C009B009A0003004A0185003731900A7771802E04D0DA029D00012520018700821F38019B003731900A7771802E04D0EC7Ac4
:809D00000100002520018700080187007F309D009C009B009A000300012E04D076029C00FE71FC0F012C04D046029C00022DC67367463A311A0B161F012E04D0E6029D00FF71FC0F012E5EF03A311A0BA771142E045076029C00E2018A00002460F0032FC773EA1E4730012E4870FF71FC0F012E34F0022FC7733A311A0BD21E012E74F044
:809D8000FE71FC0F002CEAFF3A311A0BA771142E045076029C00E2018A00002420F0012DC6736746A81E002DC67367463A311A0B9C1EE2018A00002404F02C029D00C7717D0D04D076029C003A311A0B801EEC7A01000025200187009C1EEC7A01000025200187008C1EE2018A000024D0FF022DC673821EE2018A00002404F072029D00b8
:809E0000BC1F002424F037311A0B002D76733731FA0976733731E8097771670D02D003004A018500F8018600030037311A0B002D76733731FA09012D767303008000810082008300840085008600870088008900D8FA3731900A7771802E1CF0012502019E00990098009700960095009400930092009100900002003731A2097770073169
:809E80000800002ED6FF37319813002D7673CC1F8000810082008300840085008600870088008900D97E0400D97F2A10167E0400167F161099009800970096009500940093009200910090000200167A1000002502019E00DE1FD9F2012502019E00187BE7031C7A0400C41F8A008B008C008D004F3116004001870037319E09012773736f
:809F00003731E409002B75733731E6093631002076733731E80975733931FA09957337311A0B75733C31900A41AE0731C000C77352462201DB003B318E0A0027B3733D319209012BD5733A31040AA3733631460A63733731FC0973733931940993733531A0095373C57A00003631A20963736E01D6006C01C500C001C5000C01C20037314f
:809F8000407E012773723731427E7372002B36311C0B6573C5FA1C7A00001D7A00001E7A84FF167A1000177A040003AE0731CFFF470903BE147B0900167A1400C771802E04D09A02A600B27101240470B202A200002FFF73EA0F39311C0B9771032E06500127FB73EA0F012404D00602A400D671012C06F0012DFE73EA0F012E04D0CC02e9
:80A00000A400032E04D08202A40090019000002406F00127FB73EA0F3531460A577007310100002E2AF0012DFE73EA0F002F3931860997735F710400402E04505802A4003531460A57700708577201254201C6003631FC09677007310100002E04D0F402A200012FFF73EA0FA770764606310200002C04D0CC02A200B671012C04D0CC0242
:80A08000A20035319409567006310100002C1EF0012DFE73EA0F764606310400002C04D0FC02A200B671012C04D0FC02A20007311000002E04D06402A300012FFF73EA0F39314C0A97713231010239310000B700052404D03802A600C771802E0CF0EA01AC00102404D07602A600A770764606310200002C24F00127FB73EA0F7646063105
:80A100002000002C14D035319C095771142E04D06002A600A7701708A772764606310400002C04F0D202A30007312000002E04F08C02A300B771012E06F0D771012E0CF0C0AE002E04F0C602A200C4F0C771802E0EF0EA01AC00102404D07E02A400C5F0417F0410F802A200C5F73331A209377007314000002E0CF0407E04404202A400fe
:80A18000C37F68743531A0095771002E06D0012DFE73EA0FFF71EA0F002E0CF0167A1000147B0900167A1400167F0610012FFF73EA0FFF71EA0F002E04F0C6029F003931E8099771002E34D000273531FA095373167A1000147BE703167A1500363186096771370D04D04C02A400F2019B003531E8095771002E04D09C02A200012E04D0b4
:80A200002802A400022E28D0002D3731FA097673167A1000147BE703167A1500393186099771670DC4DF3E01DB003331E8093771032E04D00E02A400042EAEDF3931A209977007310200002E14F000273531FA095373167A1000147B8713167A15004201DB003631A209677007310200002E04D0EA02A1003931FA099771002E04D0EA0283
:80A28000A10000279373B0019A00F2019B003531E8095771002E04F0FC02A100167A1000147B0900167A1400B27101240450D0029F001601930000254F31EAFF9D009C009B009A000300D4018C007E1E00273531860953733631FC096F710400402E0450EC02A4003331FC0937700708377202254201C600A7708A1DC5F66E1E002F39312c
:80A3000086099773333194093F710400402E36503E7102006670052C04D0FC02A500102C04D0F202A5003331020A3773353194095C7104005B71020032314E0A6401C800A7702709A7723631940967700708677203254201C600A77007311000002E04F0BA02A00028293331060A00256601C200002406D0A7704709A772A7707646063157
:80A380001000002C04D0EC02A0002E1D0127FB73EA0F35314C0A57713231020239310000B700052404D00802A500C771802E04D03402A100EA01AC00102404F03402A100DC01AC00002404D03402A1009801BF00621D012DFE73EA0F39314C0A97713231020239310000B700052404D00602A600C771802E0CF0EA01AC00102404D0880239
:80A40000A600A770221D012BFD73EA0FE01B353186095771002E04F0EA02A1003E01DB003631E8096771101E333186093771002E04F0EA02A1003E01DB003531E8095771C21DC37F3E7D40F8C5FE381D3E01DB003931E8099771A41D5F710200FF73FE0F1401D600FF71FE0F72723331460A3C7104003B7102000025DA01C200C21BC5F17a
:80A48000DE1C042D37311C0B7673060194000025393114149B7031000331030078018A003331A0093771002E04D02A02A6003931A209977007312000002E04D0E002A5000127353184095372C5F43E1B002B54463331000104251C019000042404D05802A600022735311C0B53731E1B39319C09977374466B7102003231A4096401C800da
:80A50000A7701709A772DC1DFB70FA0F03310700233FFF70F90F673D73423746F3371F29002B7246FF73FE0F4201DA00FF71FE0F01240470D802A5007646263F2600BE02A500D802A500D802A500D802A500D802A500BE02A500D802A500D802A500D802A500D802A500D802A500D802A500D802A500D802A500D802A500D802A500D802d1
:80A58000A500D802A500D802A500D802A500D802A500D802A500D802A500D802A500D802A500D802A500D802A500D802A500D802A500BE02A500D802A500BE02A50033311E0B3771002D012B12293331ECFFF349323102026946B700A7705708A772541B022D373184097672C5F51E1A40F9C5FF921B152F3931020A9773301D3B2B3631d4
:80A60000020A6573261D33311E0B3771002D012B3931020A947133314E0A323102026946B700A7702708A772FE1A9C019300012B3631A0096573761E33311E0B3771002D012B28293331060A323101026946B700A7704708A772941A39311C0B9771A2193331A4093231ECFFF24906019600A7705709A7729E1ADC01AC00002404D0EA0246
:80A68000A0009801BF00621ADC01AC00002404D00202A4009801BF00681D3001D10026198A003731CF023431D002012D333114141610462A04D0AE02A70006300730043031310B02160D3CF07D70FF0F262AE2DF7570A02A04D0DA02A700A42ADCDF4170A422D6DF3D701800853F3A70170025427572853D457206300730043031310B02e3
:80A70000160DC4DF002D3431E2002810472A04D01602A80067460730262A3CD0454675495170C02204D04602A9003131EB01170D32507646474667497570272ACEDF67460730424672492570B02A04D0C602A800B22A04D02402A900674607303131EB01170DCE7F3E703400863F3A70330026423731D8047E720800863D7E7209003E7013
:80A780003600863F3D70350056427E720A00863D7E720B003E703800863F3B70370036427E720C00863D7E720D009A0003007570A12A44F0A32A04F0BA02A6004570A32A04F0BA02A6003D701C00853F38701B0005427572853D4572E01E4070A02004F0BA02A6003D701600853F3970150015427572853D4572C21E4270A12404F0BA0231
:80A80000A6003D701A00853F3870190005427572853D4572A41E67460730424672492570B12A66F0B32A04F02A02A7006546153045495170B32204F02A02A7006146213041491070B32004F02A02A7003F702800873F387027000742277279463F702A00873F3A70290027427A46A2468A3D893D823F294290465072177245466549873D0e
:80A880005F72040067465751A01E6546153045495170B12204F02A02A7006146213041491070B12004F02A02A7003F702400873F387023000742277279463F702600873F3A702500A01F6746173047497570B02A04F05802A7006146213041491070B02004F05802A7003D702400853F387023000542257259463D702600853F3A7025008d
:80A9000025425A46A2468A3D893D823F294290467072157247466749853D7D72040067465751061E6546153045495170B22204F05802A7006146213041491070B22004F02A02A700061F163046496270C02404F02A02A7003A702C00823F38702B0002425272823D6272C21D2F700300873F36310021670D0CF036310022670D26F00125ee
:80A9800003002F700500873F2A7004002742002E4EF0012E06D0363133813673092F4773002503002F700500873F2E7004006742012ECA5F35310081273F574976713673002CBAFF2F700500873F2A70040027427749073077495749777147730025030037311A813773092F477300250300022503000225030002250300022503006601bd
:80AA0000C10003006E01AE0003008A008B003A464A302B460B302270A446B346EE0184002746873F873D002E06F0042E08F002259B009A0003003731C0107671002CEEDF052D7673B6467E730400A6467E73060001259B009A0003008A008B001F302A463B462A700300823FAE70020062422746873D032E32F0AF700700873FAE7006003b
:80AA8000674247733731D0103773AF700300873FAE70020067423631C0106F73020002255F309B009A000300AB700500833F823F823DAF7004007342FC73FE0F6C018400AF700700873FAE7006006742FC71FE0F47733731D010B773AF700300873FAE70020067423631C0106F7302002746873F873D002E0AD0477136312C01670DA07F97
:80AB000002259C1F8A008B008C008D002A463C464B462A700300823FAD70020052422746873D012E04D09E02AB003D310100032E26D0AB700500833F823F823D4546C446AE7004006342EE0183002D46AA700300823FAF70020072423731D0107272D746873F873D002E14F0042E48F03D310200D2469D009C009B009A000300B4713531d3
:80AB80002B01540DE65FC3713231D1106401C8003631D010C673B7710730B773D21F3731D01072723D310200D2469D009C009B009A0003003731C0107671002CAEDF012B7573AE700300863FAD70020056427E730200002D7E7304007E7306003D310100D2469D009C009B009A0003002E7001000B2C0670012D62460300012F673E75467d
:80AC000005310C0C022D002AECDF764606310002002C12D007310200002ED8FF0401AB002646624603005801AA002646624603008A008B008C002B463A31C010A771042E20F0002E0AD000259C009B009A000300002FA7737001B70000259C009B009A000300002F720D2ED0AC71060037312B01740D22503C31D010AF700200C772AB7114
:80AC800004003231D1106401C800AB7106000330C2469A01B600002FA773B246FC01B60000259C009B009A000300F401AC002746273105007246B23002307242B230F23D0300DA01AF000300E401B10003001401B0003731C010002D76730300373102127270623D023101000300373102127A7002000300002B2746873F873D002E02D048
:80AD0000012B002D34310212447004311800082802F0012D6542853F853D002A40D0042E3C50363108127546253F573F574D67497F701100002E26F00231FF002746273F523F724D62492F701100273109007246B23002307242B230F23D32300300032503002546853F853D343108125646263F5746573F674D464676496F7010006E711a
:80AD80001A00670D027067465646363F564D0630263F4649667167720125002E5EF05346233F5646563F364D463118126670670D4C105346233F5646563F364D4631221266715146213F5346533F134D4349764D3E731A0043311800367161467149317353465349453F354D05305549454955715571646054624730002EF6DF03005246c4
:80AE0000223F5346533F234D433122123371360D06F036460025AA1F5246223F5346533F234D43311A123370233D033101003246B23002303242B230F23D861F823F823D2646263F2746573F674D47311E127771002E14D02646263F2746573F674D47311A127670260976726201AD0003008A008B008C008D002A463B464C46F401AC008d
:80AE800005240AF09D009C009B009A0003008A3F8A3D3D310812A646263FA746573F674DD749B6467E7314007E731800C6467E7316007E731A007546453112005670260956727F700F00802E26F0A746273F5A3F7A4DDA49072FAF721100AE710C0067703709677201259D009C009B009A000300A646263FA746573F674DD749062D7E7259
:80AF00001100A2463C01AE00823F823D01240CF0A746273F5A3F7A4DDA49BE1FA646263FA746573F674DD7490A2D7E721100E01F27460025873F873D7646263F573F674D47311E127771002E02D0012503002446843F843D333108124646263F4746573F674D37497D7106007E711A005770670D027067464546253F4646563F564D634910
:80AF8000324642311800267135715571614671492173324642311A002371734D23730125002620F000254346233F543F344D443118124470470D0C100125002E0AF0546064624730002EF6DF0300002404D0B2F203000124FADFB2F303008A003A310212A77007310100002E26F0817A0000807A030003AE0731FCFF03BE04AE0731CFFFa8
:80B0000004BE0025CA01AF00002FA773AF7202009A00030037310212002572737A7202007A7203007A7204007A720500373100127273373108123631087E767336310A7E7E73020036310C7E7E73040036310E7E7E73060036310F7E7E7308003631827F7E730A003631837F7E730C003631107E7E731C007E731E003631127E7E732000ea
:80B080003631147E7E7322003631847F7E7326003631857F7E7328003631187E7E7338007E733A0036311A7E7E733C0036311C7E7E733E003631867F7E7342003631877F7E7344003631207E7E7354007E7356003631227E7E7358003631247E7E735A003631887F7E735E003631897F7E7360003631287E7E7370007E73720036312A7Ebf
:80B100007E73740036312C7E7E73760036318A7F7E737A0036318B7F7E737C0081B4807A0300CA01AF0003003431608337311612002B323108125346233F5646563F364D46311A1263700331FCFF6372467076724E7001007E7201004E7002007E720200002D7E720300002D7E7306007E7308000530243047311C00052ABADF2F710C0013
:80B1800076722F7108002E701000767227713631A01276732F71020076732E73A000827A00002F712800042D76722F712600402D76722F714400042D76722F714200402D76722F716000042D76722F715E00402D76722F717C00042D76722F717A00402D767203008A003A310212A77007310100002E30D00125CA01AF00807A030080FBe5
:80B2000081FD81F9012FA773AF72020003AE0731FCFF070903BE04AE0731CFFF470904BE2801B1009A0003000021823F823D002402D001213431638337313212002B3131081205305346233F5646563F364D46311A1263700331FCFF6372467076724B7001007B7201004A7002007A72020000257A730800FF2C04D0F202B2000646264259
:80B280006246823F823D00244EF000257A720300264604257B71FE0F32727B71FC0F3672243047311C00042A98DF373130131F7330001F711C003231301372731F711E0072733631F0121E734C001F71380076731F713A0076730300092D7E720300833F833D402D323184FF8026A8FF323180FFA21F0125861F3731017E363180FF767200
:80B3000037310212032D76737E720200002D7E7203007E7204007E7205002801B10037310812082D7E7211007F710C00363180FF7672817A41003731007E002D7672827A4000817E067081FE817FFA7F80F680F50300807AE4FF363102126570574647086772053108005746B73007305742F73707310C0027306F72020081F881FD81F17a
:80B380000300807A2000102B81BA373102127670460976727D72020037310012002D76730300823F823D012404F00225030037310212767006310400002CEEFF76706609767200250300823F823D012404F00225030037310212767006310400002CEEFF76706608767200250300823F823D002446D0373102127670002B833F833D0026f3
:80B400003AF0863F863D6746273D5740002E12D0002B04260250012B6746373D5740002E16F03746273F533F734D43311A123770070937720025030002250300012BC21F823F823D002448D0373102127670002B833F833D00263CF0863F863D6746273D5740002E12D0002B04260250012B6746373D5740002E18F03746273F533F734Dbc
:80B4800043311A1237700731FCFF37720025030002250300012BC01F373102127670654605310400022F002A1CF006310800002C18D03731A012002D76723731A0122773012D3673002F724603003731A012012D7672E61F002D823F823D01240250012D373102127770373D67400225002E10F03731A012002D76723773012F47730025e5
:80B500000300002D823F823D01240250012D373102127770373D6740002E0AF0833F833D0025230D02F002250300373102127670654605310400022F002A28F0063140006746B73007306742F7370731020007303631A0126772002F6F7201002673022F3773002F72460300373102127670002B823F823D002402D0012B863F863D6746d4
:80B58000273D5740002E14D0002B012424706746373D57400225002E02D003003731A012002D76727E7201003773022F477300250300012B6746373D57400225002EDAFFDA1F37310212757000232746873F873D002E02D00123853F853D5646263D1640002C14D00025042E38705646363D26400225002C02D003003631A0127546253F32
:80B600007246523F524D42311A122770073101006772002F6F7201003673022F47730025030001255646363D26400225002CC6FFC61F2546373102127670063108000225002C0CD07D720300767076097672002503002546373102127670063104000225002C10F05646863F863D002C08F00025012C14700300072D76737E7202000025e3
:80B680002801B200002503000F2D76737E72020001252801B2000025030037310812363180FF7E720F007B7316007B731A007A7314007A731800022D7E721100030037310812002D7E720F007B7316007B731A007A7314007A731800042D7E721100030037310812002D7E720F00002D7E7316007E731A00042D7E72110003008A00002496
:80B7000020D03A310812AF700F00802E30F0AF711600002E16F083F7042FAF7211009A0003000124F8FF83F99A00030083AE17310A0083BE052FAF7211009A000300AF7012002709AF72120000253C01AE00823F823D2746B73007302742B730F73D032D764DAE72110083AE1731090083BEAE1F00240AD083AE17310A0083BE03000124a5
:80B780000AF083AE1731030083BE030003008000810082008300840085008600870088008900012502019E00817E0470817F2C60817E0450817F2A40807E0430807F1620990098009700960095009400930092009100900002008201B300E41FF601B200DE1F5201B300D81F8A008B002A468A3F8A3D3B310812A646263FA746573F674Da7
:80B80000B7497F701100072E04D08A02B8000A2E36F0062E06F09B009A000300A2466201AD00823F823D002404F0CC02B800A746273F5A3F7A4DBA49AE710C006770370967729B009A000300A646263FA746573F674DB749092D7E721100042F7A0D22F0A646263FA746573F674D7B49BC711600BF711A00A2469209744DBB711400FE01b5
:80B88000A900C5F89B009A000300A2464E01AF00823F823D002496FFA646263FA746573F674D7B49BE710C00677037096772092DBE721100BC711600BF711A00A2469209744DBB711400FE01A9004A1FA746273F5A3F7A4DBA49AE710C006770370967720A2DAE7211009B009A0003008A003A46002B35732F700300873F2E70020067427c
:80B900007646063100FF35310002560D04D09002B90035310003560D4AF037310001760D20F06801A900823F823D002404F0D402B900A7710025270D04D0C002B9009A0003002F700700873F2A7006002742122E0470C602B90047733531D804A57300259A0003000731FF00042E50503631B88177497649667136732F700700873F2A7025
:80B98000060027426670760D027076464673A21F2F700700873F2A70060027423B2E0E50477336310881A67300259A0003003B2F477336310881A6730025EE1FEE2E1EF002259A000300122F47733531D804A57300258C1F002BA57302259A0003003731C28137732F700700873F2A7006002742122E0270122F4773381F8A008B008C002e
:80BA00008D008F512D463C310812012BCD721100002DFE73FA0F3431E012457226706546853F853D432A1050402A0410D802BA00032F4772022F4810A32A5470654645314000853F853D032A04503A02BB00002E2ED0D670FB71FA0FA630002C0400D002BB00002604F00402BC00002DCE720F00002FCF731600CF731A00042BCD721100f0
:80BA800072464F31F8FF9D009C009B009A000300A02A04301C02BB00812A04D04602BC00822A04D01E02BC00802AA2DF2E700100062C04D02E02BD00082C04D0CA02BC00002C8ADFF3464331FAFF3231F8FFF2492A01B5002746761F022A72F0022A2C50002A04D07602BB00012A04F04E02BA002D7001000B2A04F04E02BA002A700400f2
:80BB0000DB7002000201B5002746421F4631E0FF863F863D032C04704E02BA00022D4672F4464431FAFF3331F8FFF349D246EC01AB002746873F873D141F032F47722D700100EE2A04D07602BC00022F321F2E700100012C04D04402BD00032C04F04E02BA002A700200DB70040003317F00EA01B3002746D81E2C700100002B4A465B46d4
:80BB80001A550B570829002BA246B346FE73FC0FFF73FE0F4201DA00FE71FC0FFF71FE0F012404704E02BA002A3F2A002202BD004E02BA001602BD004E02BA00EA02BC004E02BA004E02BA004E02BA00DE02BC00FF71F80F363180FFCE720F00CB731600CB731A00CF731400CF731800022FCF721100002F72464F31F8FF9D009C009B0009
:80BC00009A000300FA71F80FBE01B600002F72464F31F8FF9D009C009B009A0003002D700100002A04F04E02BA002A70040002317F00F4464431FAFF3331F8FFF349C201B5002746081E2E700100062C04D02E02BD000A2C5CF0002C04F04E02BA002A700400F4464431FAFF3331F8FFF3496801B5002746D81D2F700500873F2D7004006b
:80BC80005742042E04D05802BD00052E04F04A02BB002B700700833F2F70060073424C2602704C27FB73FA0F3531D481FD73F80FA61D2A700400F4464431FAFF3331F8FFF349D401B4002746841DF3464331FAFF3231F8FFF2499801B4002746701DDA7002005201B6002746641DDD700300853FDF700200754237310212747004310800ed
:80BD0000002804F04A02BB007D7203007570750975720027421DDA700200A201B30027462C1DDA700200C601B3002746201DF4464431FAFF3331F8FFF349D246EC01B80027460A1D2A700200DB70040003317F004001B4002746F61C2B700700833F2F7006007342402602704027FB73FA0F35312082FD73F80FE01C8A008F513731027E33
:80BD8000777036310E7E667082FE07310300022E04D05402BE00032E5EF0002E52D03A310812AF701100032E04D0A202BE00042E3ED000254E01AF00823F823D002404D0D802BE003731E01277700025012E16F00225270D10D0AA711400AB7116000A01AA00823F823D7001B700052DAE7211004F31F8FF9A0003003731F8FFF749363151
:80BE0000A012667076623631A112667076623631A212667076623631A312667076623631A412667076623631A512667076623631A612667076623631A712667076723231F8FFF249FA01B900FC01B6004F31F8FF9A0003003A310812AF701100032E50F0052E08F0022E52F083F9841F37310212767006318000002C28F07670760876722a
:80BE80007D7003003631017E65726670002C4CF0072D76737E7202003631017E677077086772082FAF7211004F31F8FF9A00030083AE17310A0083BE361F00256201AD00823F823D002406F0032DAE72110083AE1731090083BE181F83F7141F032D76737E720200BC1F8000810082008300840085008600870088008900012502019E00ec
:80BF000037310212777007310200002E46F082AC82AE673D763D6740002E4ED084AC84AE673D763D6740002E50D086AC86AE673D763D6740002E4CD088AC88AE673D763D6740002E48D08AAC8AAE673D763D6740002E1CD0990098009700960095009400930092009100900002007801BD00E41F8AFE0425E801B700DA1F84FE0125E801a5
:80BF8000B700D01F86FE0225E801B700C61F88FE0325E801B700BC1F37310212777007315000502E02F00300373100127671002CF4DF012D7673F601DA003731007E0D2D76720E7A10000E7A50000E7EFC3F3731007E002D767200252201DB00C5F903002646263F423F26493731CE00674973737C7312000300002B3731CE002646263Fbb
:80C00000423F264967497E7108007F710600760D04F052460300012B524603002D710A002F71040040465246D00006463046D000024672495446734663496401C80003008A008B008C008D003F302A462F7108002E710600670D6E102E70020006310100002C6EF02A710C00A87110000030C000F973FE0F164610460030C000F973FC0F5c
:80C08000AD710E005D46510D2EF01B466C46B446C346A2461C01C0000C300B30BD0DEEDFD6460630F971FE0F1649FD71FC0F5746B7307649AF710800AE730E00AE710A006749AF7308007F309D009C009B009A0003002871100000302A710C00C000A9731000AE710A006749AF7308007F309D009C009B009A0003008A002A462A710E007c
:80C100004046D000AA7104000249AE710800464DAE7308006401C800A8710E000030AA710C00C000A9730E009A0003008A002A46F601DA00A646263F4A3FA6493731CE006749002D7E730E007E7310007E7106007E7308007E70020006087E7202000A01DB009A0003008A008B008C004B463A31CE00A671042F260D0AF072469C009B0011
:80C180009A000300AF70020007310400002E04D0002FE61FAF7002000708AF720200A2464001C000AE710800AF7106003C310000760D1630DA1F3231CE004001C000AE710800AF710600760DC61FAA711000B046D000AB710400AF711200002D6546B4460349A271C946B7000224CAFF01240EF002249CFF00252C01C100002F7C1FAF7067
:80C2000002000709AF720200002F6E1F00252C01C10003008A008B002B463A46F601DA00B646263F4B3FB6493731CE0067497D7108007E7106003B310200650D1C107C710A007A7110004046D0007B7104000349A2466401C8003B3100000A01DB00B2469B009A0003008A008B008C002A463B46F601DA00A746273F4A3FA7493A31CE0096
:80C280007A49AE710800AF7106003C310200760D3A10AC710A00AA7110004046D000AB7104000349B2466401C800AF710800AE710A006749AF730800A87110000030AA710C00C000A97310003C3100000A01DB00C2469C009B009A0003008A008B008C008D001F302B463D464C46F601DA00B746273FB646463F67493A31CE007A49AF716f
:80C300000800002E2CD0AF700200073102000125002E18D0FA73FE0F0A01DB00FA71FE0F5F309D009C009B009A000300A2464001C000C446D346A246F801C000AF700200073105000025042ECADFAA711000C046D000AB710400AF711200002D6546C4460349A2716946B700012418F002240AF0B2462C01C10003259A1FA2464001C0001a
:80C380000025901FAF7002000709AF7202000025821F3731EA047E71020006087E7302007E71020016087E7302007E71020036087E730200002D7E730A00042B7D7306007E7312007D71020025087D73020037317013767390BC05AE0731CFFF05BE030037317013727303003231EA0403003731EA047E7102003531FEFF56407E7302008b
:80C400007E7102003431FDFF46407E7302007E71020036087E730200002D7E730A0004277B7306007E7312007E71020026087E73020090AE474090BE90A6534090B690F905AE0731CFFF470905BE0300032503000025030090F290F190F7030080008100820083008400850086008700880089008A008F513A31EA04AF7102004709AF7395
:80C480000200907E0410907F3000907E0660907E024090FCAF7102004708AF7302004F31F8FF9A00990098009700960095009400930092009100900002003731587E75717E710200373170137771002E2AF0FD73F80FFE73FA0FFD73FC0FFE73FE0F08293331F8FFF349022539310000B70090F2002496FF90F7921F90F28E1F373180134d
:80C50000727303000325030000250300373180137771002E06F039310000B700002503005401C4000300E801C3000300EE01C30037317C13012D767337317E13002D767303009201C30032310CC5E001C300002F36318013677336317A13677336317C13012B657336317E13677303003731821300277373C77A0000C87A000005AC063150
:80C58000F3FF05BC35310005374636463231FE045773744644310020002743734B7302006346433F234934700431E1FF34725C7102004749063045311000062CD2DF030034310005002F3331FE0418107546453F354956700631E1FF5672073044311000062E20F07646463F3649667006310100012CD8DF467146310020002B65736D73a6
:80C600000200C81F37318213012D7673C77A0000C87AFFFF05AE0731F3FF270905BE03000231FF00032F052414503731FE04423F27497670163D06310100052F674D72460300C9AC012F273E7642C9BCB730C9AC7640C9BC03008A008B008C002B462746473F3A31FE047A49AF710C00AE710A00670D6410AA71020042310020AD710400e4
:80C68000002E64F0002924736C463C307C4D5C0D02705C467C30C6462E730200C749AF730C003230C446AB7108006401C800AF710800C749AF730800A7702709A772012FB73EC9AC7642C9BCB730C9A87440C9B89C009B009A000300A7700731F9FFA7729C009B009A00030026739C1F8A002A46052F720D1E502646463F3731FE04674996
:80C700007670654605310100002A0CF006310400002C58D09A0003007B7102003546453100205C7102007C730E00460976725571002A2AD0360876727E710C0046497E730C007D710A0043310420A246DC01D6000124C0FFA2464201C6009A0003007D730A00360976727C730C00DA1F5601C600A21F8000810082008300840085008600e1
:80C78000870088008900012502019E00C77F3200C77F3A10C77F4220C77F4A30C77F5240C77F5A50C77F6260C77F6A7099009800970096009500940093009200910090000200C7F00025EC01C600C77EC61FC7F20125EC01C600C77EBE2FC7F40225EC01C600C77EB63FC7F60325EC01C600C77EAE4FC7F80425EC01C600C77EA65FC7FAdf
:80C800000525EC01C600C77E9E6FC7FC0625EC01C600C77E967FC7FE0725EC01C6008C1F373182137771012E04F0032503000231FF000424F4DF37313E057670654605310200002AE6DF16097672002D7E730C007B7306007B7308007C730A005601C60001250300444208DF356025624430F8DD0300444206DF23624430FADD03003731a7
:80C880008813002D767337318413767337318E137673E87F2270EA7A0100E87A0000E97A0000EB7A0A00EC7A000036318A7E6770173103006772E8FFE8F103AE1731C0FF03BE030003AE07313F0003BE002FEABEE8BEECBE40F7030043F63631D47E67703709677240F742F7C401C800EA7A0100002FE8BEE9BEEB7A0A00ECBE36318A7E7d
:80C900006770173103006772E8FF030037318C137771012E04F0E8F10300373184137771002E18D0EB7A000037318813012D767337318E137673E8F6E8F103003631861367717560EBBA6773DE1F37318613727337318A137273373184137373030037318C137771012E1CF0032937318813737137318A1372715801CF00012402F0030074
:80C98000E8F00300032937318813737137318A1372712401CB0003008A003A318413002DA673EBAE0731010036318C136773012E24F0E8FC0129002732465801CF00A771002E0ED0E9FD37318813002D76739A000300E9FCF01FE8FD0129002732462401CB000124E8FFA771002E10D0EB7A000037318813012D76739A0003003631861332
:80CA000067717560EBBA6773E61F8000810082008300840085008600870088008900012502019E00ECAE002E04F0EC7A0000E87E0830E87E0420D802CA00E97E1840E8F299009800970096009500940093009200910090000200E97E263037318E137671002C04F0D202CA00E8F6E8F5E97E0420EA02CA009801C9000124C2DFE8F0C01Ff5
:80CA8000E87F3660E97FB67F373184137671002C24F0363186136571EBA85472657105306573353188135671063056737571560D04D0002D7673E9FC841F3631861367717560EBBA6773363188136771073067736C1F002D7673661FE8F4E8F65E01C90037318E1300297473561F5E01C900841F37319E137771012E04F0042503000231e7
:80CB0000FF00012412F00224F0DF373194137771002EE6DF052503003731A4137771002ED8DFF01F8A008B008C003A319E13A771002E08F001280EF003282EF000259C009B009A0003003631981300296473042E04D0EA02CB00012E44F04731FAFF0125270DDA7FA2730025D41F012E0EF0012FA77300259C009B009A0003003731961320
:80CB80007771012E04D0FE02CB00002EE0DF3731A4137671002CD6FF46307673D01F3631941365715B463731A41374714C4635319213547100285AD0002D6B0D04F04A02CC00002B5C0D66F02A273231E8134A01C90037319613002D7673C746B749012E4870012BA5730025541F37311214737137319C1372714A01C9000025401F363140
:80CC000094136771002E04D06E02CB00473067735C1F0029547364737473022752464A01C90037319613022B757340F7B41F32318A09002F27722F72010004274A01C9003731961303297473901F37319A1373713231A6134A01C9003731961301297473781F8A00AF51032408F04F31F6FF9A0003000331FF0013310003FB73FA0F363112
:80CC8000FFFFFE73FC0F3A31121437312C01A773F2464231F8FFA4463331F6FFF3490401AB00823F823D012458F000245ED0A47137312A01740DB25FFE71F60F002828F0474647306749FF73F60F75461530002D777057724530FF71F60F4730FF73F60F0630A471640DE85F1430A4733631D010647337319C13767337319E13042D7673ed
:80CD0000681F3731C0107771012E10F037319E13012D76734F31F6FF9A00030037319E13062D767337319013042D76733C1F8A008B008C008D001F302C4637319013012B757326716A463B3100000429002B6246B3464201DA000124147037319E13012B75735F309D009C009B009A000300A646263F2600E802CD00E802CD00BE02CD00c7
:80CD80005A02CD008802CD00CE7102006D46FE73FE0FFF70FF0F07310F007A463B3100001A550B570729002BA246B3464201DA0001245A7037319E13012D7673A41F37319C1336315E05767336315409373112146671767337319E13042B75735F309D009C009B009A00030037319C13353156097573373112141E2D767337319E13042B6b
:80CE000075735F309D009C009B009A0003002A3F2A001602CF00F602CE007C02CE006E02CE006802CE003E02CE003202CE002802CF003731A013CD7108007573761F3731D010042B75733531A0133631D2105571657336319C13677337311214042D767337319E137673FA1E3731A213C81F3731D010042B75733531A213CE1FFE70FE0Fea
:80CE800006310F006D460F2F760D04D03E02CF00CB469B51CD700700853F5A46CE7006006A426A30D246823F823DA446B346EE01840037319E13012B75732646863F863D042C04F06202CD003631C0106571002A04F06202CD00052B6573D546153100036D730200B5466D730400A5466D730600072D76736C1EFB70FE0F03310F000F2611
:80CF000004D0CB700400FA70FE0F423D023103006201CC004C1E37319213012B757337319E13757340F63A1ED6460631030037319813767337319E13012B7573241ECD7004005D46CB46AB51CE700800863F6A46CF7007007A424C1F8A008B003A319E13A771002E08F0012810F003283AF03B310000B2469B009A00030036319813002B89
:80CF800065734731FAFF3B310100B70D0670032FA7735B4633312C013231D0104A01C900B2469B009A000300032E10F0012BA5733B310000B2469B009A0003002E01CD003B310000A771072EA8DF3B310100A21F8A0037319E137771012E04F09A0003000231FF00012436F00224F0DF3A319413A771002EE6DF4746173036319A13677325
:80D000003631A6136772873D6F7201003231A8136401C800A7710730A77340F6BE1F3A31A413A771002EB4DF3731E8132A2D7672002D7E72010028293231EA13D21F8A008B008C008D003A319E13A771062E20F0072E04D0E002D000012DA6733B31C010002FB77372469D009C009B009A00030000244AD03B31C010BC7106003D31121446
:80D08000D47336312901640D0470D67364463C31D010BF700200CF720200BB7104003231D3106401C800D3712330D373C37337319C13C6467673042FA773C2461810012DA67337311214002D767337319C13727163463B31C0104A01C9000C01C900801F012FA7730C01C9003B31C010721F37319E13002D7673C401C8000300012D3731eb
:80D100009E137673373190137673002F3531A21357733531A01356733631A41367733631941367733631921367737E01C8000300002F36319E136773363190136773D801C80003008A0037315409737132311414002604D03402D200002D34315E053410462A04D0CA02D20067460730272A48D0414671491570B02A04D07002D300B22Ab5
:80D1800004D01002D40067460730730D04503402D2007646474667497570262AC2DF67460730404670490170A02204D0FE02D200A42204D04A02D30067460730472A04F07E02D200414671491570B12A04D0D202D300B32AB4DF6546153045495070B320A8DF60462030084648498070B3209ADF2F702800873F2870270007421772794684
:80D200002F702A00873F2970290017427A46A1468A3D893D813F194290465072877245466549873D5F72040067465751730D04709202D100373156092E703400863F2970330016427E721400863D7E7215002E703600863F2D70350056427E721600863D7E7217002E703800863F2A70370026427E721800863D7E7219009A000300272Aed
:80D2800004D04002D400472A04D03402D40067460730262A04F08602D100454675495170C02204F08A02D100163046496070C02004F08A02D10029702C00813F28702B0001425172813D6172C01E67460730404670490170A1224CF0A322B2DF61461130194649499170A322A4DF2E701C00863F2D701B0056420672863D96728C1E614636
:80D300001130194649499170A02204F0B802D1002E701600863F2D70150056420672863D9672661E61461130194649499170A12204F08E02D2002E701A00863F2D70190056420672863D9672401E61461130194649499170A42204F08E02D2002E701800863F2D70170056420672863D96721A1E6746173047497070B02004F08602D10097
:80D380006546253045495070B02004F08602D10028702400803F084628702300084280461072894629702600813F2870250001421A46A0468A3D893D803F094290467072517247466749813D7972040067465751B81D6546153045495070B12004F08A02D10060462030084648498070B12004F08A02D1002F702400873F2870230007421e
:80D40000177279462F702600873F29702500FA1D6546153045495070B22004F08602D10060462030084648498070B22004F08A02D100BC1D67460730414671491570921D67460730414671491570321D27460225412E02F0030037311C0B76710025260DF2DF012D767303008A00042406F000259A0003003A311C0BA771032EF05F3231ec
:80D4800014146401C800A771022EE2DF032FA773DC1F3731561436318E0A66707672002D7E7201003773012F4773002503003731561436318E096670767237733F2F47730025030037315614363114146D701600853F6A70150025427D720100853D7D7202006D701800853F6A70170025427D720300853D7D7204006D701A00853F6A7038
:80D50000190025427D720500853D7D7206006D701C00853F6A701B0025427D720700853D7D7208006D701E00853F6A701D0025427D720900853D7D720A006D703800853F6A70370025427D720B00853D7D720C006E701F007E720D0045AA45AC263F06310001753D953F5642002B7D720E00863D7E720F003731571437730F2542730025d6
:80D580000300012503003731608237733731000147730025030037315614363114146E701D007672002D7E7201003773012F477300250300373190097770273120007246B23002307242B230F23702310300023003000125030037318E0A7671012C0AF03671667076730425030036716670002CF2DFFF2D767300250300377176703731d6
:80D600008E09767337311C0B77710425032E02500025030037318E0977717246B23002307242B230F23702310900223003000025030037717570202A04F00025030007307670002C0CD037319009202D767204250300042CE45F36319009202B65727670373192097673042503000025030037311615002D767303008A0027463A31161546
:80D68000A671012C32F0002C20F00025022C12D0AE71020035467446634673080025AE019200002DA6739A0003002270344673464C01D4009A0003003231FFFF7670422C0CF0AA018C00002FA7739A0003007A700200823F7F7001007242E61F8A008B008C008D001F303D464C4657462A463B3100000529002BB346FF73FE0F4201DA00f0
:80D70000FF71FE0F01240E7002255F309D009C009B009A000300A446243F24003402D7004A02D7006002D7007602D7000802D7008C02D7007446C346D24634018C005F309D009C009B009A0003007446C346D24638018C005F309D009C009B009A0003007446C346D2465E018C005F309D009C009B009A0003007446C346D24684018C0005
:80D780005F309D009C009B009A000300C346D2467801D6005F309D009C009B009A0003008A004A46373196147272002F740D08F0323197146401C800002D012BA44654493331961404252001C8009A00030004252001C600052404F00425030004252001C6000524F2DF373116157771002EEAFF0425E61F8A008B008C008D001F302A4619
:80D800003C464D46CE01D700274605240EF072465F309D009C009B009A0003007F2D6D0DEC5F3B311615A7467709BF730200C746BF730400D646BE730600F601DA00BA70020000294346A001D7002746042404F0022DB6730025FF73FE0F2201DB00FF71FE0F72465F309D009C009B009A0003008A008B008C008D001F302A463C464D4681
:80D88000CE01D700274605240EF072465F309D009C009B009A0003007F2D6D0DEC5F3B311615A746BF730200F601DA00A246823F823DD446C346A001D7002746042404F0012DB6730025FF73FE0F2201DB00FF71FE0F72465F309D009C009B009A0003008A00373114147E702400863F7970230061427E702600863F7A70250062423631ef
:80D90000561419462A46A5468A3D893D853F594295466D720100697202007D702800853F7970270051427D702A00853F7A702900524219462A46A5468A3D893D853F594295466D720300697204007D702C00853F7A702B0025425246823D6A7205006D7206007D702E00853F7F702D0075425746873D6F7207006D7208003673082B4573d3
:80D9800000259A00030037717770002E0CD037317809062D767200250300373178090B2D767200250300373178097270030000250300373170837771277303008A008B003B464A4640290027323156147201C80037315714B7733F2FA77300259B009A0003008A008B008C003C464B463A31561440290027A2467201C800373178097770ed
:80DA0000062E24F037315614012DAE720100002D7E72020037315714C7733F2DB67300259C009B009A000300A746002DAE720100DC1F03008A002A465001DB00A2463801DB002746530D0AF0350D1270002500270300240DF65F01250027470D04700225002703008A008B003A3172833B3100000610B946B7005A30A7713631FFFF670D3a
:80DA8000F0DF9B009A00030003007E040400400280003F311E153031020031311E1500250263100DFA2F3131020033317E09303156DB38310000310D0CF0027512632051F4DD1851F01F3E0186004601DB00323150DB3201DA00002500270029E8019E003401DA00000280000300F402DA00F402DA000F000200E2467E08823FF23D30317d
:80DB00007C09017101300173030030317C09017102220800002301737E09030041300173030030317C0900230173823F7209E244023180072E44030007000000FA1F080003000B000300CE0183006401DA0003007C01830003000000000000000200000092D403000000AED404000000C4D40800000082D5090000003A850A00000086D586
:80DB80000C00000096D50D000000B4D50E000000D2D505000100E0D80B000100E2D90F000100BCD9100001003A85110001003A851300010086D5020000003E85030000003E85070000003E85090000003E850D0000003E850E0000003E850F0001003E85100001003E850B0001003E8502000000D6D503000000FAD5070000002ED609005e
:80DC000000003A850D00000032D60E0000006AD60F000100AED9100001003A850B00010086D901020200200BA005A005280024000000000004AA050D0902A1018506A40920A100094209440945093C095A093215002501750195068102950281030501093027B0B0B0B047B1B1B1B16511550D751095018102093127B2B2B2B247B3B3B3a1
:80DC8000B38102450065005500050D093026C0C0751081020600FF095B16008026FF7F75108102050D095B170000008027FFFFFF7F752081020600FF0900750826FF0015008102050D093B81026514550016A6FF265A0036A6FF465A007508093D8102093E8102C0B485130600FF09C5960001B102C00611FF0902A101850BA40920A10024
:80DD0000094209440945093C095A093215002501750195068102950281030501093027B0B0B0B047B1B1B1B16511550D751095018102093127B2B2B2B247B3B3B3B38102450065005500050D093026C0C0751081020600FF095B16008026FF7F75108102050D095B170000008027FFFFFF7F752081020600FF0900750826FF0015008102d7
:80DD8000050D093B81026514550016A6FF265A0036A6FF465A007508093D8102093E8102C0B40600FF7508150026FF0085050900953A81028510090095148102850F090095288102850F09009507B102851109009509B102850509009508B10285100900963F00B102850B0900963F00B102C005010902A10185010901A1000509190129ff
:80DE0000021500250195027501810295017506810305010930093126FF7F751095028102C0C0050D0904A101850C9501750826FF001500810309548102050D0922A102094215002501750195018102810309478102950581037510095195018102050175109501550E6511093026A0A0350046A1A1810246A3A3093126A4A48102C0050D3d
:80DE80000922A102094215002501750195018102810309478102950581037510095195018102050175109501550E6511093026A0A0350046A1A1810246A3A3093126A4A48102C0050D0922A102094215002501750195018102810309478102950581037510095195018102050175109501550E6511093026A0A0350046A1A1810246A3A3bb
:80DF0000093126A4A48102C0050D0922A102094215002501750195018102810309478102950581037510095195018102050175109501550E6511093026A0A0350046A1A1810246A3A3093126A4A48102C0050D0922A102094215002501750195018102810309478102950581037510095195018102050175109501550E6511093026A0A009
:80DF8000350046A1A1810246A3A3093126A4A48102C0050D27FFFF00007510950109568102850C09557508950126FF00B102850A0600FF09C5960001B102C00611FF0911A1018503A10209007508150026FF0095278102C0850209009501B10285030900953FB10285040900950FB10285070900960001B10285080900968700B102850987
:80E000000900963F00B102850D09009507B102C0050D090EA101850E0923A102095209531500250A75089502B102C0C012010002000000406A051250030001020001010700000000040000000000000000000800000000000000400000000000000000000000000000004000000000000000000000000000000040000000000000000000f5
:80E080000000000000004000000000000000000000000100000080000000000000000000000000000000800000000000000000000000050D0904A101850C9501750826FF001500810309548102050D0922A102094215002501750195018102810309478102950581037510095195018102050175109501550E6511093026A0A0350046A1c5
:80E10000A1810246A3A3093126A4A48102C0050D0922A102094215002501750195018102810309478102950581037510095195018102050175109501550E6511093026A0A0350046A1A1810246A3A3093126A4A48102C0050D0922A102094215002501750195018102810309478102950581037510095195018102050175109501550E6507
:80E1800011093026A0A0350046A1A1810246A3A3093126A4A48102C0050D0922A102094215002501750195018102810309478102950581037510095195018102050175109501550E6511093026A0A0350046A1A1810246A3A3093126A4A48102C0050D0922A1020942150025017501950181028103094781029505810375100951950181a6
:80E2000002050175109501550E6511093026A0A0350046A1A1810246A3A3093126A4A48102C0050D27FFFF00007510950109568102850C09557508950126FF00B102850A0600FF09C5960001B102C00611FF0911A1018503A10209007508150026FF0095278102C0850209009501B10285030900953FB10285040900950FB10285070900a7
:80E28000960001B10285080900968700B10285090900963F00B102850D09009507B102C0050D090EA101850E0923A102095209531500250A75089502B102C0C0050D0902A1018506A40920A100094209440945093C095A093215002501750195068102950281030501093027B0B0B0B047B1B1B1B16511550D751095018102093127B2B25f
:80E30000B2B247B3B3B3B38102450065005500050D093026C0C0751081020600FF095B16008026FF7F75108102050D095B170000008027FFFFFF7F752081020600FF0900750826FF0015008102050D093B81026514550016A6FF265A0036A6FF465A007508093D8102093E8102C0B485130600FF09C5960001B102C00611FF0902A1018552
:80E380000BA40920A100094209440945093C095A093215002501750195068102950281030501093027B0B0B0B047B1B1B1B16511550D751095018102093127B2B2B2B247B3B3B3B38102450065005500050D093026C0C0751081020600FF095B16008026FF7F75108102050D095B170000008027FFFFFF7F752081020600FF09007508266f
:80E40000FF0015008102050D093B81026514550016A6FF265A0036A6FF465A007508093D8102093E8102C0B40600FF7508150026FF0085050900953A81028510090095148102850F090095288102850F09009507B102851109009509B102850509009508B10285100900963F00B102850B0900963F00B102C005010902A10185010901A132
:80E48000000509190129021500250195027501810295017506810305010930093126FF7F751095028102C0C0F6031E000001F60302000300400000000000040005006A0512500300000000000A000200060000000000FFFFFFFFFFFFFFFFFFFFFFFFFFFFFFFFFFFFFFFFFFFFFFFFFFFFFFFFFFFFFFFFFFFFFFFFFFFFFFFFFFFFFFFFFFFF16
:80E50000FFFFFFFFFFFFFFFFFFFFFFFFFFFFFFFFFFFFFFFFFFFFFFFFFFFFFFFFFFFFFFFFFFFFFFFFFFFFFFFFFFFFFFFFFFFFFFFFFFFFFFFFFFFFFFFFFFFFFFFFFFFFFFFFFFFFFFFFFFFFFFFFFFFFFFFFFFFFFFFFFFFFFFFFFFFFFFFFFFFFFFFFFFFFFFFFFFFFFFFFFFFFFFFFFFFFFFFFFFFFFFFFFFFFFFFFFFFFFFFFFFFFFFFFFFFFFFFF1b
:80E58000FFFFFFFFFFFFFFFFFFFFFFFFFFFFFFFFFFFFFFFFFFFFFFFFFFFFFFFFFFFFFFFFFFFFFFFFFFFFFFFFFFFFFFFFFFFFFFFFFFFFFFFFFFFFFFFFFFFFFFFFFFFFFFFFFFFFFFFFFFFFFFFFFFFFFFFFFFFFFFFFFFFFFFFFFFFFFFFFFFFFFFFFFFFFFFFFFFFFFFFFFFFFFFFFFFFFFFFFFFFFFFFFFFFFFFFFFFFFFFFFFFFFFFFFFFFFFFFF9b
:80E60000FFFFFFFFFFFFFFFFFFFFFFFFFFFFFFFFFFFFFFFFFFFFFFFFFFFFFFFFFFFFFFFFFFFFFFFFFFFFFFFFFFFFFFFFFFFFFFFFFFFFFFFFFFFFFFFFFFFFFFFFFFFFFFFFFFFFFFFFFFFFFFFFFFFFFFFFFFFFFFFFFFFFFFFFFFFFFFFFFFFFFFFFFFFFFFFFFFFFFFFFFFFFFFFFFFFFFFFFFFFFFFFFFFFFFFFFFFFFFFFFFFFFFFFFFFFFFFFF1a
:80E68000FFFFFFFFFFFFFFFFFFFFFFFFFFFFFFFFFFFFFFFFFFFFFFFFFFFFFFFFFFFFFFFFFFFFFFFFFFFFFFFFFFFFFFFFFFFFFFFFFFFFFFFFFFFFFFFFFFFFFFFFFFFFFFFFFFFFFFFFFFFFFFFFFFFFFFFFFFFFFFFFFFFFFFFFFFFFFFFFFFFFFFFFFFFFFFFFFFFFFFFFFFFFFFFFFFFFFFFFFFFFFFFFFFFFFFFFFFFFFFFFFFFFFFFFFFFFFFFF9a
:80E70000FFFFFFFFFFFFFFFFFFFFFFFFFFFFFFFFFFFFFFFFFFFFFFFFFFFFFFFFFFFFFFFFFFFFFFFFFFFFFFFFFFFFFFFFFFFFFFFFFFFFFFFFFFFFFFFFFFFFFFFFFFFFFFFFFFFFFFFFFFFFFFFFFFFFFFFFFFFFFFFFFFFFFFFFFFFFFFFFFFFFFFFFFFFFFFFFFFFFFFFFFFFFFFFFFFFFFFFFFFFFFFFFFFFFFFFFFFFFFFFFFFFFFFFFFFFFFFFF19
:80E78000FFFFFFFFFFFFFFFFFFFFFFFFFFFFFFFFFFFFFFFFFFFFFFFFFFFFFFFFFFFFFFFFFFFFFFFFFFFFFFFFFFFFFFFFFFFFFFFFFFFFFFFFFFFFFFFFFFFFFFFFFFFFFFFFFFFFFFFFFFFFFFFFFFFFFFFFFFFFFFFFFFFFFFFFFFFFFFFFFFFFFFFFFFFFFFFFFFFFFFFFFFFFFFFFFFFFFFFFFFFFFFFFFFFFFFFFFFFFFFFFFFFFFFFFFFFFFFFF99
:80E80000FFFFFFFFFFFFFFFFFFFFFFFFFFFFFFFFFFFFFFFFFFFFFFFFFFFFFFFFFFFFFFFFFFFFFFFFFFFFFFFFFFFFFFFFFFFFFFFFFFFFFFFFFFFFFFFFFFFFFFFFFFFFFFFFFFFFFFFFFFFFFFFFFFFFFFFFFFFFFFFFFFFFFFFFFFFFFFFFFFFFFFFFFFFFFFFFFFFFFFFFFFFFFFFFFFFFFFFFFFFFFFFFFFFFFFFFFFFFFFFFFFFFFFFFFFFFFFFF18
:80E88000FFFFFFFFFFFFFFFFFFFFFFFFFFFFFFFFFFFFFFFFFFFFFFFFFFFFFFFFFFFFFFFFFFFFFFFFFFFFFFFFFFFFFFFFFFFFFFFFFFFFFFFFFFFFFFFFFFFFFFFFFFFFFFFFFFFFFFFFFFFFFFFFFFFFFFFFFFFFFFFFFFFFFFFFFFFFFFFFFFFFFFFFFFFFFFFFFFFFFFFFFFFFFFFFFFFFFFFFFFFFFFFFFFFFFFFFFFFFFFFFFFFFFFFFFFFFFFFF98
:80E90000FFFFFFFFFFFFFFFFFFFFFFFFFFFFFFFFFFFFFFFFFFFFFFFFFFFFFFFFFFFFFFFFFFFFFFFFFFFFFFFFFFFFFFFFFFFFFFFFFFFFFFFFFFFFFFFFFFFFFFFFFFFFFFFFFFFFFFFFFFFFFFFFFFFFFFFFFFFFFFFFFFFFFFFFFFFFFFFFFFFFFFFFFFFFFFFFFFFFFFFFFFFFFFFFFFFFFFFFFFFFFFFFFFFFFFFFFFFFFFFFFFFFFFFFFFFFFFFF17
:80E98000FFFFFFFFFFFFFFFFFFFFFFFFFFFFFFFFFFFFFFFFFFFFFFFFFFFFFFFFFFFFFFFFFFFFFFFFFFFFFFFFFFFFFFFFFFFFFFFFFFFFFFFFFFFFFFFFFFFFFFFFFFFFFFFFFFFFFFFFFFFFFFFFFFFFFFFFFFFFFFFFFFFFFFFFFFFFFFFFFFFFFFFFFFFFFFFFFFFFFFFFFFFFFFFFFFFFFFFFFFFFFFFFFFFFFFFFFFFFFFFFFFFFFFFFFFFFFFFF97
:80EA0000FFFFFFFFFFFFFFFFFFFFFFFFFFFFFFFFFFFFFFFFFFFFFFFFFFFFFFFFFFFFFFFFFFFFFFFFFFFFFFFFFFFFFFFFFFFFFFFFFFFFFFFFFFFFFFFFFFFFFFFFFFFFFFFFFFFFFFFFFFFFFFFFFFFFFFFFFFFFFFFFFFFFFFFFFFFFFFFFFFFFFFFFFFFFFFFFFFFFFFFFFFFFFFFFFFFFFFFFFFFFFFFFFFFFFFFFFFFFFFFFFFFFFFFFFFFFFFFF16
:80EA8000FFFFFFFFFFFFFFFFFFFFFFFFFFFFFFFFFFFFFFFFFFFFFFFFFFFFFFFFFFFFFFFFFFFFFFFFFFFFFFFFFFFFFFFFFFFFFFFFFFFFFFFFFFFFFFFFFFFFFFFFFFFFFFFFFFFFFFFFFFFFFFFFFFFFFFFFFFFFFFFFFFFFFFFFFFFFFFFFFFFFFFFFFFFFFFFFFFFFFFFFFFFFFFFFFFFFFFFFFFFFFFFFFFFFFFFFFFFFFFFFFFFFFFFFFFFFFFFF96
:80EB0000FFFFFFFFFFFFFFFFFFFFFFFFFFFFFFFFFFFFFFFFFFFFFFFFFFFFFFFFFFFFFFFFFFFFFFFFFFFFFFFFFFFFFFFFFFFFFFFFFFFFFFFFFFFFFFFFFFFFFFFFFFFFFFFFFFFFFFFFFFFFFFFFFFFFFFFFFFFFFFFFFFFFFFFFFFFFFFFFFFFFFFFFFFFFFFFFFFFFFFFFFFFFFFFFFFFFFFFFFFFFFFFFFFFFFFFFFFFFFFFFFFFFFFFFFFFFFFFF15
:80EB8000FFFFFFFFFFFFFFFFFFFFFFFFFFFFFFFFFFFFFFFFFFFFFFFFFFFFFFFFFFFFFFFFFFFFFFFFFFFFFFFFFFFFFFFFFFFFFFFFFFFFFFFFFFFFFFFFFFFFFFFFFFFFFFFFFFFFFFFFFFFFFFFFFFFFFFFFFFFFFFFFFFFFFFFFFFFFFFFFFFFFFFFFFFFFFFFFFFFFFFFFFFFFFFFFFFFFFFFFFFFFFFFFFFFFFFFFFFFFFFFFFFFFFFFFFFFFFFFF95
:80EC0000FFFFFFFFFFFFFFFFFFFFFFFFFFFFFFFFFFFFFFFFFFFFFFFFFFFFFFFFFFFFFFFFFFFFFFFFFFFFFFFFFFFFFFFFFFFFFFFFFFFFFFFFFFFFFFFFFFFFFFFFFFFFFFFFFFFFFFFFFFFFFFFFFFFFFFFFFFFFFFFFFFFFFFFFFFFFFFFFFFFFFFFFFFFFFFFFFFFFFFFFFFFFFFFFFFFFFFFFFFFFFFFFFFFFFFFFFFFFFFFFFFFFFFFFFFFFFFFF14
:80EC8000FFFFFFFFFFFFFFFFFFFFFFFFFFFFFFFFFFFFFFFFFFFFFFFFFFFFFFFFFFFFFFFFFFFFFFFFFFFFFFFFFFFFFFFFFFFFFFFFFFFFFFFFFFFFFFFFFFFFFFFFFFFFFFFFFFFFFFFFFFFFFFFFFFFFFFFFFFFFFFFFFFFFFFFFFFFFFFFFFFFFFFFFFFFFFFFFFFFFFFFFFFFFFFFFFFFFFFFFFFFFFFFFFFFFFFFFFFFFFFFFFFFFFFFFFFFFFFFF94
:80ED0000FFFFFFFFFFFFFFFFFFFFFFFFFFFFFFFFFFFFFFFFFFFFFFFFFFFFFFFFFFFFFFFFFFFFFFFFFFFFFFFFFFFFFFFFFFFFFFFFFFFFFFFFFFFFFFFFFFFFFFFFFFFFFFFFFFFFFFFFFFFFFFFFFFFFFFFFFFFFFFFFFFFFFFFFFFFFFFFFFFFFFFFFFFFFFFFFFFFFFFFFFFFFFFFFFFFFFFFFFFFFFFFFFFFFFFFFFFFFFFFFFFFFFFFFFFFFFFFF13
:80ED8000FFFFFFFFFFFFFFFFFFFFFFFFFFFFFFFFFFFFFFFFFFFFFFFFFFFFFFFFFFFFFFFFFFFFFFFFFFFFFFFFFFFFFFFFFFFFFFFFFFFFFFFFFFFFFFFFFFFFFFFFFFFFFFFFFFFFFFFFFFFFFFFFFFFFFFFFFFFFFFFFFFFFFFFFFFFFFFFFFFFFFFFFFFFFFFFFFFFFFFFFFFFFFFFFFFFFFFFFFFFFFFFFFFFFFFFFFFFFFFFFFFFFFFFFFFFFFFFF93
:80EE0000FFFFFFFFFFFFFFFFFFFFFFFFFFFFFFFFFFFFFFFFFFFFFFFFFFFFFFFFFFFFFFFFFFFFFFFFFFFFFFFFFFFFFFFFFFFFFFFFFFFFFFFFFFFFFFFFFFFFFFFFFFFFFFFFFFFFFFFFFFFFFFFFFFFFFFFFFFFFFFFFFFFFFFFFFFFFFFFFFFFFFFFFFFFFFFFFFFFFFFFFFFFFFFFFFFFFFFFFFFFFFFFFFFFFFFFFFFFFFFFFFFFFFFFFFFFFFFFF12
:80EE8000FFFFFFFFFFFFFFFFFFFFFFFFFFFFFFFFFFFFFFFFFFFFFFFFFFFFFFFFFFFFFFFFFFFFFFFFFFFFFFFFFFFFFFFFFFFFFFFFFFFFFFFFFFFFFFFFFFFFFFFFFFFFFFFFFFFFFFFFFFFFFFFFFFFFFFFFFFFFFFFFFFFFFFFFFFFFFFFFFFFFFFFFFFFFFFFFFFFFFFFFFFFFFFFFFFFFFFFFFFFFFFFFFFFFFFFFFFFFFFFFFFFFFFFFFFFFFFFF92
:80EF0000FFFFFFFFFFFFFFFFFFFFFFFFFFFFFFFFFFFFFFFFFFFFFFFFFFFFFFFFFFFFFFFFFFFFFFFFFFFFFFFFFFFFFFFFFFFFFFFFFFFFFFFFFFFFFFFFFFFFFFFFFFFFFFFFFFFFFFFFFFFFFFFFFFFFFFFFFFFFFFFFFFFFFFFFFFFFFFFFFFFFFFFFFFFFFFFFFFFFFFFFFFFFFFFFFFFFFFFFFFFFFFFFFFFFFFFFFFFFFFFFFFFFFFFFFFFFFFFF11
:80EF8000FFFFFFFFFFFFFFFFFFFFFFFFFFFFFFFFFFFFFFFFFFFFFFFFFFFFFFFFFFFFFFFFFFFFFFFFFFFFFFFFFFFFFFFFFFFFFFFFFFFFFFFFFFFFFFFFFFFFFFFFFFFFFFFFFFFFFFFFFFFFFFFFFFFFFFFFFFFFFFFFFFFFFFFFFFFFFFFFFFFFFFFFFFFFFFFFFFFFFFFFFFFFFFFFFFFFFFFFFFFFFFFFFFFFFFFFFFFFFFFFFFFFFFFFFFFFFFFF91
:80F00000FFFFFFFFFFFFFFFFFFFFFFFFFFFFFFFFFFFFFFFFFFFFFFFFFFFFFFFFFFFFFFFFFFFFFFFFFFFFFFFFFFFFFFFFFFFFFFFFFFFFFFFFFFFFFFFFFFFFFFFFFFFFFFFFFFFFFFFFFFFFFFFFFFFFFFFFFFFFFFFFFFFFFFFFFFFFFFFFFFFFFFFFFFFFFFFFFFFFFFFFFFFFFFFFFFFFFFFFFFFFFFFFFFFFFFFFFFFFFFFFFFFFFFFFFFFFFFFF10
:80F08000FFFFFFFFFFFFFFFFFFFFFFFFFFFFFFFFFFFFFFFFFFFFFFFFFFFFFFFFFFFFFFFFFFFFFFFFFFFFFFFFFFFFFFFFFFFFFFFFFFFFFFFFFFFFFFFFFFFFFFFFFFFFFFFFFFFFFFFFFFFFFFFFFFFFFFFFFFFFFFFFFFFFFFFFFFFFFFFFFFFFFFFFFFFFFFFFFFFFFFFFFFFFFFFFFFFFFFFFFFFFFFFFFFFFFFFFFFFFFFFFFFFFFFFFFFFFFFFF90
:80F10000FFFFFFFFFFFFFFFFFFFFFFFFFFFFFFFFFFFFFFFFFFFFFFFFFFFFFFFFFFFFFFFFFFFFFFFFFFFFFFFFFFFFFFFFFFFFFFFFFFFFFFFFFFFFFFFFFFFFFFFFFFFFFFFFFFFFFFFFFFFFFFFFFFFFFFFFFFFFFFFFFFFFFFFFFFFFFFFFFFFFFFFFFFFFFFFFFFFFFFFFFFFFFFFFFFFFFFFFFFFFFFFFFFFFFFFFFFFFFFFFFFFFFFFFFFFFFFFF0f
:80F18000FFFFFFFFFFFFFFFFFFFFFFFFFFFFFFFFFFFFFFFFFFFFFFFFFFFFFFFFFFFFFFFFFFFFFFFFFFFFFFFFFFFFFFFFFFFFFFFFFFFFFFFFFFFFFFFFFFFFFFFFFFFFFFFFFFFFFFFFFFFFFFFFFFFFFFFFFFFFFFFFFFFFFFFFFFFFFFFFFFFFFFFFFFFFFFFFFFFFFFFFFFFFFFFFFFFFFFFFFFFFFFFFFFFFFFFFFFFFFFFFFFFFFFFFFFFFFFFF8f
:80F20000FFFFFFFFFFFFFFFFFFFFFFFFFFFFFFFFFFFFFFFFFFFFFFFFFFFFFFFFFFFFFFFFFFFFFFFFFFFFFFFFFFFFFFFFFFFFFFFFFFFFFFFFFFFFFFFFFFFFFFFFFFFFFFFFFFFFFFFFFFFFFFFFFFFFFFFFFFFFFFFFFFFFFFFFFFFFFFFFFFFFFFFFFFFFFFFFFFFFFFFFFFFFFFFFFFFFFFFFFFFFFFFFFFFFFFFFFFFFFFFFFFFFFFFFFFFFFFFF0e
:80F28000FFFFFFFFFFFFFFFFFFFFFFFFFFFFFFFFFFFFFFFFFFFFFFFFFFFFFFFFFFFFFFFFFFFFFFFFFFFFFFFFFFFFFFFFFFFFFFFFFFFFFFFFFFFFFFFFFFFFFFFFFFFFFFFFFFFFFFFFFFFFFFFFFFFFFFFFFFFFFFFFFFFFFFFFFFFFFFFFFFFFFFFFFFFFFFFFFFFFFFFFFFFFFFFFFFFFFFFFFFFFFFFFFFFFFFFFFFFFFFFFFFFFFFFFFFFFFFFF8e
:80F30000FFFFFFFFFFFFFFFFFFFFFFFFFFFFFFFFFFFFFFFFFFFFFFFFFFFFFFFFFFFFFFFFFFFFFFFFFFFFFFFFFFFFFFFFFFFFFFFFFFFFFFFFFFFFFFFFFFFFFFFFFFFFFFFFFFFFFFFFFFFFFFFFFFFFFFFFFFFFFFFFFFFFFFFFFFFFFFFFFFFFFFFFFFFFFFFFFFFFFFFFFFFFFFFFFFFFFFFFFFFFFFFFFFFFFFFFFFFFFFFFFFFFFFFFFFFFFFFF0d
:80F38000FFFFFFFFFFFFFFFFFFFFFFFFFFFFFFFFFFFFFFFFFFFFFFFFFFFFFFFFFFFFFFFFFFFFFFFFFFFFFFFFFFFFFFFFFFFFFFFFFFFFFFFFFFFFFFFFFFFFFFFFFFFFFFFFFFFFFFFFFFFFFFFFFFFFFFFFFFFFFFFFFFFFFFFFFFFFFFFFFFFFFFFFFFFFFFFFFFFFFFFFFFFFFFFFFFFFFFFFFFFFFFFFFFFFFFFFFFFFFFFFFFFFFFFFFFFFFFFF8d
:80F40000FFFFFFFFFFFFFFFFFFFFFFFFFFFFFFFFFFFFFFFFFFFFFFFFFFFFFFFFFFFFFFFFFFFFFFFFFFFFFFFFFFFFFFFFFFFFFFFFFFFFFFFFFFFFFFFFFFFFFFFFFFFFFFFFFFFFFFFFFFFFFFFFFFFFFFFFFFFFFFFFFFFFFFFFFFFFFFFFFFFFFFFFFFFFFFFFFFFFFFFFFFFFFFFFFFFFFFFFFFFFFFFFFFFFFFFFFFFFFFFFFFFFFFFFFFFFFFFF0c
:80F48000FFFFFFFFFFFFFFFFFFFFFFFFFFFFFFFFFFFFFFFFFFFFFFFFFFFFFFFFFFFFFFFFFFFFFFFFFFFFFFFFFFFFFFFFFFFFFFFFFFFFFFFFFFFFFFFFFFFFFFFFFFFFFFFFFFFFFFFFFFFFFFFFFFFFFFFFFFFFFFFFFFFFFFFFFFFFFFFFFFFFFFFFFFFFFFFFFFFFFFFFFFFFFFFFFFFFFFFFFFFFFFFFFFFFFFFFFFFFFFFFFFFFFFFFFFFFFFFF8c
:80F50000FFFFFFFFFFFFFFFFFFFFFFFFFFFFFFFFFFFFFFFFFFFFFFFFFFFFFFFFFFFFFFFFFFFFFFFFFFFFFFFFFFFFFFFFFFFFFFFFFFFFFFFFFFFFFFFFFFFFFFFFFFFFFFFFFFFFFFFFFFFFFFFFFFFFFFFFFFFFFFFFFFFFFFFFFFFFFFFFFFFFFFFFFFFFFFFFFFFFFFFFFFFFFFFFFFFFFFFFFFFFFFFFFFFFFFFFFFFFFFFFFFFFFFFFFFFFFFFF0b
:80F58000FFFFFFFFFFFFFFFFFFFFFFFFFFFFFFFFFFFFFFFFFFFFFFFFFFFFFFFFFFFFFFFFFFFFFFFFFFFFFFFFFFFFFFFFFFFFFFFFFFFFFFFFFFFFFFFFFFFFFFFFFFFFFFFFFFFFFFFFFFFFFFFFFFFFFFFFFFFFFFFFFFFFFFFFFFFFFFFFFFFFFFFFFFFFFFFFFFFFFFFFFFFFFFFFFFFFFFFFFFFFFFFFFFFFFFFFFFFFFFFFFFFFFFFFFFFFFFFF8b
:80F60000FFFFFFFFFFFFFFFFFFFFFFFFFFFFFFFFFFFFFFFFFFFFFFFFFFFFFFFFFFFFFFFFFFFFFFFFFFFFFFFFFFFFFFFFFFFFFFFFFFFFFFFFFFFFFFFFFFFFFFFFFFFFFFFFFFFFFFFFFFFFFFFFFFFFFFFFFFFFFFFFFFFFFFFFFFFFFFFFFFFFFFFFFFFFFFFFFFFFFFFFFFFFFFFFFFFFFFFFFFFFFFFFFFFFFFFFFFFFFFFFFFFFFFFFFFFFFFFF0a
:80F68000FFFFFFFFFFFFFFFFFFFFFFFFFFFFFFFFFFFFFFFFFFFFFFFFFFFFFFFFFFFFFFFFFFFFFFFFFFFFFFFFFFFFFFFFFFFFFFFFFFFFFFFFFFFFFFFFFFFFFFFFFFFFFFFFFFFFFFFFFFFFFFFFFFFFFFFFFFFFFFFFFFFFFFFFFFFFFFFFFFFFFFFFFFFFFFFFFFFFFFFFFFFFFFFFFFFFFFFFFFFFFFFFFFFFFFFFFFFFFFFFFFFFFFFFFFFFFFFF8a
:80F70000FFFFFFFFFFFFFFFFFFFFFFFFFFFFFFFFFFFFFFFFFFFFFFFFFFFFFFFFFFFFFFFFFFFFFFFFFFFFFFFFFFFFFFFFFFFFFFFFFFFFFFFFFFFFFFFFFFFFFFFFFFFFFFFFFFFFFFFFFFFFFFFFFFFFFFFFFFFFFFFFFFFFFFFFFFFFFFFFFFFFFFFFFFFFFFFFFFFFFFFFFFFFFFFFFFFFFFFFFFFFFFFFFFFFFFFFFFFFFFFFFFFFFFFFFFFFFFFF09
:80F78000FFFFFFFFFFFFFFFFFFFFFFFFFFFFFFFFFFFFFFFFFFFFFFFFFFFFFFFFFFFFFFFFFFFFFFFFFFFFFFFFFFFFFFFFFFFFFFFFFFFFFFFFFFFFFFFFFFFFFFFFFFFFFFFFFFFFFFFFFFFFFFFFFFFFFFFFFFFFFFFFFFFFFFFFFFFFFFFFFFFFFFFFFFFFFFFFFFFFFFFFFFFFFFFFFFFFFFFFFFFFFFFFFFFFFFFFFFFFFFFFFFFFFFFFFFFFFFFF89
:80F80000FFFFFFFFFFFFFFFFFFFFFFFFFFFFFFFFFFFFFFFFFFFFFFFFFFFFFFFFFFFFFFFFFFFFFFFFFFFFFFFFFFFFFFFFFFFFFFFFFFFFFFFFFFFFFFFFFFFFFFFFFFFFFFFFFFFFFFFFFFFFFFFFFFFFFFFFFFFFFFFFFFFFFFFFFFFFFFFFFFFFFFFFFFFFFFFFFFFFFFFFFFFFFFFFFFFFFFFFFFFFFFFFFFFFFFFFFFFFFFFFFFFFFFFFFFFFFFFF08
:80F88000FFFFFFFFFFFFFFFFFFFFFFFFFFFFFFFFFFFFFFFFFFFFFFFFFFFFFFFFFFFFFFFFFFFFFFFFFFFFFFFFFFFFFFFFFFFFFFFFFFFFFFFFFFFFFFFFFFFFFFFFFFFFFFFFFFFFFFFFFFFFFFFFFFFFFFFFFFFFFFFFFFFFFFFFFFFFFFFFFFFFFFFFFFFFFFFFFFFFFFFFFFFFFFFFFFFFFFFFFFFFFFFFFFFFFFFFFFFFFFFFFFFFFFFFFFFFFFFF88
:80F90000FFFFFFFFFFFFFFFFFFFFFFFFFFFFFFFFFFFFFFFFFFFFFFFFFFFFFFFFFFFFFFFFFFFFFFFFFFFFFFFFFFFFFFFFFFFFFFFFFFFFFFFFFFFFFFFFFFFFFFFFFFFFFFFFFFFFFFFFFFFFFFFFFFFFFFFFFFFFFFFFFFFFFFFFFFFFFFFFFFFFFFFFFFFFFFFFFFFFFFFFFFFFFFFFFFFFFFFFFFFFFFFFFFFFFFFFFFFFFFFFFFFFFFFFFFFFFFFF07
:80F98000FFFFFFFFFFFFFFFFFFFFFFFFFFFFFFFFFFFFFFFFFFFFFFFFFFFFFFFFFFFFFFFFFFFFFFFFFFFFFFFFFFFFFFFFFFFFFFFFFFFFFFFFFFFFFFFFFFFFFFFFFFFFFFFFFFFFFFFFFFFFFFFFFFFFFFFFFFFFFFFFFFFFFFFFFFFFFFFFFFFFFFFFFFFFFFFFFFFFFFFFFFFFFFFFFFFFFFFFFFFFFFFFFFFFFFFFFFFFFFFFFFFFFFFFFFFFFFFF87
:80FA0000FFFFFFFFFFFFFFFFFFFFFFFFFFFFFFFFFFFFFFFFFFFFFFFFFFFFFFFFFFFFFFFFFFFFFFFFFFFFFFFFFFFFFFFFFFFFFFFFFFFFFFFFFFFFFFFFFFFFFFFFFFFFFFFFFFFFFFFFFFFFFFFFFFFFFFFFFFFFFFFFFFFFFFFFFFFFFFFFFFFFFFFFFFFFFFFFFFFFFFFFFFFFFFFFFFFFFFFFFFFFFFFFFFFFFFFFFFFFFFFFFFFFFFFFFFFFFFFF06
:80FA8000FFFFFFFFFFFFFFFFFFFFFFFFFFFFFFFFFFFFFFFFFFFFFFFFFFFFFFFFFFFFFFFFFFFFFFFFFFFFFFFFFFFFFFFFFFFFFFFFFFFFFFFFFFFFFFFFFFFFFFFFFFFFFFFFFFFFFFFFFFFFFFFFFFFFFFFFFFFFFFFFFFFFFFFFFFFFFFFFFFFFFFFFFFFFFFFFFFFFFFFFFFFFFFFFFFFFFFFFFFFFFFFFFFFFFFFFFFFFFFFFFFFFFFFFFFFFFFFF86
:80FB0000FFFFFFFFFFFFFFFFFFFFFFFFFFFFFFFFFFFFFFFFFFFFFFFFFFFFFFFFFFFFFFFFFFFFFFFFFFFFFFFFFFFFFFFFFFFFFFFFFFFFFFFFFFFFFFFFFFFFFFFFFFFFFFFFFFFFFFFFFFFFFFFFFFFFFFFFFFFFFFFFFFFFFFFFFFFFFFFFFFFFFFFFFFFFFFFFFFFFFFFFFFFFFFFFFFFFFFFFFFFFFFFFFFFFFFFFFFFFFFFFFFFFFFFFFFFFFFFF05
:80FB8000FFFFFFFFFFFFFFFFFFFFFFFFFFFFFFFFFFFFFFFFFFFFFFFFFFFFFFFFFFFFFFFFFFFFFFFFFFFFFFFFFFFFFFFFFFFFFFFFFFFFFFFFFFFFFFFFFFFFFFFFFFFFFFFFFFFFFFFFFFFFFFFFFFFFFFFFFFFFFFFFFFFFFFFFFFFFFFFFFFFFFFFFFFFFFFFFFFFFFFFFFFFFFFFFFFFFFFFFFFFFFFFFFFFFFFFFFFFFFFFFFFFFFFFFFFFFFFFF85
:80FC0000FFFFFFFFFFFFFFFFFFFFFFFFFFFFFFFFFFFFFFFFFFFFFFFFFFFFFFFFFFFFFFFFFFFFFFFFFFFFFFFFFFFFFFFFFFFFFFFFFFFFFFFFFFFFFFFFFFFFFFFFFFFFFFFFFFFFFFFFFFFFFFFFFFFFFFFFFFFFFFFFFFFFFFFFFFFFFFFFFFFFFFFFFFFFFFFFFFFFFFFFFFFFFFFFFFFFFFFFFFFFFFFFFFFFFFFFFFFFFFFFFFFFFFFFFFFFFFFF04
:80FC8000FFFFFFFFFFFFFFFFFFFFFFFFFFFFFFFFFFFFFFFFFFFFFFFFFFFFFFFFFFFFFFFFFFFFFFFFFFFFFFFFFFFFFFFFFFFFFFFFFFFFFFFFFFFFFFFFFFFFFFFFFFFFFFFFFFFFFFFFFFFFFFFFFFFFFFFFFFFFFFFFFFFFFFFFFFFFFFFFFFFFFFFFFFFFFFFFFFFFFFFFFFFFFFFFFFFFFFFFFFFFFFFFFFFFFFFFFFFFFFFFFFFFFFFFFFFFFFFF84
:80FD0000FFFFFFFFFFFFFFFFFFFFFFFFFFFFFFFFFFFFFFFFFFFFFFFFFFFFFFFFFFFFFFFFFFFFFFFFFFFFFFFFFFFFFFFFFFFFFFFFFFFFFFFFFFFFFFFFFFFFFFFFFFFFFFFFFFFFFFFFFFFFFFFFFFFFFFFFFFFFFFFFFFFFFFFFFFFFFFFFFFFFFFFFFFFFFFFFFFFFFFFFFFFFFFFFFFFFFFFFFFFFFFFFFFFFFFFFFFFFFFFFFFFFFFFFFFFFFFFF03
:80FD8000FFFFFFFFFFFFFFFFFFFFFFFFFFFFFFFFFFFFFFFFFFFFFFFFFFFFFFFFFFFFFFFFFFFFFFFFFFFFFFFFFFFFFFFFFFFFFFFFFFFFFFFFFFFFFFFFFFFFFFFFFFFFFFFFFFFFFFFFFFFFFFFFFFFFFFFFFFFFFFFFFFFFFFFFFFFFFFFFFFFFFFFFFFFFFFFFFFFFFFFFFFFFFFFFFFFFFFFFFFFFFFFFFFFFFFFFFFFFFFFFFFFFFFFFFFFFFFFF83
:80FE0000FFFFFFFFFFFFFFFFFFFFFFFFFFFFFFFFFFFFFFFFFFFFFFFFFFFFFFFFFFFFFFFFFFFFFFFFFFFFFFFFFFFFFFFFFFFFFFFFFFFFFFFFFFFFFFFFFFFFFFFFFFFFFFFFFFFFFFFFFFFFFFFFFFFFFFFFFFFFFFFFFFFFFFFFFFFFFFFFFFFFFFFFFFFFFFFFFFFFFFFFFFFFFFFFFFFFFFFFFFFFFFFFFFFFFFFFFFFFFFFFFFFFFFFFFFFFFFFF02
:80FE8000FFFFFFFFFFFFFFFFFFFFFFFFFFFFFFFFFFFFFFFFFFFFFFFFFFFFFFFFFFFFFFFFFFFFFFFFFFFFFFFFFFFFFFFFFFFFFFFFFFFFFFFFFFFFFFFFFFFFFFFFFFFFFFFFFFFFFFFFFFFFFFFFFFFFFFFFFFFFFFFFFFFFFFFFFFFFFFFFFFFFFFFFFFFFFFFFFFFFFFFFFFFFFFFFFFFFFFFFFFFFFFFFFFFFFFFFFFFFFFFFFFFFFFFFFFFFFFFF82
:80FF0000FFFFFFFFFFFFFFFFFFFFFFFFFFFFFFFFFFFFFFFFFFFFFFFFFFFFFFFFFFFFFFFFFFFFFFFFFFFFFFFFFFFFFFFFFFFFFFFFFFFFFFFFFFFFFFFFFFFFFFFFFFFFFFFFFFFFFFFFFFFFFFFFFFFFFFFFFFFFFFFFFFFFFFFFFFFFFFFFFFFFFFFFFFFFFFFFFFFFFFFFFFFFFFFFFFFFFFFFFFFFFFFFFFFFFFFFFFFFFFFFFFFFFFFFFFFFFFFF01
:80FF8000FFFFFFFFFFFFFFFFFFFFFFFFFFFFFFFFFFFFFFFFFFFFFFFFFFFFFFFFFFFFFFFFFFFFFFFFFFFFFFFFFFFFFFFFFFFFFFFFFFFFFFFFFFFFFFFFFFFFFFFFFFFFFFFFFFFFFFFFFFFFFFFFFFFFFFFFFFFFFFFFFFFFFFFFFFFFFFFFFFFFFFFFFFFFFFFFFFFFFFFFFFFFFFFFFFFFFFFFFFFFFFFFFFFFFFFFFFFFFFFFFFFFFFFFFFFFFFFF81
;
;***********************************************
;* Main FW for ARM core
;***********************************************
:020000021000EC
:80400000386B0020B9780100C1780100C5780100C9780100CD780100D178010000000000000000000000000000000000D5780100D978010000000000DD780100E1780100E5780100E9780100ED7801007D370100F1780100F5780100BB370100F9780100FD78010001790100F13701000579010009790100193801000D7901001179010019
:80408000D93D01000F3F01004B4001001D42010015790100197901001D7901002179010025790100297901002D790100000000001B370100AD360100DFF8440E0021C0F8C81D0121C0F8CC1D7047000030B402465FF01903DFF8284E04EB420494F88C5DFF2D05D184F88C0D84F88D1D30BC7047521C192A28BF00225B1EEBD130BC704799
:8041000070B40346FF221924DFF8F45D05EB430595F88C6D864207D1C9B221B995F88D2D70BC10467047491E5B1C192B28BF0023641EE9D170BC1046704700002DE9FD4F94B0C88809904889079088880A90088908909DF85000401C049009980128A4BF401E0990DFF89C1D07980968491E8842BCBF401C07900A980128A4BF401E0A9050
:80418000DFF8881E08980968491E8842BCBF401C08909DF858000628A4BF05208DF858009DF85810DFF8588D00204FF0000A002900F0A880159B03914A1E08F6986508F62856197808EB81014F68B7F91C100129B8BF01214024B4FBF1F12980DFF8304EB7F93210B4F84240A142B8BF21464FF4005494FBF1F189B201B901213180DFF8b4
:80420000104EB7F93010B4F84440A142B8BF21464FF4005494FBF1F189B201B90121B18000F1010C03998C4563DA159940189646401C08EB8A0101F664515FEACE7419D5047808EB8404BAF10A0F64680EDAB7F948B0B4F94890A9EB0B09A1F80090B4F94A40B7F94A90A4EB09044C800AF1010A091D401C5FEA5E0400F03B8090F800E04a
:8042800008EB8E0EBAF10A0FDEF804E00FDAB7F948B0BEF94890A9EB0B09A1F80090BEF94AE0B7F94A90AEEB090EA1F802E00AF1010E90F8019008EB8909BEF10A0FD9F804900FDAB7F948B0B9F948A0AAEB0B0AA1F804A0B9F94A90B7F94AA0A9EB0A09A1F80690641E0831801C0EF1010A002CC4D1039960460836AD1C5B1C521E88422b
:80430000FFF65FAFDFF8081DDFF8042D0998098FB2F93C2001FB002000F5805080B2119009A8008800900AA80088009913909DF85800039007988842C0F2238200980A99009A099B01EBC0100021ADF80410DFF8B41D41189A421CBF11F8802C12F07F0207D0049B9A420CBF40224FF48042ADF80420009A079B9A421CBF91F8802012F059
:804380007F020AD0049B9A420CBF08224FF40062BDF804301A43ADF80420DFF8743CDFF8705C0A9ADB8EB5F93A500691800000F1A24003FB02520F9002F5805292B2009809991092401A139A059280B21290059908988842C0F2C58106980078089900F07F000B900598884239D00698407810F07F020AD0049882420CBF01204FF4807038
:80440000BDF804100843ADF804000098099988421EBF069810F87F0C10F07F020AD0049882420CBF20204FF40050BDF804100843ADF804000098079988421EBF069890F8810010F07F020AD0049882420CBF04204FF48060BDF804100843ADF804000B980499884205D0BDF80400C0B2002800F04C810F98B0F90000029000250B9818B1e5
:804480000B9888420ED005E0BDF804004FF47F41084207D002980299401001EB9070800300140290DFF8680BB0F86A0018B10299081A00B20290DFF8580BB0F86E0060B1DFF84C1B029BB1F85810994205DA5A1A92FBF0F0081800B202900298002848BF02950026052108F6CC6002F001F99DF858102846002900F01E8108F6CC610E91f4
:8045000008F6285215990D910FF2B0510C9108F6D4610E9B1B780BB1761C8AE00D9B1B780FF2985EDDF8309099F8009008EB83034FF0000C5F68109BB7F94840B7F94A701B1B119CE71B039C4443A4EB0904241A1BB23FB2641E08F6CC69604536D084451ADADDF80CA09EF800B00AFB0CFAAAEB0B0A8244AAEB0C0AAAF1010ABAF10A0Fda
:8045800024DA08EB8A0ABAF964BDBAF966ADCBF1000BCAF1000A07E00A2C17DA08EB840ABAF964BDBAF966AD0FFA8AFA0FFA8BFB0AFB07FA0BFB03AABAF1010F06DA99F800A00AF1010A89F800A0761CDDF80CA00CF1010C641C09F101090EF1010ED445BBDB002B44BF5B421BB2002F44BF7F423FB2DFF81C4AE48E04EB84049C42A1BFe1
:80460000DFF80C4A248F04EB8404BC420ADBB2F804E014880EFB07F704FB03735B029B0C102B00DB0F230FF29C4757F823300B605D190C9B5B1C0C93401C0D9B5B1C0D9308320E9B5B1C0E93091D039B9842FFF660AF002D6FD09DF85800F6B226B3002508F6CC6108F6D462C60706D50E78002E14BF15601568121D491C430812D00E786c
:80468000002E19BF00261660166875194E78002E19BF00265660566875195B1E0832891C002BECD1002D46D0DDF81440DDF828E0A4EB0E0408F68C6108F6D46208F6786308F6A46608F6B8671FFA84FC52F8044B4FEA841E0C88BEFBF5FE744421F8024B401E029C04FB0EFE1C68744443F8044B34680CFB0E4446F8044BDDF848903C68c6
:8047000009FB0E4E47F804EBE0D1BDF8040046F66C4108404000ADF804000B9858B10B98049988420CBF02204FF40070BDF804100843ADF804000598DFF8D418C98E401C80B205901098081880B210900F980599001D0F900698401C069008988842BFF63BAE0098DFF8A818098F401C80B200901198081880B21190009907988842BFF6cf
:80478000DDAD9DF85800002800F0948115989DF8586008F6786108F5556208F6A46308F6B8650F684FB3DFF86848B4F836C01C680CFB04FE0A9CBEFBF7FE0CFB04ECDFF85048B4F93A40644404F580541480DFF84048D5F800E0248F04FB0EFEBEFBF7F7DDF824E004FB0E77DFF82448B4F93C40274407F58057578001E0FF2707702D1D40
:804800001B1D121D091D401C761ECAD1002000901598049008F69860079008F68C60069008F55560059008F6786008909DF85800039007994FF6FF70088004980078FF2800F0C18008EB800047680698B7F91C10008801EB4102B0EB420F03DA0499FF200870B0E000AE0098159936780296401C451808EB400101F68C6308EB800101F54e
:80488000556201F6786104E0401C091D121D9B1C6D1C039EB04280F296802E78FF2EF3D0059E54887688A6EB040C059E14883688361B48BF7642BCF1000F48BFCCF1000CB4454FF07B0E05D2332404FB0CF40EFB064603E0332466430EFB0C66DFF83047B4F89C40F609B6B2A642CDD2B7F91C60B3F800E066246643069CB4F800C0F4445f
:804900006645C1DA089E0C6836685FFA80FCA64232BF029E6646DDF808C008EB4C0E08EB4609BEF88C4EB9F88C9E4C44AEF88C4E08EB8C0C08EB8604DCF8A4EED4F8A49EF144CCF8A49EDCF8B8EED4F8B8AED644CCF8B8EEDCF878AED4F8784E5444DFF8B0A6CCF8784EBAF836B0DDF828A00BFB09F9B9FBF4F90BFB0A99DFF894A6BAF98b
:804980003AA0D14409F58059ACF8509DDFF88096B9F8389009FB0EFEBEFBF4FE099C09FB04EEDFF86C46B4F93C40744404F58054ACF8524DFF24DDF854E006F80E40009CB4427FF461AF00980399401C00900898001D08900598001D05900698801C06900798801C07900498401C049000988842FFF61FAF0020159908F698620E78431Cdb
:804A0000FF2E51D008EB86056F68039DAB424BDA039C159D08EB4306201A5D1906F69866401E2C78FF2C3BD008EB8404D4F804E0B7F94A40BEF94AC0ACEB0404BEF948C0B7F948E0BCEB0E0C48BFCCF1000CA646BEF1000F48BFCEF1000EE64507D24FF033097B2409FB0EFE04FB0CEC06E04FF033097B2409FB0CFC04FB0ECC4FEADC14d4
:804A8000B2F800E01FFA84FCF44598BFE646A2F800E0B6F800E0F44588BFF446A6F800C0B61C6D1C401EBCD11846039B921C491C9842A3DB17B0BDE8F08F0000000103060A00000000040000000400000004000064030000640200005E010000800000003200000020000000140000001000000008000000010000000100000001000000d2
:804B0000010000002DE9FF4F85B0DFF8F403079B1B7800EB83004FF6FF7140680490002308980A460128C0F2E9801298DDF84C9002904FF07B08029807780598342606FB0700049FB0F91A60B7F94A70B0F91800F61B049FB7F94870C01B48BF4042002E48BF7642864204D233277E4308FB006003E03327784308FB0600C00980B28242e1
:804B8000C0F2B480069E0190022EC0F2A780079FDB4E7F7806EB87067668129F039600269E4200F095803D78059C4FF0340E0EFB054E039CBEF91A50B4F94A40A5EB040C039CBEF91850B4F94840B5EB040E48BFCEF1000EBCF1000F48BFCCF1000CF44505D2332404FB0CFC08FB0ECC04E0332404FB0EFE08FB0CEC4FEADC15ACB2A24253
:804C000066DBA042B8BF2046019D2C441FFA84FECDF800E0069C032C50DB079DB84CAD7804EB85044FF0000ED4F804C0129C9E4518BFB6453BD02578DDF814A04FF0340B0BFB05AABCF94AB0BAF91A50BAF918A0A5EB0B05BCF948B0BAEB0B0A48BFCAF1000A002D48BF6D4255454FF0330B39BF0BFB05F508FB0A550BFB0AFA08FB05A5ec
:804C8000ED09ADB2AA4212DBA842B8BF2846DDF800A055449042B8BF0246ADB28D4206D289F8003089F80160294689F802E00EF1010E089D641CAE45B9DB09E09042B8BF02468E4504D289F80030714689F80160761C089C7F1CA64208DA61E79042B8BF02468842BCBF014689F800300298401C02905B1C08988342FFF61DAF09B0BDE852
:804D0000F08F2DE9FF4F4FF6FF71002283B00846012BC0F2F180109BDDF8448002937B23059D029E2C783678754D05EB8605039E6D68342707FB0466B5F94A40B6F91A70B6F91860B5F948503F1B751B48BF6D423E0048BF7642AE4204D233277E4303FB056503E033277D4303FB0655EF09BFB2B842C0F2B980049D0197022DC0F2AC8076
:804D8000109E0025954200F0A180059C94F801A096F800E05A4C04EB8E04D4F804C0DDF80CE0BCF94A90BCF948C0342404FB0AE4B4F91AE0B4F91840AEEB090EB4EB0C0C48BFCCF1000CBEF1000F48BFCEF1000EE64505D2332404FB0EFE03FB0CEC04E0332404FB0CFC03FB0ECC4FEADC14A4B2A0426BDBA742B8BF2746DDF804E07444e5
:804E00001FFA84FECDF800E0049C032C54DBDDF840E04FF0000C944518BFAC4544D0059C94F802A09EF80090354CDDF80CB004EB89044FF03409646809FB0ABAB4F94AB0BAF91A90BAF918A0B4F94840A9EB0B09BAEB040448BF6442B9F1000F48BFC9F10009A1454FF0330A39BF0AFB09F903FB04940AFB04F403FB0944E409A4B2A042df
:804E800012DBA742B8BF2746DDF800904C448742B8BF3846A4B28C4206D288F8002088F80150214688F802C00CF1010C069C0EF1010EA445AFDB09E08742B8BF38468E4504D288F80020714688F801506D1C069C761CA54208DA55E78742B8BF38468F42BCBF394688F80020029D6D1C0295521C069DAA42FFF614AF07B0BDE8F08F000050
:804F0000D4450020180000202DE9F14FDFF8B88CDFF8FCB0D8F8D40D0024332582B008F604664FF07B09002800F06D8096F800A008EB8A077868B0F94610B0F94400002848BF4042002948BF4942814239BF694309FB0010684309FB0100C009BBF8AA1080B2884208D201F002FE002814BF03200220BBF8A61007E001F0F9FD002814BFb9
:804F800003200220BBF8A410484300EBD070401080B20090029BD8F8D82D08F56261504601F040FAFF2821D04044192290F8200E4FEA000108EB410393F88CCDBCF1FF0F06D0491C192928BF0021521EF2D103E083F88C0D83F88DAD3422029902FB00114A78521C4A707968C87005E0D8F8C40D40F02000C8F8C40D641CD8F8D40D761C1d
:80500000E4B2844292D303B0BDE8F08F14000020DC5700202DE9F041804682B00025002008F1010209E013782BB9DFF89C3BEB186D1C83F8580E401C3432C0B28842B8BF192DF0DB012D59DBDFF87C6BD6F8D03D9D422CD3042B24BF0320C6F8D00D06F67460019006F6586000902B46D6F8D01D06F6E8524046FFF745FDD6F8D00D002758
:805080003424D8B3B91991F8740E91F8E81D801990F8580E04FB008200F053FC7F1CD6F8D00DFFB28742EDD302B0BDE8F081042DA8BF032506F67460019006F6586206F6E850009029464046FFF71BFE00273424012D13DBB91991F8580E91F8741ED6F8D02D914206D2891904FB008291F8E81D00F027FC7F1CFFB2AF42EBDB02B0BDE829
:80510000F0810000A81C00202DE9F34F82B0DFF8B81A9DF80C300F8801930020C1F8D00DC1F8D40D0022081DDFF8A03A4FF033084FF07B09002F75D00668FF27F7703778052F18BF062F64D0032F12D1B778002F5FD1B6F848E0B3F8AC40B3F8AE50ADF800E00027B6F84A60BDF900B0ADF802500CE0042FEDD1D1F8D06D7718761C87F8f7
:80518000E82DC1F8D06D44E07F1CFFB2019DAF423FDADDF808C0342505FB07CC36B2BCF91A50BCF918A0AD1BBAEB0B0A48BFCAF1000A002D48BF6D42554539BF08FB05F509FB0A5508FB0AFA09FB05A5ED09BDF802A0ADB2554514D3BCF81C502D1B7545BEBFBCF820506519AE45CDDABCF81E502D1BB6B2B542BEBFBCF822C0A444664500
:80520000C2DAD1F8D46D7718761C87F8042EC1F8D46D521C0F88001DD6B2BE428CD3D1F8D40D28B9D1F8C40D40F00100C1F8C40D0020C1F8D80D00279DF80C00019026E0ED09B3F8AEA0ADB2554516D3B3F8AC50BCF81CA0AAEB050AB245BEBFBCF820A0AA44564525DABCF81E60761B8642BEBFBCF82260AE19B0421BDA0EEB010080F85c
:80528000207E0EF10100C1F8D80D7F1CFFB2019887423DDAD1F8D8EDBEF1190F38D20298342202FB070C00208CF8010000220C1D01E0521C241D0E88D0B2B042E5D226683078052818BF0628F3D0032802D1B0780028EED1B6F84A00BCF91A50B6F84860BCF918A000B22D1A36B2BAEB060A48BFCAF1000A002D48BF6D42554539BF08FB11
:8053000005F509FB0A5508FB0AFA09FB05A597E7D1F8D80D28B9D1F8C40D40F00200C1F8C40D04B0BDE8F08F2DE9F14FDFF8988882B0192208F6046108F6586002F0CCF908F63C6000900025D8F8DC0D4FF03409002870D00098077800E01F46FF2F61D00298D8F8D42D09FB070408F65861204601F01AF9FF2855D000EB0802FF2192F829
:80538000580E82F8581E08EB80025368DB78FF2B22D0DDF808C009FB03CC9E469CF80160761E8CF80160192608EB4E0A9AF88CBD9B4504BF9AF88DBD834509D00EF1010EBEF1190F28BF4FF0000E761EECD103E08AF88C1D8AF88D1D4FEA070C4FF0190E08EB4C0191F88C6DFF2E0AD00CF1010CBCF1190F28BF4FF0000CBEF1010EEFD1c3
:8054000003E081F88C7D81F88D0D6078401C6070FF2B5068C77005D0029809FB0300407800289AD00098401C00906D1CD8F8DC0DEDB285428ED303B0BDE8F08F4278032ABFBFB0F91A20FA32B1F90E309A4229DAB0F94820B1F91830D21A48BF5242B52A06DBB0F94420002A48BF5242782A0FDBB0F94A20B1F91A30D11A48BF4942B5292e
:8054800010DBB0F94600002848BF4042782809DADFF83407D0F8C41D41F00401C0F8C41D01207047002070472DE9F04F044683B09246342000FB0A4000900D464078002842D1009800F0F0FE060000F03782EAB22146504600F092FA0146FF290CD0DFF8E80600EB81004068B0F84410A6F84410B0F84600A6F846000098007809280EDB04
:80550000F08840F40040F080DFF8940D016841F0020101600020A6F84400A6F846000098B6F94410008B0818A6F848000098B6F94610408B0818A6F84A00DFF8680D018800EB81004660D1E00098DFF87C464078012859D100215046FEF7D2FD014604EB8105FF296868814618BF002800F0E68100980078092867DA00994846FFF75EFFbb
:80558000002861D0208819285EDA009800F08CFE060059D0009800994078401C4870B9F84400A6F84400B9F84600A6F846000098B9F84810008BC1EB4000A6F848000098B9F84A10408BC1EB4000A6F84A000098B9F81C10008A401AB0830098B9F81A10C089401A7083B9F832007086B9F83000308650462588E9B2FEF768FD04EB850050
:8056000046602088401C20801425D4F8C40D40F01000C4F8C40D142104F6786001F068F8294604F6A46001F063F8294604F6B86001F05EF80A2104F68C6001F059F800252F462E46284676E00098B9F92410B0F91800441A0098B9F92610B0F91A00461A99F8040020B1002089F804000024064609F14C0009F12801082202F01DF8009951
:80568000B1E88C5509F10C00A0E88C55B1E88C51A0E88C510098007809280DDBB9F8060040F40040A9F806000024DFF8F40B016841F0020101600026A9F84440A9F84660B9F824002018A9F84800B9F826003018A9F84A0000206860484600F0F5F9DFF8C40B018800EB8100C0F8049003B0DFF8B40BDFF8B01B0088401C0880BDE8F08Fab
:8057000092F88D2DFF2A14D001ABEA546D1C04EB8202EDB25368B3F944209619B3F94620D719009A1278092A03DBDA8842F40042DA80401CC0B2009A52789042B8BF052D19DA84464FEA0A034FF0190E04EB430292F88C8DD04506D15FFA8CFCBCF1000FCED0ACF1010C5B1C192B28BF0023BEF1010EEBD1DDE71DB196FBF5F697FBF5F7e5
:805780000020012D10DB01A9415C04EB8101401C4A68918C7118A2F84810C0B2D18C7918A2F84A10A842EEDB00992B4601AA5046FEF7C4FC4FF00008012DC0F2BF8001A818F80000FF2800F0B28004EB800104EB8802D1F80490B2F8500DB9F84830181800EBD070C0034FEA104AB2F8520DB9F84A30181800EBD070C0034FEA104BB9F9e4
:805800002600ABEB000000B2C31BB9F92400AAEB000000B2801B48BF4042002B48BF5B4283424FF07B0C4FF0330E39BF0EFB03F30CFB00300EFB00F00CFB0300C00980B2B0F5C87F73DC0020486009F128010098007889F80C00D2F8780E20308009A9F81A0008220120A9F81C0009F14C0001F023FF04EB4800B0F9981EA9F83010B0F96d
:80588000980EA9F8320000EBD070AAEB6000A9F82800B9F9320000EBD0700AEB6000A9F82C00B9F9300000EBD070ABEB6000A9F82A00B9F9300000EBD0700BEB6000A9F82E000099B9F806000978092901DA010408D5002340F4004051465A469C46A9F8060005E03346BC4603EB0A010CEB0B02A9F84A20A9F84810A9F846C0A9F84430e1
:80590000A9F824A0A9F826B089F80450484600F0DBF8DFF89009018800EB8100DFF88419C0F80490DFF87C090088401C088008F101005FFA80F8A845FFF641AF03B0BDE8F08F2DE9F04304468846DFF87C9209EB880081B04568B5F94A101646B6F91A00B5F94820401AB6F91810891A48BF4942002848BF404233227B23884239BF504382
:8059800003FB0100514303FB0010C70901F0EFF8002814BF032002208C49B1F8A8104843B9B200EBD070B1EB600F1EDA41462046FEF78CFB7078401C7070EC70B6F91800B5F94810401AA5F84400B5F94A10B6F91A00401AA5F84600308BA5F84800708BA5F84A0001B0BDE8F083D9F8C40D40F01000C9F8C40D01B0BDE8F0832DE9F046f1
:805A00008946342606FB009081B0048B458B924601F0ADF8002814BF032002206B49B1F8A410484300EBD0704010FF220021332324B22DB24FF07B0CBAF1000F05D1FF2001B0BDE8F086714521D006FB0197B7F91AE0B7F91870A5EB0E0EE71B48BF7F42BEF1000F48BFCEF1000EBE4539BF03FB0EFE0CFB07EE5F430CFB0E7E4FEADE1Ef4
:805A80001FFA8EF780B287423CBF38460A46491CC9B296465145D6DBFF20BEF1FF0F1EBF06FB0E91497800290BD000211046FEF727FBFF2805D0444A02EB8001496801B9FF2001B0BDE8F08610B582B002783F49012A04D009D3032A13D00FD305E04278FF2A15D0521C427012E0B1F85630B0F91840A34208DA0222027009E04278521C24
:805B000042700122027003E0022A18BF012A3DD1DFF8C83BC2881B787BB9120402D5027B0A2A33D1B1F89E20B0F932309A4213DBB0F930309A4229DA0EE0120402D5027B0A2A23D1B1F8C022B0F932309A42A4BFB0F930309A4219DA1B4AD2F8C43D43F48063C2F8C43DC28842F40042C2800022A0F84420A0F84620426A8264092202738a
:805B8000DFF81C27136843F0020313600A7DD20718D50278022A0AD1B1F8942002B0BDE8104000F124010023543001F015BE417800910022DFF8281B0B6800F12401543001F04AFE02B010BDD4450020DC5700202DE9F34FDFF8CCB9DFF8C8560020CBF8E40D83B0DBF8C80D18BB28806860062105F108005FF0000240F8042B40F8042B5c
:805C000040F8042B40F8042B491EF5D1ABF8AE200BF597705FF0060120F8802B20F8802B20F8802B20F8802B491EF5D10120CBF8C80D29460498CBF8E00D6822584601F04BFDBBF8001000260BF1040061B10168CA8812045CBF0A6CC1F87A20BBF80010761C001D8E42F2DB002028806860062105F108005FF0000240F8042B40F8042Bba
:805C800040F8042B40F8042B491EF5D10498012850DB01460398243011F0030200F01080B0F90030002B44BF10230380B0F90230002B44BF10234380521E3430002AEFD1890837D0B0F90020002A44BF10220280B0F90220002A44BF10224280B0F93420002A44BF10228286B0F93620002A44BF1022C286B0F96820002A44BF1022A0F823
:805D00006820B0F96A20002A44BF1022A0F86A20B0F99C20002A44BF1022A0F89C20B0F99E20002A44BF1022A0F89E20491ED0300029C7D10020CBF8C40D039800281CBF0498002800F0F38103F0AAF8BBF8000000260BF1040780B13A6842B1107B092805DB049902F1280003F038F80490BBF80000761C3F1D8642EEDBFF2232210BF624
:805D80008C5003F08FF804990398C9B2FFF7BCF904990398FFF7B8F8DBF8D80D002100285FD00BF5626200F0030734239FB11678DDF80CE003FB06EE9EF80140002C06D1192904D201EB0B04491C84F83C6E7F1E521C002FEBD1860843D01778DDF80CC003FB07CC9CF80140002C06D1192904D201EB0B04491C84F83C7E5778DDF80CC035
:805E000003FB07CC9CF80140002C06D1192904D201EB0B04491C84F83C7E9778DDF80CC003FB07CC9CF80140002C06D1192904D201EB0B04491C84F83C7ED778DDF80CC003FB07CC9CF80140002C06D1192904D201EB0B04491C84F83C7E761E121D002EBBD1CBF8DC1DDBF8D41D81423EBF401ADBF8DC1D88423CBF0398FFF755FADBF822
:805E8000D00D18B104990398FFF7C4F8049800260128C0F2D9800398018AADF80010BDF90010002900F0B580417801910229C0F2B08000235FF000025FFA86FC1746E6464FF0FF084FF019090BEB4E0A9AF88C4D644502D1FFB25FB17F1E0EF1010EBEF1190F28BF4FF0000EB9F10109ECD101E09AF88D8DB8F1FF0F0AD00BEB88077C68b2
:805F00002778022F13BF012FB4F91C70FB185B1C521C8A42D0DBBDF900209A4279DA002300220BE07F1E0CF1010CBCF1190F28BF4FF0000CBEF1010E08D1521C019FBA4249DAF4B21746A4464FF0190E0BEB4C0999F88CADA245E6D1FFB2002FE2D199F88D7DFF2FE9D00BEB870CDCF8044094F800C0BCF1020F18BFBCF1010F29D1B0F804
:805F80001AC0B4F84AE0B4F84840ACEB0E0EB0F818C0BCEB040C48BFCCF1000CBEF1000F48BFCEF1000EE6454FF07B044FF0330939BF09FB0EFE04FB0CEC09FB0CFC04FB0ECC4FEADC14A4B2A342B6DA23463946B3E7394600E0E3B1F2B213465FF019070BEB430494F88CED964504BF94F88DED8E4506D05B1C192B28BF00237F1EEFD1a3
:8060000004E0FF2184F88C1D84F88D1D4178491E4170761C049934308E42FFF63DAF03985FF0000600F11007B7F9000038B12888192804DA04990398F2B2FFF735FA0498761C34378642EFDB288802286FDB0026281DDFF890A607E0E1888904890CE18001212173761C001D29888E425FDA0468227B0A2AF6D104F1280200232F1D1FE011
:80608000BAF8C2920EEB490EC645A1BFB2F804E0BCF80080A8EB4908C6450FDBBCF806E0B2F802800EEB490EC645A1BFB2F806E0BCF802C0ACEB490CE645D3DA5B1C3F1D8B42C9DA9E42F9D0D7F800C0BCF806E05FEA0E4EF2D5DFF80496B2F8008099F800900CF1280CB9F1000FBCF804E0C7D1BAF8A0900EEB490EC645A1BFB2F804E077
:80610000BCF80080A8EB4908C645D7DBBCF806E0B2F802800EEB490EC645A1BFB2F806E0BCF802C0ACEB490CE645C7DB9AE7BBF80000DFF8AC85DFF8B095DFF8A8A500260BF10407002870D03C68002C67D02078401E052863D8DFE800F003033F5F525F03202070E088000404D50020A4F84400A4F84600207948B1B4F84800B4F84A2012
:806180000021A4F84610A4F8441011E0B4F94410A08CB4F848C0B4F94630E28C08186144A4F848109A18B4F84A105918A4F84A10E284A0849AF81400C0070AD5607800900022D8F8003004F1240104F1540001F043FB0020A0700EE0E088000404D5A078411CA1700A2806DB99F80100042814BF0620052020702888192805DB0FE0062021
:806200002070288819280ADA288805EB800044602888401C288002E000202070E080761CBBF800003F1D86428EDB2888421E0021281D00F08BF8BAF8A200298888421DD200212A1DD0B113681E78042E10D100E0401C2E88B0420BDA05EB800677683C78042CF5D0176073603E891C893C811E81491CBAF8A230121D9942E4DB0849DBF81a
:80628000C40D09688A0748BF40F48070C90748BF40F40070CBF8C40D05B02846BDE8F08FB862002080640020F0B5BE49B1F8AE3081B001F1A8040022C3B1012201F59474E3887BB18034521CE3885BB18034521CE3883BB18034521CE3881BB1521C8034192AEDDB192A08BF00202DD0D1F8CC3D13B90123C1F8CC3D521CE280D1F8CC2De7
:806300002281521CC1F8CC2D04F10C01B0E8EC50A1E8EC50B0E8EC10A1E8EC1004202070002300206070A0702071A4F84400A4F8460004F12401DFF8AC03B0F8942004F1540001F049FA204601B0F0BDF0B5154681B00446A94262DA0E462B4654F826709E4253DA00E05B1E9E421DDA54F823003A890089904217D35B1E9E4214DA54F8af
:806380002300008990420FD35B1E9E420CDA54F823000089904207D35B1E9E4204DA54F8230000899042DED254F8232044F8262004EB860C00E0761C9E4221DA5CF804EB3A89BEF8080082421AD3761C9E4217DA5CF804EBBEF80800824211D3761C9E420EDA5CF804EBBEF80800824208D3761C9E4205DA5CF804EBBEF808008242DAD28d
:8064000054F8262044F823209E42ADDB44F82670721E2046FFF79AFF711CA9429CDB01B0F0BD00002DE9FC4F024689465D4800EB820100224968A0F8C02D4FF6FF72009EFF234FF00008012EC0F2A8804FF07B0ADFF890B299F800C0BCF1FF0F00F09680019D342404FB0C5CB1F84840BCF818502EB224B2351B54BF341BA41B1FFA84FEfb
:80648000BCF81A40B1F84A5024B22DB2661B54BF641B2C1BC0F868E0A4B2C466B1F944703E46002E48BF7F42BFB207674667BBF8AA608667BE4205DA06FB0EFE9EFBF7FE1FFA8EFEC0F87CE0B1F94670002F48BF7F42BFB2C0F88070BE42BCBF744394FBF7F4C0F884E0A4B2BEF1000F48BFCEF1000E002C48BF6442744504D233256C43ec
:806500000AFB0E4E04E0332505FB0EFE0AFB04EE4FEADE141FFA84FEB0F8C04DC0F888E07445B8BFA0F8C0EDBDF82C40A64519DBBBF8AC40BCF81C60B1F84850361BAE42BEBFBCF82060A619B54219DABCF81E60B1F84A50361BAE42BEBFBCF822C06444A5420DDABBF8AE60B645B8BF964502DA724643460AE0D0F8C46D46F0400603E014
:80658000D0F8C46D46F08006C0F8C46D009E08F1010809F10109B045FFF65CAFD8B202B0BDE8F08FD44500202DE9F44FFF2782B005464FF6FF7B4FF00008012AC0F286800C462078FF287AD0484901EB80004068B0F93220B0F84810A1EB62031FFA83F94A44ADF8022009B2B0F93030B0F84A20A2EB63061FFA86FA5344ADF800302B8B89
:806600001BB25E1A54BF591AC91A6B8B1BB212B29E1A54BF9A1AD21AB0F94430002B48BF5B42304EB6F8AA609BB29E4203D289B2714391FBF3F1B0F94600002848BF404280B2864203D292B2724392FBF0F288B292B2002848BF4042110048BF4942814205D233237B22594302FB001004E033237B22584302FB0100C60900F078FA00284f
:8066800014BF032002201749B1F8A4104843B2B200EBD070B2EB600F0DDB288B81453CBFBDF8021088420AD2688B82453CBFBDF80010884203D25A453CBF93464746029808F10108641C8045FFF67BAFF8B203B0BDE8F08F0548B0F8C00D7047B837002030670020DC570020D4190020D4450020002202F0DBBB50F8041B61B150F8042Bca
:80670000D30744BFA9F101039A18002342F8043B091FFAD1EFE770472DE9F043DFF81C7D0446D7F8D0005D2101FB0070061D83B0D7F8D800D4F857504FF00008C146C0F3004060B160688369180008D00B2200A9204698470128A4BF00A802F018FCD7F8D800C0F3803100293968C1F300110AD0002904BFC0F3C011002910D04FF0010953
:8067800020F0800009E069B115F00C0F07D0D7F8F010C7F8DC1040F08000C7F8D80002F0D7FE0EE0C5F3400159B1C0F3C01121B120F08000C7F8D80003E0307A40F0010030722809396860F345113960C5F30010E0B1D7F8D80020F00800C7F8D80025F01005C0F3C01171B1D7F8F010D7F8DC20891AA268528F914205D320F080004FF084
:806800000108C7F8D800D4F84300306058EA090008D0307A40F0100030720020C7F8DC0002F0E4FF280702D4B9F1000F0DD003F0BBF904F04CFB25F00805386840094001386003B02846BDE8F083C5F38000B0B103F0AAF9386820F01600386025F00405C5F3401000B3D7F8D80040F40060C7F8D80025F02005284603B0BDE8F083C5F39d
:80688000400048B1386840F01800386025F00205284603B0BDE8F083E80705D5386840F008006D0838606D00284603B0BDE8F08370B5DFF8884B00202060C4F8D800C4F8CC0004F07BFB04F0F9FD482200210FF2AC0004F039FE0FF234152E220021284604F064FE06F06FF8D4F8CC005B2101FB004000F586762068306004F022FEB0609b
:806900000020F0737075F08230763073012070730020C6F85700C6F8470070740021DFF8302C7260304612689047002006F094FA06F1080006F004F9D4F8D800C0F3003038B1002104F01EFD0021022004F01AFD02E0304606F039FE07F06CF80020C4F8D0002073284607F0C3FBBDE87040DFF8A41C4FF4806007F033BD000000003001f8
:806980003201340136013801000000000000000000002A012B012C012D012E012F0131013301350137013901000000001F012001210122012301240125012601270128012901000000001401150116011701180119011A011B011C011D011E01000009010A010B010C010D010E010F01100111011201130100010101020103010401050131
:806A000006010701080100000000000000010101020103010401050106010701080109010A010B010C010D010E010F011001110112011301140115011601240100000000180119011A0121011C011D011E0100001F0117010000000000000000200100001B0122010000230130B50546DFF8080C017801F0FE01294381B0017006F03DF981
:806A8000C00652D4DFF8F44B94F8D80010F0060F4BD115B1012006F0DFF908F0DAFE042809D106F0BDF900F02FFDD4F8D81060F30821C4F8D8105B23D4F8D810080A00F00102D4F8CC0003FB004000F586705D258273C1F30031D4F8D03005FB03431D7B05F0BF0545EA82121A7341B10021012004F048FC0021022004F044FC01E006F017
:806B000064FD002006F078F8D4F8D80040F00800C4F8D80006F07BF9012006F06DF801B0BDE83040002006F097B901B030BDDFF8480B007800F00100704700B581B006F0DCF8C0060AD5022006F056F8DFF82C0BD0F8D81021F00801C0F8D81001B000BDDFF8180BD0F8D800C0F3C0007047DFF80C0B0168C1F3001129B9D0F8D800C009f8
:806B800000F00100704701207047DFF8F00A0068C0F3C0007047DFF8E40A407800F00F007047DFF8D80A90F8C10070472DE9F043DFF88848D4F8CC005B2101FB004000F5867583B0EE7B06F070F807460F2006F073F8B80701D5012E09D0780701D5022E05D0380740F19F80032E40F09C8005F1430005F0EBFFDFF8881A28680968002901
:806C000014BF40F0400020F0400028602846696849688847C5F85300022E6BD0A87B002814BF04F5E27704F5E477697C002946D039680191002895F80F8014BF04F5827904F5847968688168080002D02846884701E0D9F800000090A87CC00713D5BDF9000010F5004F02BFBDF90400ADF80000B8F1010F03D1286820F080002860BDF8aa
:806C80000000A9F80000A87C800713D5BDF9020010F5004F02BFBDF80600ADF80200B8F1010F03D1286820F080002860BDF80200A9F802000098C5F84B00386002E03868C5F84B0006F01EF84FF4407108420CD005F1430105F1080009F0BEF8C5F84F004FF4407006F016F804E00FF6C8100068C5F84F00012E04D00FD3032E05D008D3d5
:806D00000BE0206840F0010006E0206840F0020002E0206840F004002060D4F8D80040F00100C4F8D80003B0D4F8E000401CC4F8E000BDE8F08300002DE9F043DFF8FC5680460026344695F8C40081B00027A146F8B1B5F8C60095F8C51049B100F2575101F03F02C1F3851141EA8211A5F8C610010A11F0030103D0022908BF012700E0d5
:806D8000012601064FEAD179B5F9C810C0F301247BE008F05EFD012800F0798008F059FD042800F07480D5F8D800C0F3802119B12968090901F0010920F48060C5F8D800DFF8B4080078C0F30110441C042CA8BF002408F04EFD00909DF8001095F8C200FF293CD001F00F010F2918BF012700F00301032936D8DFE801F00204090BC5F8a2
:806E0000E44000F003040027401C2BE0D5F8E440401C032CFDD8DFE804F0030A1118F8E79DF8001001F0110111291BD101249DF8001001F02201222914D102249DF8001001F0440144290DD103249DF80010090708D59DF80010090604D50024E0E708B100200446B5F9C81085F8C20011F5004F08BF4146002F14BF0220012004F0030226
:806E8000120242EA802040EAC91007F0A9FADFF8E807DFF8F02701681160220102F03002017842EAC70242EA490201F0C00142EA86021143017001B0BDE8F08370B5DFF87C45D4F8D800C10740F1D981D4F8CC105B2606FB014101F58675C0F34031C9B120F40050C4F8D800C0F3C03121B940F48040C4F8D8000DE06868DFF88C178842b9
:806F000008D006F097FDD4F8D810012060F38F31C4F8D81028466968C9688847D5F857100843C5F85700284669680969884758B3D4F8D800C0F3803030BB2846FFF7ECFBC5F85700687B10B1284606F0A6FAD4F8D8002A7CC0F3C00122B1002940F0E48002209DE0002900F0E680C0F3003038B1002104F007FA0021022004F003FA8BE0e0
:806F8000284606F022FB87E0287C10B1022005F033FE2846FFF7C0FBD4F8CC00401C0228A8BF0020C4F8CC0006FB004000F586762068306004F0C5FAB0600020F0737075F08230763073012070730020C6F85700C6F847007074687B10B1284606F05DFAD4F8D800C0F3803080B1002020600021DFF894267260304612689047D4F8D81028
:80700000022060F38F31C4F8D8102EE028466968496988470246726028683168C00960F3C71131602946126830469047F07B022804BFD5F84B00C6F84B00A87BB073D4F8D800C0F3C03080B109F088F830B9D4F8D80020F40040C4F8D80006E06868DFF82816884208BF06F01DFD06F1080005F067FDD4F8D800C0F3C001A1B1C0F3003035
:8070800038B1002104F07EF90021022004F07AF902E0304606F099FA002005F0ADFD012005F0AAFD40E0D4F8D000C4F8D400401CC4F8D0000228A4BF0020C4F8D000D4F8D0005D2101FB0040002101732068C0F3C00008B103F09EFD617860F30301617009F03CF8C0B92068C0F3C000A0B194F8C000042810D1607800F00F0004280BD050
:80710000D4F8D80040F06000C4F8D800012002F050FD022002F04DFD607810F00F001CBF84F8C00084F8C100D4F8D800C0F3C000002840F09E802068C0F3C00020B9012005F08AFE07F06CFFD4F8D800D4F8D810000A60F34921C4F8D81008F07AFB042835D8DFE800F0272020031500DFF808050078D4F8D81000F00102400800F0010012
:8071800021F48071104041EA0020C4F8D8001EE005F046FE00F0B8F9D4F8D81060F30821C4F8D81013E0D4F8D80020F48070C4F8D8000CE0D4F8D80020F48070C4F8D8000020C4F8F800C4F8FC00C4F800012068C0F3C00030B108F0C1FF18B9B5F94D00401001E0DFF82C04FFF7A6FDD4F8D800C0F3801028B1012002F0DBFC022002F01f
:80720000D8FC08F0ABFFA0BB09F0E0F888BB0AF02AFE18B10AF009FE012827D194F8C300401C84F8C300C0B2032822DB08F011FBD4F8D810CA0A21F4006102F00102C4F8D810C1F3C0333BB9032818BF042802D111F4407F0DD162B9002084F8C30021F4806040F02000C4F8D80002E0002084F8C300D4F8D80040084000C4F8D800D4F89f
:80728000D800C0F34000C8B105F037FDC0070CD5022005F0B1FC012005F0DEFDD4F8D80020F00800C4F8D80008E005F061FD0220D4F8D81060F34201C4F8D810D4F8D800C0F3001000281CBFBDE87040FFF7F0BA70BD30B5594DD5F8D4005D2101FB0050041D81B0207AC00626D4204603F0A0FCD5F8D800C0F3C0300028207A03D000F039
:80730000F900207205E0800900F00101204602F062FCDFF87003017884F85B10DFF86C130A7884F85C2000680860DFF864030068606001B0204630BD206800F53850E030206001B0204630BD10B5CC4C05F0D5FCC0070BD5022005F04FFCD4F8D80020F0080040F00200C4F8D80010BD05F000FD0220D4F8D81060F34201C4F8D81010BD55
:8073800000B581B005F0B9FCC00744BF022005F033FCBA48D0F8D820022161F3C402C0F8D82001B000BD00B5B448D0F8D81041F06001C0F8D81081B0012002F0FAFB01B05DF804EB022002F0F4BBAC48D0F8D800C0F340107047A948D0F8D81021F06001C0F8D8107047A548D0F8D81041F40051C0F8D810704710B582B005F0A6FE044640
:8074000041F2883100A805F005FFA8B1A148009A0168642A01D20CB902E00CB9491C02E00129A8BF491E0160052905DB0021016084F0010005F088FE02B010BD7C15002030B58E4CD4F8F050D4F8E800281A81B033280CD3D4F8E000D4F8EC10884202D105F078FE01E0C4F8EC00C4F8E85001B030BD8248D0F8F010491CC0F8F0107047f4
:807480007E48D0F8F00070477B48006870477B49A1F8C600012081F8C400002081F8C50070477648012180F8C41080F8C51070477248002180F8C41080F8C51070476F48D0F8D81041F48061C0F8D81070476B4890F8C5007047694890F8C40070476749A1F8C800704707494A48A1F8C80070476248B0F9C80010F5004F01D0012070476b
:80750000002070477C1500205C49D1F8F820C1F8F400801A19D4D1F80021D1F8FC30934213D0904205DBDFF870C1624463449042FBDAC1F80021C1F8FC30984205DBD1F80011884201DA01207047002070470000F40A010030B44949D1F8F820D1F8F4309B1A38B3002B18D4D1F8FC00D1F80041A04212D04948834224DB494CA3420CDA9b
:80758000484CA34209DB484C434DE41894FBF5F4464D05FB0434844214DB45F64850C1F8FC009A1848F62840C1F80001C1F8F82030BC70473E48834204DB0022C1F8FC20C1F80021C1F8F82030BC704700B581B008F03FF92949D1F8D820D30A22F40062C1F8D82003F00103C2F3C03179B9032818BF042802D112F4407F05D1581E8041a8
:80760000C043C00F01B000BD012001B000BD002001B000BD0080FFFF704710B504461748D0F8D80082B0C0F30040A0B101F0B4FC052838BF00200ED301F0A6FC009000A92046032200F038F80521E01C01F0A7FC0B214843C01C02B010BD0849D1F8D82060F31042C1F8D82070470448D0F8D800000C00F001007047186700207C150020e0
:80768000541B00201C670020B0C3000020670020501C002024670020285E0100CC230100D454040084980100A4C5FFFFD8A1FEFF241107000000000062B38B0708D0521E11F8013B00F8013B00F024808B07F6D1830740F0208000BF103A07D330B4B1E83810103AA0E83810F9D230BC530724BFB1E80810A0E8081044BF51F8043B40F8b5
:80770000043BD20724BF31F8022B20F8022B44BF0B7803707047083A07D3B1E80810083A40F8043B40F804CBF7D25307E4E70000F0B481B08288B1F90030B1F902509C1AC38824B2ED1A2DB2002C4CBF66422646002D4CBF6F422F46BE1936040789760CBF19FF033F0C0781C82EB8BFC82F22DA0FF22C21795C002C06D564424C4340342a
:8077800064022414644203E04C43403464022414A218ADF80020002D07D56A4251434031490209144D42E91809E0694340314D022D14E91803E00A88ADF800204988ADF80210BDF800108180BDF80210C180009801B0F0BC70470000032B3CD8DFE803F0021E1E2E0123838452080B8883804B88C3800023038143810B8803804B8843800d
:8078000002840B889B1A03830B88D31883834B889B1A438349885118C183704700238384520802840B889B1A03830B88D31883834B889B1A43834B88D218C2830FF25C120B68126843608260C260002280F82220096841610160704710B582B00446032A15D0A08C0028204608D100F015F804F11401204600F04BF802B010BDFFF758FFa5
:80788000009000A9204600F042F802B010BD00F003F802B010BD000070B40B884A88002400EB8405641CAE88ED88F318AA18E4B2032C09DA00EB8405641CAE88ED88F318AA18E4B2032CEBDB90F82240641C80F82240E4B2062CA4BF032480F8224090F82240032C02DB9B08920804E0661CB3FBF6F3B2FBF6F2032CA8BFE41EE4B209684a
:8079000000EB840461608382C28270BC704770B40A88038B4988858B9342B8BFAA4205DA468B8E42BCBFC68BB14234DB934204DB048C134603EB44040EE0AA4204DB038C1446A4EB430307E0AE1AD41AA642B9BF2C1D1B1D2C1F1B1F84830383438BC58B1C468B4204DB048C0B4603EB44040EE0A94204DB038C0C46A4EB430307E06E1A02
:80798000CB1A9E42B9BF231D2C1D231F2C1FC48343830280418070BC70470000000000000808080808080808080808080808090A0A0B0C0C0D0E0E0F101011111213131415151617171818191A1A1B1C1C1D1E1E1F202021212223232425252627272828292A2A2B2C2C2D2E2E2F303031313233333435353637373838393A3A3B3C3C3D58
:807A00003E3E3F404041414243434445454647474848494A4A4B4C4C4D4E4E4F505051515253535455555657575858595A5A5B5C5C5D5E5E5F606061616263636465656667676868696A6A6B6C6C6D6E6E6F707071717273737475757677777878797A7A7B7C7C7D7E7E7F802DE9F0430446DFF82C5D0FF604310120C5F8380581B02A46b2
:807A80005FF00500B1E8C853A2E8C853B1E8C851A2E8C8513439B1E8C853A2E8C853B1E8C851A2E8C8513439B1E8C853A2E8C853B1E8C851A2E8C8513439B1E8C853A2E8C853B1E8C851A2E8C8513439401ED9D1DFF8CC0CDFF8CC3C00681E68DFF8C82CC01DC0100021012E65DB164601285DDB10F0030C13D0002706F8017B06F8017B70
:807B000006F8017B06F8017B06F8017B06F8017B06F8017B06F8017BBCF1010CEBD1870800F044804FF0000C06F801CB06F801CB06F801CB06F801CB06F801CB06F801CB06F801CB06F801CB06F801CB06F801CB06F801CB06F801CB06F801CB06F801CB06F801CB06F801CB06F801CB06F801CB06F801CB06F801CB06F801CB06F801CBc9
:807B800006F801CB06F801CB06F801CB06F801CB06F801CB06F801CB06F801CB06F801CB06F801CB06F801CB7F1EBBD11E68491C8032B14299DB4FF44F6105F23C50FEF797FD256001B0BDE8F08300002DE9FD4F8CB0DFF8D80B0C9A02EB820300EB83025088059090880690D0880790108909900598009008B1401E009007980290DFF82f
:807C0000A00B0668029B741EA3423CBF5B1C0293069C04B1641EDFF88C5B099B2D6804936D1EAB423CBF5B1C0493079B059D069FDFF868CB9CF810C45B1B099DED1B5B1C6F1CDFF86C5BBCF1000F14D1B5F84AC09C45A4BFB5F84CC0BC4520DBB5F84EC07B439C45BEBFB5F85030B2F90A70BB4280F29A8013E0B5F8B8C29C45A4BFB5F8bb
:807C8000BAC2BC450BDBB5F8BCC27B439C45BEBFB5F8BE32B2F90A70BB4280F28580DFF8FC0ADFF8F81AD0F8140440F48070C1F814043423D1F8380503FB0011A1F134060FF6B401B1E89853A6E89853B1E89851A6E89851343E9189F181401C9189B1810599B180079931810699F18009997181EB8E0599B5F93A4003FB014101F5805170
:807D0000B183EB8E079C03FB0433B5F93A40E31803F580533384069C2F8FB5F93CC007FB04C404F58054F48389B22C8F099FB5F93C5004FB07449BB22C19591804F5805401EBD171748449103183738CF18B591801EBD17149107183B6F91C30B6F92010C91AF184B6F91E30B6F92210C91AB184518931820921317014280C993163DFF869
:807D8000341A0A6842F001020A60DFF8101AC1F83805C0F0EA831320C1F838050FB0D1F83805401EBDE8F08F009B029A9A420ED3DFF8E82902EB830202F583624FF0FF3742F8047B5B1CDDF808C09C45F8D2009A06FB04220A922646049AB242C0F0D981009A02EBC412920002F1A24201920C464FF0FF37019A0A9BDDF808C0089239460e
:807E0000DFF898299A18009B02F23C524FF00008BCEB030FC0F0B081DFF880C90CEB830C0CF5836E4FF0000C82F800C0DDF820C0BCF900C0BDF93490B9F1000F02D0E145B8BFCC461BB9644572DA002176E0B5F8629009EB0C0AC24531DA11F1010F67D0A2F10108994263D2591A11F0030908D0B9F1010998F800A04AF0400A08F801A965
:807E8000F6D1890854D0491E98F8009049F0400908F8019998F8009049F0400908F8019998F8009049F0400908F8019998F8009049F0400908F80199E5D139463EE0C844E04502DA644533DA37E0A44532DA11F1010F33D0A2F10108994229D2591A11F0030908D0B9F1010998F800A04AF0400A08F801A9F6D1890800F01A8098F800909a
:807F000049F0400908F80199491E98F8009049F0400908F8019998F8009049F0400908F8019998F8009049F0400908F80199E5D1394603E011F1010F00D119463EB96445ACBFB8464FF00008CEF80080C7E0DDF82080A8F50078B8F90080BDF93490B9F1000F02D0C145B8BFC846B5F8629009EB0C0AC24552DADEF8009019F1010F00F09c
:807F8000AE80D0F80080A2EB0808B14580F09D80A6EB090919F0030A00F00D8098F800B04BF0800B88F800B0BAF1010AD0F800B0A8EB0B08F2D15FEA990900F0868000BF98F800A04AF0800A88F800A0B9F10109D0F800A0A8EB0A0898F800A04AF0800A88F800A0D0F800A0A8EB0A0898F800A04AF0800A88F800A0D0F800A0A8EB0A0831
:8080000098F800A04AF0800A88F800A0D0F800A0A8EB0A08D4D1CEF8007060E0C844E04506DA6445B4BFB046B846CEF8008056E0A4454DDADEF8009019F1010F4FD0D0F80080A2EB0808B1453FD2A6EB090919F0030A0CD098F800B04BF0800B88F800B0BAF1010AD0F800B0A8EB0B08F2D15FEA99092AD098F800A04AF0800A88F800A031
:80808000B9F10109D0F800A0A8EB0A0898F800A04AF0800A88F800A0D0F800A0A8EB0A0898F800A04AF0800A88F800A0D0F800A0A8EB0A0898F800A04AF0800A88F800A0D0F800A0A8EB0A08D4D1CEF8007006E0DEF8008018F1010F08BFCEF80060E046DDF820C00CF10409DDF808C05B1C521CCDF820900EF1040E9C45BFF493AE026813
:80810000029BA2F1010C634536D111F1010F33D0DDF808C0DFF8843606FB02CC634403F23C58914280F0288098F8002042F0400288F80020491C0268A8F1010391421BD21A7842F0400203F80129491C0268914212D21A7842F0400203F80129491C0268914209D21A7842F040021A70491C0268A3F101089142D7D30A99026851180A9113
:80818000761C019901F5007101910499B142BFF431AEDFF8102604991268521E914254D1009B0299994250D3DFF8F01501EB830101F58362116811F1010F41D00568049EDFF8D84506FB05352C1904F23C58DFF8D4452468A14233D298F8004044F0800488F80040491C0468A8EB0405DFF8B4452468A14224D22C7844F080042C70491Cfd
:8082000004682D1BDFF89C452468A14218D22C7844F080042C70491C04682D1BDFF884452468A1420CD22C7844F080042C70491C0468A5EB0408DFF86C452468A142CBD302995B1C121D9942B4D20699059A0368059C02EBC11203FB014104910699099B0191019CDFF84015A342C0F071815318920002F1A2420A930B920B9A049B079Ca6
:808280000892DFF818259A180A9B009302F23C52059B9C42C0F04981DFF800451578D4F8384505F0C005C02D40F02D81002503951427059DAB421FBF009D15F8015C8DF80C50002D02D0142DB8BF2F46019D069EB54222D0009D15F8805C8DF80E5015B1BD4238BF2F46059DAB421FBF009D15F8815C8DF80D50002D02D0BD4238BF2F4677
:80830000079DAB421FBF009D15F87F5C8DF80F50002D02D0BD4238BF2F46089DB5F90050002D48BF00253E46142E00F0C580DFF86CC44FF0340E0EFB06C6343E0296B6F80EC0AC44A6F80EC0B6F804C0634538BFB380B6F808C09C4538BF3381DDF804C0B6F806E0F44538BFA6F806C0B6F80AC0DDF804E0F44538BFA6F80AE0B6F810C017
:808380000CF1010CA6F810C0B6F90CC0AC45B8BFAC46A6F80CC00426009D2F700DF10C0595F800C0BCF1000F18BFBC4500F08080DFF8E8E34FF0340808FB0CEE17B9AEF1340E63E0DDF80880AEF1340E08F10409BEF80EB0B9F80AA0DA44A9F80AA0BEF810B0B9F80CA0DA44A9F80CA0B8F804B0BEF804A0DA4588BFDA46A8F804A0BEF87a
:8084000008B0B9F804A0DA4538BFDA46A9F804A0B9F802B0BEF806A0DA4588BFDA46A9F802A0BEF80AB0B9F806A0DA4538BFDA46A9F806A0B9F908B0BEF90CA0D345B8BFD346A9F808B0BEF80680BEF80A90C145C0F21C80BEF804A0BEF808B00AEBC819D3450DDB19F801B0E34508BF09F80170BEF808B00AF1010A09F10109D345F1DAde
:80848000BEF80A9008F10108C145E3DA0FF2E80CBCE8000FAEE8000FBCE8000FAEE8000FBCE8000FAEE8000FDCF80080CEF800806D1C761E2AD073E7B84E342707FB04660FF2B407B7E8005F343EA6E8005FB7E8005FA6E8005F3F6846F83079F581B3803381019FF780019F778101273782022737700C9F3763B581009D2C70641C142Ccf
:8085000004D3132402E0009E002535705B1CA34DC5F83845521C089C241D0894009C641C0094079C9C42BFF4B7AE019A0368521C0192049A9A1804920B9A019B02F500720B920A9A80320A92099A9A42BFF495AE9248924AD0F83805431EBDF9380000F025F88E49401CC1F838050FB0D1F83805401EBDE8F08F00000000000048002E0032
:8085800000000000000000000000000000000000000000000000000000000000000000000000000000000000FFFFFFFF2DE9F04714461D46064627464FF00008012DC0F28D80DFF8F091DFF8E8A13878022840F07F80B7F90E00B7F91010002808BF002920D06E4890F8102432B9BAF846208A421ADABAF8482005E0BAF8B4228A4213DAbc
:80860000BAF8B62291420FDA3246394608F1010000F0D2F89AF81400800744BF384600F0A5FB0120387053E0B988BAF83620BAF93A3002FB013101F58051B983BAF836203B8902FB0322BAF93A309A1802F580523A84FB88BAF838C0BAF93CE00CFB03E303F58053FB83BAF838C0B7F80AE00CFB0ECCBAF93CE0F44489B292B202EB010E1b
:808680000CF5805C0EEBDE7EA7F822C04FEA6E0EA7F818E09BB21FFA8CFC0CEB030E0EEBDE7E4FEA6E0EA7F81AE0511AF984ACEB0301B98409213970D9F8001041F00101C9F80010D0F8141441F40071C0F8141408F101083437A845FFF677AF00202146012D59DBEA0713D50A78012A01D0092A0DDBB1F92000B1F91C20801AC884343426
:80870000B1F92200B1F91E20801A8884012034316A0841D00B78012B01D0092B19DBB1F92030B1F91C505B1BCB84B1F91E50B1F922305B1B8B848C4209D0B1E8E851A4E8E851B1E8E850A4E8E8503439343C3434401C11F8343F012B01D0092B19DBB1F92030B1F91C505B1BCB84B1F91E50B1F922305B1B8B848C4209D0B1E8E851A4E8f8
:80878000E851B1E8E850A4E8E8503439343C3434401C3431521EBDD1BDE8F087A83300201400002018000020A81C0020A05C0020DC570020B86200202DE9F74F92B0C8880090139840890290139880880490139800890390009800281FBF401E80B20090002802D0401E80B20090DFF89C060068401E0F900F990298884203DA0298401C70
:8088000080B202900298884202DA401C80B20290049800281FBF401E80B20490002802D0401E80B20490DFF864060068401E0E900E990398884203DA0398401C80B203900398884202DA401C80B2039003A80021B0F800C0ADF8441004A8ADF82610B0F800E002A80188069100A80021ADF824100188029805910021ADF822108DF8201036
:808880000A910D91ADF81C1089468A4600990191CDF8309001998842C0F2FB800846049901EBC0110B91DFF8E805B0F86A10ADF81E100198009A0B99002790421FBFDFF8D405081810F8800C10F07F0005D0129A90420CBF40274FF480470198029A90421FBFDFF8B005081890F8800010F07F0006D0129A90420CBF08204FF40060074325
:80890000049A039800239042C0F2B480DFF884050818A0F17F04880000F1A24801A80688CDF84060DFF86C05085C00F07F06039882422AD094F8800010F07F0006D0129DA8420CBF01204FF4807007430198009DA8421CBF207810F07F0006D0129DA8420CBF20204FF4005007430198029DA8421CBF94F8000110F07F0006D0129DA84292
:808980000CBF04204FF4806007431298864202D0F8B2002850D0B8F90050002D4CD44BD01298864254D1BDF91C00A842B8BFADF81C503EB94FF47F40074203D005EBD570C0030514BDF95000A84220DA01208DF820009445A4BF1FFA82FCADF844107245A4BF1FFA82FEADF826100698DDF804B0584503DB10980690ADF824100198DDF84a
:808A000014B0584503DB10980590ADF82210BDF81E0018B1BDF91E00281A05B2012D0BDB0A98DDF830B028180A90A9440D9805FB03AA05FB0B050D9546F66C403840470076B1129886420CBF02204FF4007006E0002EAFD0681005EB90708003B1E707430398521C5B1C491C641C08F104089042BFF658AF0198411C01910C98411C0C91a6
:808A80000B9800F180010B91029801998842BFF610AFB9F1000F1398A0F80E901399BDF81C008881DFF8E803C08E04D000FB0AF0B0FBF9F006E01399139A09899288891A4843401013990883DFF8C4030A99008F29B10D9948430A99B0FBF1F006E01399139A4989D288891A484340101399DFF8A023488313980499008BD28E02FB0100f1
:808B00001399DFF88C23088313980099408B128F02FB010013994883DD491398B1F93A10008B01F58051081813990883D8491398B1F93C10408B01F580510818139948839DF82000002800F0EE80049860450DDABCF1000F0AD0BDF84410BDF95020880000F1A24030F9043C9A4208DAC848C18E0CFB01F0A0EB51001FFA80FC17E08900c8
:808B800030F9042C01F1A241ACF10104B1F90030BF49BDF95060C98E30F9040CB21A4A43181A92FBF0F004FB010C1FFA8CFC039886450DDA0E9886450AD0BDF82610BDF95020880000F1A240B0F904309A4207DAAF48C18E48080EFB010E1FFA8EFE17E08900B0F9042001F1A2410EF10104B1F90030A749BDF95050C98EB0F904004C435e
:808C0000AA1A5143181A91FBF0F0201A1FFA80FE0098069988420DDA60B1BDF82410BDF95020880000F1A240A0F50073B3F900309A4206DA9648018F06984843A0EB510119E0A0F500728900B2F9004001F1A241A0F50070B1F900208D49069B098FBDF95060B0F90000341B4C43101A5B1E94FBF0F003FB010189B20691059802998842bc
:808C80000DDA0F9988420AD0BDF82210BDF95020880000F1A240B0F900329A4206DA7C48018F05984A0800FB012115E08900B0F9002201F1A241B1F900307549059C098FBDF95050B0F90002641C4C43AA1A5143181A91FBF0F0211A89B26D48B0F93A0005916044139900F5805088836848B0F93A001399704400F580500884644906989a
:808D0000B1F93C100818139900F58050C88360490598B1F93C100818139900F58050488415B0BDE8F08F13985949008BB1F84210139AA0EB510191835549B1F8421000EB51001399088452491398B1F84410408B139AA0EB5101D1834D49B1F8441000EB51001399488415B0BDE8F08F30B44849CA8C038B02F58052934205DACC8DD21Aea
:808D800092FBF4F29A1A02834C8D028B04F58055954207DA131B4C8EA3F5805393FBF4F39A1802830A8D438B02F58052934205DA0C8ED21A92FBF4F29A1A42838C8D428B04F58055954207DA131B898EA3F5805393FBF1F18918418330BC70472DE9F04102462D4C256808462C490B46012847DB0646DFF89C801F78092F3ED091F810C467
:808E0000B3F81CE09788BCF1000F19D1B8F8A0C067447745A1BFB3F820E01788A7EB0C07BE452ADBB2F806E0DF8BE644BE4524DB5788B3F822E0A7EB0C07BE4519DA1CE0B8F8C2C267447745A1BFB3F820E01788A7EB0C07BE4510DBB2F806E0DF8BE644BE45A1BFB3F822E05788A7EB0C07BE4503DB0A271F7045F001053433761EBAD17d
:808E80002560BDE8F08100001800002014000020DC570020A81C0020B8620020A83300207047000062F30F2262F31F4200B500BF130096469446103928BFA0E80C50FAD85FEA417C28BF0CC048BF40F8042BC90728BF20F8022B48BF00F8012B00BD000008B4F0B50D4682B00446286862F302002860012A18BF022A13D1FEF7C5FA0090e9
:808F0000354E9DF800003070C00707D503F088FF074603F095FF381A001200E00020A6F80100B4F81300296860F3C7012960DDE907012B68021162F313232B600811296860F31F51296004F14300B0F9081049102971B0F90A0040106871204604F07AFA0090BDF80000A871BDF80200E871D4F843000012A5F80900D4F85700287202B097
:808F8000F0BC0B205DF808FB13480068704701460B22124809F0ECB8104809F055B9F0B581B004460D4600260C4F0AE00B21384609F032F9014620460B22FEF77DFB761C0B34AE4204DA384609F03EF90028EDD1304601B0F0BD00002C6700205C1C002010B5DFF83406DFF83426B0F85210B0F85400DFF82C4611602181DFF828261060bb
:80900000002020626062A062FBF756F8002020706081A081E0812082E0616070E071A070E07020712063E082DFF8FC150860A07110BD65E12DE9F047DFF8F00582B00178012940F0448100210170DFF8E4050078022840F05281DFF8DC05DFF8C4450578E06A0026401CE062012DB8BFE18245B1212DA8BF002504DA09F00CF9050048BF2c
:80908000002501952563A06A18B1A06A401EA06266622846DFF8A07500F066FA0B2804DB3E70A08908B90120A081DFF890053978007808431CD12062606209F0B5FA10B1208A401C208215B9E089401CE081208A0628BCBFE089652801DAA08910B1A089401CA081A089332802DB00200126A081607848B1DFF848050068000A400703D47a
:809100005F202070002501E0207828B12078401E2070C0B200B10025DFF828050178314308D0002101700120A07000256181A181E18121820027DFF81065376000A8FEF793FCBA46012D32DBDFF80085DFF8C89498F80000022824D1B8F90C00B9F858E086451EDAB9F96020B9F86C30B9F85E70714667B10EEB07028242B8BFC11B09B228
:80918000081800EBD07042105818A0EB0E031BB212B209B25046FEF719FD0746212FA8BF00270AF1010A08F11408AA45D0DB47EA0520306039460098FCF70AFD0546FDF789FAE0822878E061617841B138B9DFF870140968090A49075CBF5F212170DFF87064316829B1DFF86C24012111700021A182A18A628A51EA020306D00AB1521E22
:80920000628231B1491EA18203E00021DFF8442411700199014308BF31603168014305D1216A491C2162616A491C01E0002121626162DFF808140978012904BF00212162617839B1DFF8F8130968090A49075CBF0021216298B3DFF8C073397A89062BD50021012821DB2A1DC30708D513681B78022B1CBF012B032B00D10121121D400824
:8092800013D013681B78022B1CBF012B032B00D1491C53681B78022B1CBF012B032B00D1491C401E08320028EBD1B7F8A200401D8842BCBF01202070284609F0FBF93068D8B9DFF86413086002B0BDE8F087017802290CD1DFF88003007870B9DFF84043012060710A20A06202B0BDE8F0870078032802D1CA490120087102B0BDE8F08724
:8093000010B5DFF85433DFF854231B78C848C249C34C012B136812D143F080431360002262816262226222712263B1F85410BD4A116001210170BDE8104009F037BF23F08043136000226281A281E2812282226262712263B1F85210B04A11600221017009F0C6FE0020B1490870A07110BD10B501240AF0E3FCAA494A6B824238BF024672
:809380004A638A6B904298BF02468A630A8B22B1012A12D0CC70002010BD9F4AB2F8BA30984223D3B2F8BC20904220D20C83002048830024CC70002010BD974AB2F8BA30984207D2488B002400B14C830C83CC70002010BDB2F8BC30984208D2488BB2F8BE20401C488380B2904200D20024CC70002010BD8A48C069704795480068401Ed6
:809400008041C043C00F7047002070478448012141708B490968090A49075CBF5F2101708C4A012111704FF4FA71418270477C4900204870704730B5794C81B0E079002855D1A07828B10020A07009F027FFFFF757FF206A322804DB01200AF0FFF9FFF74FFF607908B1FFF74BFF6B4D606A298A88421CDB0020606201200AF0EFF940214d
:8094800000200AF087FA7548016841F0804101600020608160622062207120636149B5F85400086001206249087009F07FFE2079E8B101200AF0D2F9402100200AF06AFA6648016841F0804101600020608160622062207120635349B5F85400086001205349087001B0BDE8304009F05FBE01B030BD30B54A4C81B0E07938BB464D95F8ac
:80950000B200C00708D54A480078022804D14A48007808B1FFF72BFFE078B8B10020E0700AF0F2FCE063B5F8BA10B0EB510F38BF00200AD3B5F8BC10884205D20120208301B00020608330BD0220208301B030BD334800210162416235490978012908BF8171704700000000F0B401460020012200230446354D40F2BD2640F22D1701E041
:80958000641C14358C420CDA95F800C0BCF1020FF6D1B5F90CC0BC45A8BF0123B445EFDB0022134235D02E4909680129C0F231804FF0A2426FF0C7032A4D2D681446012D23DB15F0030607D0B4F900709F42B8BF401C241D761EF7D1AD0816D0B4F900609E42B8BF401C34F9046F9E42B8BF401C34F9046F9E42B8BF401C34F9046F9E42b0
:80960000B8BF401C241D6D1EE8D102F50072491ED2D1F0BC70470000DC5700200C000020241B002010000020BC62002000000020010000201000045102000020D819002004000150D9190020BC370020A05C0020B8620020B8370020F966002000000150180000201400002030B4827C00F14301807BD3071DD5B1F90840DFF8F03514F5a7
:80968000004F03D0B1F90C50032D06DBDFF8E0459C801C7804F0FE0404E064109C801C7844F001041C701C7804F0D90444EA40141C70920724D5B1F90A2012F5004F03D0B1F90E10032909DBDFF8A035DFF8A015998693F8301001F0FE0107E0DFF88C355110998693F8301041F0010183F8301093F8301001F0D90141EA401083F8300062
:8097000030BC7047817BDFF864050278530903F001038B4203D042F00802027004E0002914BF426E026EC260027842F00202027090F83020530903F001038B420AD042F0080180F8301090F8301041F0020180F830107047002914BFC16E816EC16390F8301041F0020180F83010704730B48568D0F84720837CB0F81340D5F83650407Dc8
:8097800018B1032CA4BFA41EA4B204FB05F0B1B1D90707D51168814234BF0021091ADFF8CC44616699071FD5D2F80014814234BF0020081ADFF8B414C86630BC7047D90707D51168814234BF0021091ADFF89C442166990708D5D2F80014814234BF0020081ADFF88814886630BC7047DFF87C040021016641668166C166704711F5004F85
:8098000000D1704770B40478B0F90630E5071ED5B0F904505E1FB542A7BF5B1DAB4244F0100303702B464D1EAB42A4BF4D1C9D4217DAB0F906506D00CA18954203DA8B420EDC19460CE099420ADA194608E04D1EAB42A4BF4A1C9A4203DB44F001020270818070BC70472DE9FE4781B0826890F812A0B0F81310D2F83620437D00F14304a2
:8098800000F1120865681BB10329A4BF891E89B290F80E90DFF8D47301FB02F65FEACA7046D5B4F90C00052842DA3878410901F00101494503D040F00800387034E0B8F80A0038822868B04234BF0020801B78616868B04234BF0020801BB861A868B04234BF0020801BF861E868B04234BF0020801B38622869B04234BF0020801B786295
:809900006869B04234BF0020801BB862B9F1000F2068F8620198B86006D13846BDF90C10FFF76CFFB888F880387840F0040038705FEA8A7052D5B4F90E0005284EDA97F83000410901F00101494504D040F0080087F830003CE0B8F81A00A7F84000D5F80004B04234BF0020801B7864D5F80404B04234BF0020801BB864D5F80804B04217
:8099800034BF0020801BF864D5F80C04B04234BF0020801B3865D5F81004B04234BF0020801B7865D5F81404B04234BF0020801BB865B9F1000F2068F8650298B86307D107F13000BDF90E10FFF718FFB88EF88697F8300040F0040087F8300004B0BDE8F0872DE9F04FB1F90420B1F91030D41ACB684A6915469A42C8BF1D468B69AB42f6
:809A0000D8BF1D46CF69AF42D8BF3D46D1F820C0AC45D8BF6546D1F824E07646AE45C8BF2E468D6AB542D8BF2E46022C12DB921B032C10DB9B1B042C0EDBBF1B052C0CDBACEB060C062C0ADBAEEB060E072C08DBAD1B07E0B21AF31AF71BA6EB0C0CA6EB0E0E751B0E78B6060BD4022C80F28C809F42C0F29680012ABCBF012B012F80F2cd
:809A8000908003EB020807EB08090CEB09060EEB060AC5F1000BABEB0E0E7644AEEB0C0E0EEB090CAEEB070E0EEB0807AEEB030305EB0A0403EB0209A3EB02080BEB0A054A46C145C8BF42469742D8BF3A469445D8BF62469642D8BF32469542D8BF2A469442D8BF22460023A8EB02084FF0FF3EB8F1010FA4BF43464FF0000EA9EB020961
:809B00004B45BCBF4B464FF0010EBF1ABB42BCBF3B464FF0020EACEB020C6345BCBF63464FF0030EB61AB342BCBF33464FF0040EAD1AAB42BCBF2B464FF0050EA21A9342B8BF4FF0060EC0F80280C0F80690C0F80A70C0F80EC0C0F81260C0F81650C0F81A2042786EF3030242700A8A521C0270427802F00F0242F0200242708968C0F896
:809B80001E100120BDE8F08F072CFFF67AAFE64507DB002D5CBFBEF1000FBCF1000F7FF570AF0020BDE8F08F30480021016001637047012805D12D48017841F0080101707047022806D1294890F8301041F0080180F830107047F0B5244D0446287881B00E46C00603D495F83000C00603D5207A40F02000207204F109072878410716D5e3
:809C0000810714D5C10712D501070ED4400900F00100B04209D129463846FFF7E2FE217A01F0FD0141EA400020720020286095F83000410718D5810716D5C10714D5010710D4400900F00100B0420BD105F1300107F12200FFF7C5FE217A01F0FB0141EA800020720020286301B0F0BD106400200080FFFF2DE9F24F014681B0B1F9146011
:809C800076B9488D1488001B000409D5086B91F83C409CB120B10198007810F0030F15D0981E00B25C1E009002EB860752F82630B1F82AE024B200203F1D16E0002801BF0198007800F003000328E9D184F0010081F83C001268888E10184010C88602B00120BDE8F08F4346761C36B2B446A44507DA57F8048B1FFA88F5AEEB05052D044b
:809D0000F1D58E82B646019F4FEA2C1557F8257001260EF00F0506FA05F52F40019D0CF101094FEA29190EF1010E55F829500EF00F0E06FA0EFE0EEA050E02EB8C020CF10205083209E000BF09F101038B827746434652F8048BD6466D1CB1F91490A14528DA009881450DDA01984FEA251C50F82C0009F1020C0CF00F0C06FA0CFC0CEAfc
:809D8000000A00E0F24691F83CC0BCF1000F18D017B15AEA0E001CD0B1F82EC01FFA88FB0020ACEB0B0C5FEA0C4CCDD54E704B878A8DCA86A145A4BF0F638B8602B0BDE8F08F002FE8D1BEF1000F18BFBAF1000FE2D08CF0010281F83C20012008EB03025210E6E72DE9F04304460125B4F914C04FEA2C1651F826600CF00F0705FA07F71d
:809E000037405B1E002052F82C601BB2BCF1000F19D1B4F828C01FFA86FEACEB0E0E5FEA0E4E10D5206B3843401E8041C043C00F84F83C00A4F838C00120BDE8F0833E460CF10107A782B4F914C0E6469E450BDA02EB8E077F68B4F828801FFA87F9A8EB09085FEA0848EAD54FEA2E1251F822200CF00F07BD4005EA02079E4515DA67B929
:809E80000EF10100001151F820000CF1010101F00F01C84000F0010000E0012084F83C00208D20870120BDE8F0832763A686BDE8F083B0F9162002F534525143028B01F0FF039A18803A12B2FF2A08DDA2F5807201F58071028301F18000000A704712F1FF0FBCBFA1F5807102F58072028301F18000000A70472DE9F047044682B0E08820
:809F0000884615461E46002840F0DF80287894F82710C0074FD400294DD1012084F84E00FFF768FA012880F24C81E58EA583B4F9161001F5345101EB41025100228B01F0FF039A18803A12B2FF2A04DD01F58071A2F5807206E012F1FF0FBCBFA1F5807102F580728031228305EB1120A0858738608500F58770E08502F062FF064602F0a7
:809F800059FF301A411000EB917005EBA0006084FCF7CDFD38B140F25721608CA0F6D37088428041C00F84F8240001202071A08A401CA0824EE1891E306860830129608BE08602D9891E28D04FE02E22B4F9161001F534515143228B01F0FF03803B9A182283B4F91820FF2A04DD01F58071A2F5807206E012F1FF0F04DAA1F5807102F59a
:80A0000080722283803100EB11200146A0F61600024600F580502C304EE0B4F9161001F5345136225143228B01F0FF03803B9A182283B4F91820FF2A04DD01F58071A2F5807206E012F1FF0F04DAA1F5807102F580722283803100EB11200146A0F67E10024600F59050FC3026E0B4F9161001F534514F225143228B01F0FF03803B9A18d6
:80A080002283B4F91820FF2A04DD01F58071A2F5807206E012F1FF0F04DAA1F5807102F580722283803100EB11200146A0F6E350024600F5D850C630E085A1856285012084F83C00A08A401CA0823246BDF928703B4629462046FFF7CDFD002867D0E08E8146A4F81C90B4F9161001F5345101EB41025100228B01F0FF03803B9A1822830f
:80A10000B4F91820FF2A04DD01F58071A2F5807206E012F1FF0F04DAA1F5807102F580722283803100EB1120A0858738608500F58770E08502F084FE824602F07BFEAAEB0000411000EB917009EBA0006084FCF7EEFC38B140F25721608CA0F6D37088428041C00F84F8240001202071A08A401CA08200B2B84209DA009733462A4641469f
:80A18000204600F06BF802B0BDE8F087791E09117B1E55F82110012203F00F039A40114006EB8700216350F8040CA08652E0607800284FD0022084F84E00FFF71BF9012803DB002002B0BDE8F087E58EA583B4F9161001F5345101EB41025100228B01F0FF039A18803A12B2FF2A04DD01F58071A2F5807206E012F1FF0FBCBFA1F580715b
:80A2000002F580728031228305EB1120A0858738608500F58770E08502F012FE064602F009FE301A411000EB917005EBA0006084FCF77DFC38B140F25721608CA0F6D37088428041C00F84F8240001202071A08A401CA082012002B0BDE8F0872DE9F04182B00D46BDF920701646984604463B4642463146FFF7FEFC002800F08880E08E87
:80A28000E08300B2B4F91C1094F82720411A002A3BD194F824205AB1E12909DA022184F82710042184F8251084F826100C2116E0B1F59D7F0ADC012184F82710042184F82510022184F82610282108E0042184F82710022184F8251084F8261014212172B4F91610228B01F5345101EB410101F0FF03803B9A182283B4F91820FF2A13DD18
:80A3000001F58071A2F5807215E0042AE8D8DFE802F0070304040500D0E7C2E7D9E7DFE7002002B0BDE8F08112F1FF0F04DAA1F5807102F580722283803100EB1120A0855A386085B430E08502202071A08A401CA08200B2B84209DA0097434632462946204600F025F802B0BDE8F081781E00117A1E56F82000012102F00F02914008401f
:80A38000206308EB870050F8040CA0860BE0607848B1032084F84E00002084F82700607002B0BDE8F081012002B0BDE8F08100002DE9F04782B08846BDF9287091469A4604463B4652464946FFF754FC050039D0E08E208400B2B4F91E10461A05F039FA80BB94F82700022818BF04280DD1692E0BDA042084F82500022084F826002820f0
:80A400002072012084F8270093E001281AD1A62E18DB94F8240050B1042084F8250084F826000C202072022084F827000FE0022084F8250084F8260014202072042084F82700A5E094F8270002286DD17DB384F8250084F8260019202072032084F82700218CE08B228B0818B4F9161001F5345101EB810101F0FF03803B9A182283C003af
:80A48000B4F91820000CFF2A04DD01F58071A2F5807206E012F1FF0F04DAA1F5807102F580722283803100EB1120042129E06078002800F0EF8000206070E08B2084B4F9161001F5345101EB41025100228B01F0FF03803B9A182283B4F91820FF2A04DD01F58071A2F5807206E012F1FF0F04DAA1F5807102F580722283803100EB112018
:80A50000032120852171A08A401CA08200B2B84280F2A080009753464A464146204600F0C7F802B0BDE8F08701282CD1002D00F0A580E08B218C081840102087B4F9162094F82510208F02F534525143228B01F0FF039A18803A12B2FF2A08DD01F58071A2F580728031228300EB11204EE012F1FF0FBCBFA1F5807102F580728031228335
:80A5800000EB112042E0042840F08880002D75D0E08B218C228B0818C103B4F9160000F5345000EB400303F0FF052A44803A090C12B2FF2A04DD03F58073A2F5807206E012F1FF0FBCBFA3F5807302F58072803301EB1321218789B294F82530584300F0FF03803B9A1812B2FF2A04DD00F58070A2F5807206E012F1FF0FBCBFA0F5807014
:80A6000002F580728030228301EB10202085002205202071207A10305FEA201008EB400121F80229401EFBD5A270207A401E60820120E070A08A401CA08200B2B84209DA009753464A464146204600F0B2F802B0BDE8F087791E09117B1E59F82110012203F00F039A4011400AEB8700216350F8040CA08602B00120BDE8F087607848B104
:80A68000042084F84E00002084F82700607002B0BDE8F087012002B0BDE8F087082084F84E00002084F8270002B0BDE8F08700002DE9F04182B08846BDF9207015461E4604463B4632462946FFF78CFB00286CD02179012004291DD194F83C1001B1002005212171B4F9163094F82520218F03F534535A43238B02F0FF0CACF1800C634477
:80A700002383B4F91830FF2B0FDD02F58072A3F5807311E0032904D194F83C100029DFD1DDE7002002B0BDE8F08113F1FF0F04DAA2F5807203F580732383803201EB122121850023217A10315FEA211108EB410222F80239491EFBD5A370217A491E6182E07010B9052084F84E00A08A401CA08200B2B84209DA009733462A464146204604
:80A7800000F017F802B0BDE8F081791E09117B1E55F82110012203F00F039A40114006EB8700216350F8040CA086012002B0BDE8F0812DE9F04381B00446BDF9207088461546994609E0401E6082268F94F825102046FFF76EFB801920853B464A4629462046FFF7FFFA002800F08680A08A401CA08294F83C0060B1B4F91200011138F8eb
:80A800001120012300F00F0003FA00F0104328F81100B4F912000128D5DA94F82700401E05D0401E012825D9801E26D02CE00021652084F83C1006212171218FE18694F8263094F825205B08C3EB4202B4F9163003F534535A43238B02F0FF06803E33442383B4F91830FF2B17DD02F58072A3F5807319E001212420DBE70720207101201b
:80A88000A07001B0BDE8F083082084F84E00002084F8270001B0BDE8F08313F1FF0F04DAA2F5807203F580732383803201EB1221A185A1EB500161854018E085B4F91400B84209DA00974B462A464146204600F017F801B0BDE8F083791E09117B1E55F82110012203F00F039A40114009EB8700216350F8040CA086012001B0BDE8F08313
:80A9000010B511461A46BDF908300446FFF7B2F9D8B107F0ABFA68B994F82700042809D0B4F93600B4F92C10401A042807DBE08A401CE082072020710120A07010BD10F1030FF7DAE08A401EF3E7607848B194F827000128EED1062084F84E000020E070E8E7012010BD000070B50546104682B01A462B78002B40F07A80AB822B79069Ca0
:80A98000082B74D8DFE803F005141C24242C343C3F00134624B2024600942846FFF7ABFA00283BD00799072964D00021697072E0134624B2024600942846FFF74FFCEFE7134624B2024600942846FFF7F1FCE7E7134624B2024600942846FFF769FEDFE7134624B2024600942846FFF7E2FED7E7134624B2024600942846FFF781FFCFE727
:80AA0000012002B070BD014623B22846FFF732F918B9687880F00100C2E700202979082930D095F82710032918BF02292AD1698BE98601206A8C032392FBF3F20F2392FBF3F2B5F91630C2F1A40203F534535A432B8B02F0FF06803EF3182B83B5F91830FF2B1DDD02F58072A3F580731FE0002002B070BD2979072997D0072085F84E0086
:80AA800000206870012129700021E97095F8271009B10121A970E9886118E98002B070BD13F1FF0F04DAA2F5807203F580732B83803201EB1221A9852D3969855A31E98585F83C0008212971E5E710B5DFF8E444002020802071E080012084F83C0000202083207204F0B5FE401E0CD0401E012804D9801E0CBF0420002005E0FCF717F81c
:80AB000010B1022000E0012084F82700002084F8240084F84E0084F8500084F8510084F85400A4F85600012084F88C000020A4F8680084F8580004F08CFE401E0CD0401E012804D9801E0CBF0420002005E0FBF7EEFF10B1022000E0012084F87700002084F8740084F89E0010BD10B501F1080382B001F14302D97902292DD100210128fd
:80AB80000FD1DFF8300404781CBB526890F854100191B3F80B10009102F5006300F10A0114E0022802BFDFF80C0490F85040002C0FD1526801790191B3F80B10009102F5006300F15A0102F580625030FFF7CCFE0146084602B010BD002002B010BD012808D1DFF8D003017891B9007907280FD001207047022802BFDFF8B80390F8501086
:80AC0000002905D190F85400072801D00120704700207047DFF89C1391F8270091F8771029B108B908467047884218BF0020704770B4E0498A7891F852301A4200F07E80027A42F00802027200F14D0291F82730147863F30204147091F84E3063F3C604147004F07F03CC7843EAC41313700B7A0F331B11012B1FDB521C01F10A0413F01a
:80AC8000030505D06D1E34F8026B22F8026BF9D19B0811D05B1E34F8025B22F8025B34F8025B22F8025B34F8025B22F8025B34F8025B22F8025BEDD100228A7010F8543F91F8772062F30203037091F89E2062F3C603037003F07F0291F8533042EAC312027091F858200F321211012A20DB401C01F15A0312F0030405D0641E33F8025Bba
:80AD000020F8025BF9D1920800F0128033F8024B20F8024B521E33F8024B20F8024B33F8024B20F8024B33F8024B20F8024BEDD1002081F85200012070BC704770BC002070470000F0B5044685B0B4F81300617D11B10328A8BF801ED4F847100A680292D1F800240392B4F92320521C022A2FDB531E0A1D13F0030500F0098052F8046B1d
:80AD8000029FBE42C8BF3E4602966D1EF6D19B0800F01E8052F8045B029EB542C8BF35460295029E52F8045BB542C8BF35460295029E52F8045BB542C8BF35460295029E52F8045BB542C8BF354602955B1EE1D1B4F93320521C022A2FDB521E01F2044112F0030300F0098051F8045B039EB542C8BF354603955B1EF6D1920800F01D80ef
:80AE000051F8045B039B9D42C8BF1D46039551F8043BAB42C8BF2B460393039D51F8043BAB42C8BF2B460393039D51F8043BAB42C8BF2B460393521EE2D180B20190DDE9020100910346A27B022102A802F01CFCFBF7A1FEA168CA7C1AB1032818BF042800D08A7CD1F80A50029ED1F80E30761B7243803205EB22229342B8BF13464E4A83
:80AE8000136091F82D301BB1032818BF042801D091F82C30886A496A039D6D1A6B43803301EB23218842B8BF08465060A07B107205B0F0BD30B540490A7AD1E9004581B023460095022102F082FC01B030BD3948B0F9162000210183A0F86810B0F966108A421AD052B249B2002A18BF002903D10023A0F86630C382002A48BF52420029f2
:80AF000048BF494252B249B28A4203DAC18AA0F866107047B0F86610C182704730B50446084683B0856802F095FA0290D5F80E10BDF9080002F025FC0090D5F80A108842B8BF08460090A96ABDF90A0002F019FC0190696A8842B8BF0846019000A920460822FCF7A9FB03B030BD7047114890F84E10052918BF072905D090F89E1005293b
:80AF800018BF072901D10120704790F8272090F8A010002A04BF90F87720002A05D10529B8BF491CC9B2052900D1002180F8A01000207047545F0020F0660020DFF8C0144FF0FF32C1F86421C1F86821FF20C1F86C010A604A6088600023DFF8A80403604360826043F6FF73C36002614361D1F8FC2F42F00402C1F8FC2F0222D0F8FC1F4a
:80B0000021F01001C0F8FC1FD0F8FC1F21F44031C0F8FC1FD0F8FC1F21F47041C0F8FC1FD0F8FC1F21F4E061C0F8FC1FDFF858140B6862F311430B604A6822F010024A604A6822F440324A604A6822F470424A604A6822F4E0624A6002228B6862F311438B60D0F8FC2F22F47002C0F8FC2F486820F470004860086940F48010086108691d
:80B0800040F400100861486940F480104861486940F400104861704700B581B0112A0FDB212AB8BF40000BDB412AB8BF800007DB812AB8BFC00003DBB2F5807FD8BF000190FBF2F009F012F80022DFF8C03309F025F809F097F8012811DB40F6423188420FDB00210FF2B83232F9023983421FDA491EF9D56FF0030000B201B000BD002088
:80B1000002E0B0F5FF6F17DC5FF004010FF2983232F9023B8342A2BF491C32F9023B834206DB491C0E29F3DB0E2000B201B000BD881E00B201B000BD002000B201B000BD00B581B0112A0FDB212AB8BF40000BDB412AB8BF800007DB812AB8BFC00003DBB2F5807FD8BF000190FBF2F008F0BEFF0022C64B08F0D2FF09F044F8012810DB6d
:80B18000B0F5FF6F0FDD0FF21C32022132F9023983422FDA491EF9D56FF0050000B201B000BD002003E040F2A551884226DA0621B0F5986FBEBF072140F2FF32904219DA0821B0F5577FDCBF0921B0F5357F11DC0A2140F2622290420CDA0B21B0F5007F08DC0C21B0F5D87FBEBF0D21B0F5B67F0C2004DB081F00B201B000BD002000B20e
:80B2000001B000BD00B581B0112A0FDB212AB8BF40000BDB412AB8BF800007DB812AB8BFC00003DBB2F5807FD8BF000190FBF2F008F05CFF0022954B08F070FF08F0E2FF012812DB40F2A551884210DB5FF004010FF2542232F90239834226DA491EF9D56FF0070000B201B000BD002003E040F2FF3188421DDA0821B0F5577FDCBF0921f6
:80B28000B0F5357F11DC0A2140F2622290420CDA0B21B0F5007F08DC0C21B0F5D87FBEBF0D21B0F5B67F0A2004DB881F00B201B000BD002000B201B000BD000000B581B0112A0FDB212AB8BF40000BDB412AB8BF800007DB812AB8BFC00003DBB2F5807FD8BF000190FBF2F008F000FF0022674B08F014FF08F086FF012812DB40F64231c9
:80B30000884210DB5FF000010FF2941232F9023983422FDA491EF9D56FF0040000B201B000BD002003E040F2A551884226DA0621B0F5986FBEBF072140F2FF32904219DA0821B0F5577FDCBF0921B0F5357F11DC0A2140F2622290420CDA0B21B0F5007F08DC0C21B0F5D87FBEBF0D21B0F5B67F0D2004DBC81E00B201B000BD002000B292
:80B3800001B000BD0246080003D400210023084625E011F11E0F04DA0F2104236FF01E001DE011F1030F02DB0023494217E011F1070F03DB01236FF003010FE011F10B0F03DB02236FF0070108E011F10F0FA7BF03236FF00B0104236FF00F01091A09B2DFF8ACC0012A0ED1DCF8002061F30F32CCF80020DCF8001021F4E06141EA032105
:80B40000CCF800107047DCF8082061F30F32CCF80820DCF8081021F4E06141EA0321CCF8081070471B490968C1F30061C1B11A491A4A0978C84203DB106820F0F0000EE001F10F035B42834206DA40181168404260F3071111607047106840F0F000106070470C490968C1F3006139B11028A8BF0F200A490A6860F307120A6070470000de
:80B48000083001500840015008500150000082C0045001501C4C0052A01B002018500150600D410B7809F807B406A405BF04FE035C03D40261020002AF016B01B9484FF47A62C0F80220C0F80620C26102623A21402280F82C204FF0400C992280F82D200180012280F812C080F82E2080F82F2025214FF0990C4FF40072418380F813C0e2
:80B50000028642864FF410714FF0000C0922C0F80A10A0F814C0416280F83420C0F8361040F6B8334FF4807C01223221C0F80E30A0F816C0A0F818C0836280F83520418770479848704700000023012A4FF4904100DA70472DE9300030F813409D0005F1A4455B1C4C511BB293421DDA30F813409D0005F1A4455B1C4C511BB2934213DAad
:80B5800030F813409D0005F1A4455B1C4C511BB2934209DA30F813409D0005F1A4455B1C4C511BB29342D7DB30BC70470023012A4FF4944100DA70472DE9300030F813409D0005F1A4455B1C4C511BB293421DDA30F813409D0005F1A4455B1C4C511BB2934213DA30F813409D0005F1A4455B1C4C511BB2934209DA30F813409D0005F1a0
:80B60000A4455B1C4C511BB29342D7DB30BC704764490288C1F8022032234288C1F806208288C1F80A20C288C1F80E20027A8A74427FCA74427A02F00F020A75427A12094A75827A1202193292FBF3F2CA82C27A1202193292FBF3F20A838289CA61C2890A62028A4A62428A8A62027D81F82C20827F81F82D20427D02F00F0281F82E2037
:80B68000427D120981F82F20827D1202193292FBF3F20A86C27D1202193292FBF3F24A86027ED20981F83520B0F91920C1F83620B0F81B204A8790F8230081F83C00704730B5384D0446D5F8020081B02080D5F806006080D5F80A00A080D5F80E00E080A87C2072E87C6077617A287D60F30301617201F00F00697D40EA0110607232206a
:80B70000B5F91610414380310912A172B5F91810414380310912E172E969A181296AE181696A2182A96A618295F82C10217595F82D10A177627D95F82E1061F30302627502F00F0195F82F2041EA02116175B5F93010414380310912A175295E484380300012E075FBF71DFA00B901200022012109F0FFF8217E60F30301217601F07F00a6
:80B7800095F8351040EAC1102076D5F83600A4F81900688FA4F81B0095F83C0084F8230001B030BD641B00202DE9F04F82B00D46BDF92C10BDF93040BDF934E06E1E052E00F2FA82DFE816F0060006009F00490149019F02A046012D04D1A4EB0E04651A2DB204E00C19454674440FFA84F84C1924B2202D10DA012C0EDB202CAFBF4FF00b
:80B80000FF34012606FA04F4641E012D05DB0126AE40761E744000E000241460A5F1200424B20E1936B2202C11DA012E0FDB202EAFBF4FF0FF36012707FA06F6761E012C06DB012707FA04F4641E664000E0002601EB0804566024B2B8F1200F12DA012C10DB202CAFBF4FF0FF34012606FA04F4641EB8F1010F06DB012606FA08F6761E5c
:80B88000744000E000241C60A8F1200424B20E1936B2202C11DA012E0FDB202EAFBF4FF0FF36012707FA06F6761E012C06DB012707FA04F4641E664000E000265E60012840F07682A5F1400000B20C1824B2202814DA012C12DB202CAFBF4FF0FF34012505FA04F4641E012809DB012505FA00F0401E44409460A8F1400040E20024946025
:80B90000A8F140003BE20D1975440F192DB23FB2202C12DA012F10DB202FAFBF4FF0FF37012606FA07F77F1E012C07DB4FF0010C0CFA04F6761E774000E000271760A4F1200636B28F193FB2202E13DA012F11DB202FAFBF4FF0FF374FF0010C0CFA07F77F1E012E07DB4FF0010C0CFA06F6761E774000E000274E19576036B2202D10DAef
:80B98000012E0EDB202EAFBF4FF0FF36012707FA06F6761E012D05DB0127AF407F1E7E4000E000261E60A5F1200636B28F193FB2202E13DA012F11DB202FAFBF4FF0FF374FF0010C0CFA07F77F1E012E07DB4FF0010C0CFA06F6761E774000E000275F60012835D1A4F1400000B20C1824B2202811DA012C0FDB202CAFBF4FF0FF340126d2
:80BA000006FA04F4641E012806DB012606FA00F0401E444000E00024A5F14000946000B20A1812B2202811DA012A0FDB202AAFBF4FF0FF32012404FA02F2521E012806DB012404FA00F0401E424000E000229A600EEB410002B0BDE8F08F4E1C77104E10042D0EBF3D4635463E462F1977443FB201EB070CA046E64405EB08090FFA8EFE7b
:80BA80000FFA89F9B8F1200F17DAB9F1010F14DB4FF0010AB9F1200FAEBF4FF0FF390AFA09F9A9F10109B8F1010F08DB0AFA08FAAAF1010A8AEA090901E04FF0000906EB0E0B0FFA8BFBBEF1200F17DABBF1010F14DB4FF0010ABBF1200FAEBF4FF0FF3B0AFA0BFBABF1010BBEF1010F08DB0AFA0EFAAAF1010A8AEA0B0B01E04FF0000Bc8
:80BB00004BEA0909C2F80090A4F1200B0FFA8BFB05EB0B090FFA89F9BBF1200F17DAB9F1010F14DB4FF0010AB9F1200FAEBF4FF0FF390AFA09F9A9F10109BBF1010F08DB0AFA0BFAAAF1010A8AEA090901E04FF00009AEF1200B0FFA8BFB06EB0B0ACDF804B00FFA8AFABBF1200F21DABAF1010F1EDBBAF1200FAFBF4FF0FF3A4FF0010B39
:80BB80000BFA0AFAAAF1010ADDF804B0BBF1010F10DBCDF800A04FF0010BDDF804A00BFA0AFADDF800B0AAF1010A8AEA0B0A01E04FF0000A4AEA0909C2F804900FFA8CFC202F18DABCF1010F15DBBCF1200FAFBF4FF0FF3C4FF0010909FA0CFCACF1010C012F0ADB4FF0010909FA07F9A9F1010989EA0C0C01E04FF0000CC3F800C0A7F1b2
:80BC0000200C0FFA8CFC01EB0C090FFA89F9BCF1200F19DAB9F1010F16DBB9F1200FAFBF4FF0FF394FF0010A0AFA09F9A9F10109BCF1010F0ADB4FF0010A0AFA0CFCACF1010C8CEA090901E04FF00009C3F80490012851D1403C24B2281900B2202C11DA01280FDB2028AFBF4FF0FF30012505FA00F0401E012C06DB012505FA04F4641E8f
:80BC8000604000E00020AEF1400424B235192DB2202C13DA012D11DB202DAFBF4FF0FF354FF0010C0CFA05F56D1E012C07DB4FF0010C0CFA04F4641E654000E0002528439060A7F1400000B2091809B2202811DA01290FDB2029AFBF4FF0FF31012202FA01F1491E012806DB012202FA00F0401E414000E00021996006EB0E00A0EB0800b7
:80BD000002B0BDE8F08F002515600E19556036B2202C11DA012E0FDB202EAFBF4FF0FF36012707FA06F6761E012C06DB012707FA04F56D1E6E4000E000261E60A4F120052DB24E1936B2202D11DA012E0FDB202EAFBF4FF0FF36012707FA06F6761E012D06DB012707FA05F56D1E6E4000E000265E6001281CD100209060A4F1400000B26b
:80BD80000A1812B2202811DA012A0FDB202AAFBF4FF0FF32012404FA02F2521E012806DB012404FA00F0401E424000E000229A60084602B0BDE8F08F7F2002B0BDE8F08FF0B5044683B0B4F80100D4F82360D4F81350014601290FD0022919D10021B5F57A6FC8BF4FF47A656D00B6F57A6FC8BF4FF47A66760033E00021B5F57A6FA8BF76
:80BE00004FF47A65B6F57A6F2ADB4FF47A6627E0E37803B1891EB5F57A6FC8BF4FF47A6589B24D43B6F57A6FC8BF4FF47A664E431129B8BF002113DB2129B8BF01220BDB4129B8BF022207DB8129B8BF032203DBB1F5807FD8BF0422D540D64002F00701E2780AB14FF08072401EC0B242EA004040EAC110217901F0030140EA0110217855
:80BE8000491E01F003010843DFF85C1D086000BF00BFA079002861D12078DFF8507DC00722D5B4F90D00DFF8483DDFF8482D0290B4F90A000190B4F9080000900120E179FFF772FCB4F90F0000F0030100F00300000240EA0130617C0843B86000BF00BFB86965F30F00B8612078800722D5B4F91D00DFF8C03D02903A46B4F91A0001901b
:80BF0000B4F9180000900220E17DFFF74DFCB4F91F0000F0030100F00300000240EA013094F821100843F86000BF00BFB86966F31F40B861D4F82910B4F8270001EB4102401E910000F00F0089B241EA0040386100BF00BFD4F82D0080B2786103B0F0BD30B5044683B0B4F801000146012918BF022905D0E37803B1891E89B2112901DA5a
:80BF800000220FE02129B8BF01220BDB4129B8BF022207DB8129B8BF032203DBB1F5807FD8BF0422E17809B14FF08071401EC0B241EA004002F0070140EAC110217901F0030140EA01102178491E01F003010843DFF83C1D086000BF00BFA079002847D12078C00720D5B4F90D00DFF8783DDFF8782D0290B4F90A000190B4F908000090d8
:80C000000120E179FFF7D0FBB4F90F0000F0030100F00300000240EA0130617C0843DFF84C1D886000BF00BF2078800720D5B4F91D00DFF8385DDFF8E43D02902A46B4F91A000190B4F9180000900220E17DFFF7ABFBB4F91F0000F0030100F00300000240EA013094F821100843E86000BF00BF03B030BD2DE9F04F81B0D0F81310D0F8f2
:80C080002320B1F57A6FA8BF4FF47A61B2F57A6FA8BF4FF47A62B0F801400578641E6D1EDFF8B03DE4B205F0030545EA04441C6000BF00BF8479002C40F082840478E40740F1FB8290F807E0B0F90D80B0F90A40B0F908500126AEF10107052F00F2DD82DFE817F01D021D028D015F005F00060000271F615F612F193FB2202C11DA012Fd3
:80C100000FDB202FAEBF4FF0FF3C06FA07F7A7F1010C012C07DB06FA04F77F1E87EA0C0C01E04FF0000CC3F804C0A4F120073FB205EB070C0FFA8CFC202F13DABCF1010F10DBBCF1200FAEBF4FF0FF3C06FA0CFCACF1010C012F07DB06FA07F77F1E87EA0C0C01E04FF0000C403C24B2C3F808C000272D199F612DB2202C10DA012D0EDBb7
:80C18000202DAEBF4FF0FF3506FA05F56D1E012CC0F2828206FA04F4641E65407CE200257AE26F1C4FEA67094FEA650ABEF1040F07BF4F46CDF800A05746CDF8009007EB040CC4440FFA8CFC05EB0C0EF04407EB04090FFA88F80FFA89F9202C14DAB9F1010F11DBB9F1200FAEBF4FF0FF3906FA09F9A9F10109012C08DB06FA04FAAAF184
:80C20000010A8AEA090901E04FF00009DDF800A0C2440FFA8AFAB8F1200F15DABAF1010F12DBBAF1200FAEBF4FF0FF3A06FA0AFAAAF1010AB8F1010F08DB06FA08FBABF1010B8BEA0A0A01E04FF0000A4AEA0909C3F81090A4F1200A0FFA8AFA07EB0A090FFA89F9BAF1200F15DAB9F1010F12DBB9F1200FAEBF4FF0FF3906FA09F9A9F1e4
:80C280000109BAF1010F08DB06FA0AFAAAF1010A8AEA090901E04FF00009A8F1200ADDF800B00FFA8AFAD3440FFA8BFBBAF1200F15DABBF1010F12DBBBF1200FAEBF4FF0FF3B06FA0BFBABF1010BBAF1010F08DB06FA0AFAAAF1010A8AEA0B0B01E04FF0000B4BEA0909C3F814900FFA8EFEBCF1200F15DABEF1010F12DBBEF1200FAEBFe7
:80C300004FF0FF3E06FA0EFEAEF1010EBCF1010F08DB06FA0CF9A9F1010989EA0E0E01E04FF0000EC3F804E0ACF1200E0FFA8EFE05EB0E090FFA89F9BEF1200F15DAB9F1010F12DBB9F1200FAEBF4FF0FF3906FA09F9A9F10109BEF1010F08DB06FA0EFEAEF1010E8EEA090901E04FF00009403C0FFA84FE07EB0E04C3F8089024B2BEF127
:80C38000200F10DA012C0EDB202CAEBF4FF0FF3406FA04F4641EBEF1010F05DB06FA0EF77F1E7C4000E00024A8F14007DDF800E03FB2BE440FFA8EFE202F18DABEF1010F15DBBEF1200FAEBF4FF0FF3E06FA0EFEAEF1010E012F0CDB06FA07F77F1E87EA0E0E4EEA04049C61ACF140043EE14FF0000E4EEA04049C61ACF1400436E12F1994
:80C40000474405EB040E3FB20FFA8EFE202C14DABEF1010F11DBBEF1200FAEBF4FF0FF3E06FA0EFEAEF1010E012C08DB06FA04FCACF1010C8CEA0E0E01E04FF0000EC3F810E0A4F1200C0FFA8CFC05EB0C0E0FFA8EFEBCF1200F15DABEF1010F12DBBEF1200FAEBF4FF0FF3E06FA0EFEAEF1010EBCF1010F08DB06FA0CFCACF1010C8CEA6d
:80C480000E0E01E04FF0000E05EB070CC3F814E00FFA8CFC202F14DABCF1010F11DBBCF1200FAEBF4FF0FF3C06FA0CFCACF1010C012F08DB06FA07FEAEF1010E8EEA0C0C01E04FF0000CC3F804C0A7F1200C0FFA8CFC05EB0C0E0FFA8EFEBCF1200F18DABEF1010F15DBBEF1200FAEBF4FF0FF3E06FA0EFEAEF1010EBCF1010F0BDB06FAbe
:80C500000CFCACF1010C8CEA0E0EC3F808E0403C8BE04FF0000EC3F808E0403C85E02746BEF1010F05D1A4EB0804641B0FFA84FC04E0BC462C1908EB04073FB205EB0C0424B2BCF1200F12DA012C10DB202CAEBF4FF0FF3406FA04F4641EBCF1010F07DB06FA0CFEAEF1010E8EEA040400E000241C61ACF1200424B205EB040E0FFA8EFE7c
:80C58000202C13DABEF1010F10DBBEF1200FAEBF4FF0FF3E06FA0EFEAEF1010E012C07DB06FA04F4641E84EA0E0E01E04FF0000EEC19C3F814E024B2202F11DA012C0FDB202CAEBF4FF0FF3406FA04F4641E012F07DB06FA07FEAEF1010E8EEA040400E000245C60A7F1200424B205EB040E0FFA8EFE202C13DABEF1010F10DBBEF1200F27
:80C60000AEBF4FF0FF3E06FA0EFEAEF1010E012C07DB06FA04F4641E84EA0E0E01E04FF0000EC3F808E0ACF1400424B205EB040C0FFA8CFC202C13DABCF1010F10DBBCF1200FAEBF4FF0FF3C06FA0CFCACF1010C012C07DB06FA04F4641E84EA0C0C01E04FF0000CC3F818C0A7F1400424B22D192DB2202C0FDA012D0DDB202DAEBF4FF0ac
:80C68000FF3506FA05F56D1E012C05DB06FA04F4641E654000E00025DD60B0F90F4004F0030504F00304240244EA0534DC6200BF00BF5C6B61F30F045C630178890740F17F8190F817E0B0F91D60B0F91A70B0F91850AEF10101052900F26281DFE811F0F200F200D00027002700060000215962EC19996224B2202F14DA012C12DB202C02
:80C70000AFBF4FF0FF34012606FA04F4641E012F09DB012606FA07F1491E4C40DC61A7F1200124E10024DC61A7F120011FE1691C4C106910BEF1040F0EBFA4468C4621460CEB070434190FFA84FE05EB0E0436190FFA86F80CEB07060FFA86F9202F13DAB9F1010F10DB0126B9F1200FAEBF4FF0FF3906FA09F9A9F10109012F06DBBE4039
:80C78000761E86EA090901E04FF0000901EB080636B2B8F1200F16DA012E14DB202EAFBF4FF0FF364FF0010A0AFA06F6761EB8F1010F09DB4FF0010A0AFA08FAAAF1010A8AEA060600E0002646EA09065E62A7F1200636B20CEB06073FB2202E13DA012F11DB202FAFBF4FF0FF374FF0010C0CFA07F77F1E012E07DB4FF0010C0CFA06F69c
:80C80000761E774000E00027A8F1200636B2891909B2202E13DA012911DB2029AFBF4FF0FF314FF0010C0CFA01F1491E012E07DB4FF0010C0CFA06F6761E714000E000213943996224B2BEF1200F14DA012C12DB202CAFBF4FF0FF310121A140491EBEF1010F09DB012404FA0EF4641E6140D961AEF120017BE00021D961AEF1200176E024
:80C88000E9197118EE1909B236B2202F15DA012E13DB202EAFBF4FF0FF36012404FA06F6761E012F0ADB4FF0010C0CFA07F4641E66405E62A7F1200428E000265E62A7F1200423E03946BEF1010F03D1BC1B641B24B203E00C46E919711809B22E1936B2202C10DA012E0EDB202EAFBF4FF0FF36012707FA06F6761E012C05DB0127A740d7
:80C900007F1E7E4000E000265E62203C24B22E1936B2202C11DA012E0FDB202EAFBF4FF0FF36012707FA06F6761E012C06DB012707FA04F4641E664000E000266C189E6224B2202910DA012C0EDB202CAFBF4FF0FF34012606FA04F4641E012905DB01268E40761E744000E00024DC61203909B26C1824B2202911DA012C0FDB202CAFBF34
:80C980004FF0FF34012505FA04F4641E012906DB012505FA01F1491E4C4000E000241C62B0F91F0000F0030100F00300000240EA0130186300BF00BF586B62F31F40586301B0BDE8F08F30B5DFF8C848D4F8FC0140084000C4F8FC0181B020F01000C4F8FC0120F48070C4F8FC0120F40070C4F8FC0120F48050C4F8FC0120F40050C4F8ec
:80CA0000FC01D4F8CC0140F00100C4F8CC0140F00200C4F8CC0140F00400C4F8CC0140F00800C4F8CC01D4F80002C0F3001010B1022000F0E1F84FF48870206000BF00BFDFF85408606000BF00BFDFF85008A06000BF00BF4FF48A30E06000BF00BFDFF84008206100BF00BF0020206200BF00BFE06920F47F00E06100BF00BFE06900BFfd
:80CA800000BFE16ADFF81C281568282363F307051560156863F30F251560936843F0FF039360936843F47F439360DFF8FC372363136923F480531361136943F4005313610222D4F8C03162F30513C4F8C03100BF00BFDFF8D827104040F0807040F03000E06100BF00BF88B2DFF8C4170843E06200BF00BF0020606300BF00BFA06300BF10
:80CB000000BFE06300BF00BFD4F8040240F00100C4F8040200BF00BF0120D4F8C01160F30101C4F8C01100BF00BFDFF88807016841F00051016001B0BDE8304000205BE010B50246DFF84C470F20C4F8C801137A116802F10A00D279012A04D035D3032A22D010D310BD002B14BF1022002242F48072226000BF00BFFFF722F9D4F8C80192
:80CB800020F002001FE0002B14BF1022002240F201131A43226000BF00BFFFF76BFAD4F8C80120F004000EE0002B14BF1022002242F48172226000BF00BFFFF7D1F9D4F8C80120F00800C4F8C80110BDDFF8E816DFF8E82649681268120311EB123101604FF0A44141607047404C0052644C0052444C0052504C0052F0B400BF00BFDFF844
:80CC0000C0160A69022818BF01282FD1D1F8EC41DFF8A4365E68250316EB15365E601E7816B100251D7003E09E6816EB15359D60240D2405C1F8EC4100BF00BF1C698D6804EB15641C6100BF00BF8C68C4F30726E7B2DD68BE19C4F30744A4196419DC6000BF00BF00238B6000BF00BFD207C1F8A80105D500BF00BF00BF00BFF0BC704744
:80CC800008680B68C0F3003080F0010262F30C330B6000BF00BF00BF00BF0A6822F4805242EA00300860F0BC7047DFF818060068C0B270475C4C0052C10705D5DFF804160A6842F001020A60810705D5DFF8F4150A6842F002020A60410705D5DFF8E4150A6842F004020A60000705D5DFF8D415086840F0080008607047DFF8CC05006889
:80CD000000B27047DFF8C405006800B270470000404D0052DFF8B415C20703D50A68520852000A60C20603D50A6822F010020A60C20503D50A6822F480720A60820503D50A6822F400720A60C20403D50A6822F480520A60800403D5086820F40050086070470000444D0052504D0052644D0052DFF84C05D0F8B01141F00101C0F8B01168
:80CD800041F00201C0F8B01141F00401C0F8B01141F00801C0F8B011DFF818150A6822F000520A60D0F8E411C1F3001111B10221C0F8A811016949084900016100BF00BF016849084900016000BF00BFD0F8A41121F03001C0F8A41100BF00BF89088900C0F8A41100BF00BFD0F8E81149084900C0F8E8110021DFF8C00441608160DFF872
:80CE0000D0040160416001218160C1617047DFF8A804012101700021816070475C4D0052DFF89404DFF8941440680968090310EB11307047DFF8840400680003000B7047DFF87404DFF8741480680968090310EB11307047C04C0052DFF8781491F8B02102F0030280B1022A1FD0D1F8B00120F0330040F02200C1F8B00100BF00BF0868d9
:80CE800080B240F016700FE0012A0ED0D1F8B00100F0300040F00100C1F8B00100BF00BF086880B240F470000860704700000000F0B50646DFF8200481B015461F4681423FD1069C002C3CD00220FFF795FEB81914F0030105D0491E55F8042B40F8042BF9D1A10800F0128055F8042B40F8042B491E55F8042B40F8042B55F8042B40F837
:80CF0000042B55F8042B40F8042BEDD10020FFF773FE0120FFF770FEDFF8A40301680368C1F3003181F0010262F30C33036000BF00BF00BF00BF026822F4805242EA0131016001B0F0BD30B5032481B0224208D140F20D2402EB8305A54207D31346A34201D3002302E0C3F503739B089BB2009313460A460146C748FFF79AFF01B030BDc1
:80CF8000032381B0194208D140F20D2301EB820C9C4507D30A469A4201D3002202E0C2F50372920801F1A44101F5984110B392B2002A45D012F0030305D05B1E51F804CB40F804CBF9D1920800F03A8051F8043B40F8043B521E51F8043B40F8043B51F8043B40F8043B51F8043B40F8043BEDD101B07047009092B212B312F0030007D0cf
:80D0000051F8043BDDF800C063440093401EF7D1900815D051F8042B009BD218009251F8042B009BD218009251F8042B009BD218009251F8042B009BD2180092401EE9D101B0704730B5032481B022420AD1B2F5A04F07DB47F20D0502EB8304AC4207D3AA4201D3002303E047F20C04A31A9B089BB2009313460A4601469848FFF718FF53
:80D0800001B030BD032381B019420AD1B1F5A04F07DB47F20D0C01EB8203634507D3614501D3002203E047F20C035A1A92088B4B591808B392B2002A44D012F0030305D05B1E51F804CB40F804CBF9D1920839D051F8043B40F8043B521E51F8043B40F8043B51F8043B40F8043B51F8043B40F8043BEDD101B07047009092B212B312F0e1
:80D10000030007D051F8043BDDF800C063440093401EF7D1900815D051F8042B009BD218009251F8042B009BD218009251F8042B009BD218009251F8042B009BD2180092401EE9D101B0704770476548007800F00100704770B55A4C94F8E40110F0110F1CBF0220FFF748FD0020FFF745FD00BF00BF2069D4F8EC214F494D68130315EB6c
:80D1800013354D600D7815B100230B7003E08D6815EB13338B60120D1205C4F8EC2100BF00BF0A69A36802EB13620A6100BF00BFA268C2F30725D6B2CB687519C2F307425219D218CA6000BF00BF0021A16000BF00BFC00707D50120C4F8A80100BF00BF00BF00BF70BD0120C4F8A80120682268C0F3003080F0010161F30C32226000BF21
:80D2000000BF00BF00BF216821F4805141EA0030206070BD0020704730B43249D1F8D42184B01203120B00920A68ADF80420120CADF806204A688968ADF80820ADF80C10120CADF80A202849009A0B68D21A1203120B02608B88BDF80420D21A8280CB88BDF80620D21AC2800B89BDF80820D21A02814B89BDF80A20D21A42818B89BDF88d
:80D280000C20D21A828100A83CC83CC104B030BC70470000004C005200180012060C2448760058020850015007070704FEECFFFF0111C8000030014594660020084E00521C4C0052CC4D0052004E0052FC4D005200200150104C00526A056A05000001502C4C0052344C0052BC6600200FF270600068704770B50FF26C61096882B000F13e
:80D3000008040091D0F84750B4F80B60607B10B1032EA8BFB61EA07AC00708D5B4F91210D5F8D403B2B2FDF7B7FEADF80000A07A800708D5B4F92210D5F8E407B2B2FDF7ABFEADF80200009802B070BD70B50FF21861096882B000F108040091D0F84750B4F80B60607B10B1032EA8BFB61EA07AC00708D5B4F91210D5F8D403B2B2FDF7a4
:80D38000DFFEADF80000A07A800708D5B4F92210D5F8E407B2B2FDF7D3FEADF80200009802B070BD70B50FF2C451096882B000F108040091D0F84750B4F80B60607B10B1032EA8BFB61EA07AC00708D5B4F91210D5F8D403B2B2FDF715FFADF80000A07A800708D5B4F92210D5F8E407B2B2FDF709FFADF80200009802B070BD70B50FF26a
:80D400007051096882B000F108040091D0F84750B4F80B60607B10B1032EA8BFB61EA07AC00708D5B4F91210D5F8D403B2B2FDF745FFADF80000A07A800708D5B4F92210D5F8E407B2B2FDF739FFADF80200009802B070BD81B0017B807BDFF8602400B16432137D01208B421EBF022092F828308B4209D092F83C3003208B421EBF0420d1
:80D4800092F850308B4203D100EB800102EB8102D2F80100009001B0704770B5064686B0347BB07BDFF8145400B16435297D0120A1421EBF022095F82810A14209D095F83C100320A1421EBF042095F85010A14203D100EB800105EB81052969304688470290D5F80500BDF908100390D5F801000190D6F84F000490D5F809000090BDF980
:80D5000000000818BDF91010A0EB4100ADF80000BDF90A10BDF902000818BDF91210A0EB4100ADF80200022CBDF900000CD1002844BF401C4010ADF80800BDF9020000280ED5401C40100BE00128A4BF401C4010ADF80800BDF902000128A4BF401C4010ADF80A00BDF80810BDF80000401AADF80000BDF80210BDF90A00091AADF802104c
:80D580000099C5F80910BDF80820BDF804105118ADF80410BDF90420BDF90C109142C8BF1146ADF80410BDF806104018ADF8060000B2BDF90E108142B8BFADF806100198C5F80100019806B070BD30B581B0047B807BBA4D00B16435297D0120A1421EBF022095F82810A14209D095F83C100320A1421EBF042095F85010A14203D100EB48
:80D60000800105EB8105D5F8010000900120BDF90010FDF7B7FEBDF90210ADF800000220FDF7B0FEADF80200042C07D0FDF7FAFE0098C5F80100009001B030BD02F09EFD0098C5F80100009001B030BD9B4B01B1643393F814C0012184451EBF022193F828C0844509D093F83CC0032184451EBF042193F850C0844503D101EB810003EBce
:80D680008003C3F80120704708B42DE9F041804683B08A48D2B202B16430037D0122C9B28B421EBF022290F828308B4209D090F83C3003228B421EBF042290F850308B4203D102EB820100EB8100D0F801000090DDE90945BDF900700B9E204607F11F0190FBF6F020291BD206F000FD0022744B06F014FD06F086FD002848BF4FF41070f4
:80D700000ED40FF270217A4231F812104843001206F0ECFC00226B4B06F000FD06F072FDBDF90270019007F11F01284690FBF6F020291BD206F0DAFC0022614B06F0EEFC06F060FD002848BF4FF410700ED40FF224217A4231F812104843001206F0C6FC0022584B06F0DAFC06F04CFD029001A940460822F9F7A0FF03B0BDE8F0015DF871
:80D7800008FB10B50446084604F11F0120291DD206F0ACFC00224A4B06F0C0FC06F032FD002802D54FF4107010BD0FF20821624231F812104843C01306F098FC0022414B06F0ACFCBDE8104006F01CBD10BD08B4F0B5064684B03948D2B202B16430037D0122C9B28B421EBF022290F828308B4209D090F83C3003228B421EBF042290F8d3
:80D8000050308B4203D102EB820100EB8100D0F801000090DDE90945BDF9007007F11F01204620291BD206F061FC0022244B06F075FC06F0E7FC002848BF4FF410700ED40FF270117A4231F812104843C01306F04DFC00221B4B06F061FC06F0D3FCBDF90270019007F11F01284620291BD206F03DFC0022124B06F051FC06F0C3FC002863
:80D8800048BF4FF410700ED40FF228117A4231F812104843C01306F029FC0022094B06F03DFC06F0AFFC029001A930460822F9F703FF04B0F0BC5DF808FB0000F8180020000082C000008240F0B40FF2281281B0002516466FF01E0336F8027BB7EB201FBEBF6D1E36F8027BB7EB201F2EDA36F8027B6D1EB7EB201FBEBF6D1E36F8027Bbf
:80D90000B7EB201F22DA6D1E9D42E5DAADF800300811002132F8024B8442BEBF491E32F8024B8442BEBF491E32F8024B844210DA32F8024B491E84420BDA491E9942E9DAADF80230009801B0F0BC7047ADF80050DEE7ADF80210009801B0F0BC704700000000000000000000000000000000000000000000000130016A01AE01FF015F024e
:80D98000D2025A03FB03BB04A005AF06F1077109380B560DD90FD61263169B1A9F1F9525AB2C1735193FFD4A2059ED69E47DA095D4B159D30080B36B9E5A3F4C2740FA356B2D372627200D1BC31627131D108F0D680B99091408CC06B805D0040C046803DE0269020702B501700135010401DB00B8009B009200A600BF00DC00FF00280194
:80DA00005A019401D9012C028E0203038D033204F604DE05F3063C08C209920BBA0D4A105513F316401B5C206F26A72D3C366E408D4CF45A30B4DFF89C06002101730022012141730023002181731446DFF8881615463CC13CC13CC13CC141780322114214D10178C37001F008010170037102214170C380817801F0C00141F08101817070
:80DA800064214171417A01F00E0141720FF25460D0E90023DFF84406C0E9002330BC704702F05CBB2DE9F043DFF82856287B81B0002868D102F078FB0090BDF80090BDF80280DFF81C66AA7B687B1123311D02F017FBC0B2002856D00F2131700027AA7B697B841801290BD1F37886F8019003F07F03F370E4B25FFA89F39C420ED30CE061
:80DB000002290AD1F37886F8018043F08003F370E4B25FFA88F39C4200D30127F378B27060F30403F370084602F012FA404286F82600297896F8270000F07F00890940EAC11086F827004FB1687B012808BF022002D002F0FEFA01206873002496F82700697A00F0BF0001F0010140EA8110AC7386F8270002F015FB86F8280001B0012022
:80DB80002873BDE8F083002001B0BDE8F08330B5DFF840550C46297B81B051B1DFF840152922F9F789FD2920207001B00020287330BD0020207001B030BD30B50D4681B004462878C0F3400161B1207800F0FE00207002F026FAF9F76BFC01B0BDE8304002F086BCC00732D52078C0072FD4F9F7FAFB207840F0010020706078810811F000
:80DC0000030107D0022901D002D305E0052104E0042102E0032100E00621227A0092030900F00302032002F0C3F9A078C209C0F3011100F00F0002F0AFF994F90700414294F90600404209B200B202F077F92878C0F3800000286BD068786070287A20726278910811F0030107D0022901D002D305E0052104E0042102E0032100E0062140
:80DC80000090130902F00302032002F091F9287800F0300110290ED1207840F010002070E91CE01C0322F9F707FD62792179E07802F065F910E000F0300020280CD1207800F0EF002070A878A070C209C0F3011100F00F0002F060F9287800F0C001402906D1207840F04000207002F041F913E0010611D540060FD4207800F0BF002070ef
:80DD0000E888E08094F90700414294F90600404209B200B202F012F9687A6072687A0109607A01B0BDE8304000F0010002F019BA01B030BD30B581B0044600F051FD218860F3CF312180F9F7C2FB218860F38E312180F9F7C0FB2188DFF8805360F30C3121802888218860F30B01218000F040FDB4F8011060F30D21A4F8011000F049FD8f
:80DD8000B4F8011060F38F31A4F80110F9F7B0FB618860F38E31618068886188000A60F30D21618000F0E6FCB4F8031060F30B21A4F8031000F0E2FCB4F8031060F30D31A4F8031000F0E4FCB4F8031060F38F31A4F8031000F0D8FCA18860F30A21A18001B030BD70B582B004460A29C0F0588102F0AFF9B84D207828702078C10900F065
:80DE0000C68000F07F00411E0F2900F24981DFE811F01000150015003000390047014701660047016A007200B400470147014701BC00611CA748FFF7C0FEA8E0661C022808D1B088030B02053068120DB11DFFF77AF89CE0032840F09A80B088030B0005000D00F5A042306892B2B11DFFF7EAF88DE06078002818BF012840F08880FFF729
:80DE800063F984E0661C3046FDF7C2FB0FF25C20006800909DF80010F07F60F300018DF8001001F0FD00F17F01F0020108438DF8000096F820008DF8010096F821008DF8020096F822008DF8030000A806F0F5FDF07F800800F0010002F080FA57E0601C02F088FB53E06078002818BF01284ED1F9F7B3FB4BE0661C3088C00B00F06CFCff
:80DF00003088C0F3803111B1F9F7CBFA09E0C0F3003121B10005000DF9F7B9FA01E0F9F7C7FAB6F80100C0F3052000F05DFCB6F80100800B00F060FC7088C0F3803129B1000A00F03F00F9F7CAFA01E0F9F7CBFAB188B6F80300090A01F00703820B010B000A01F0030100F00F0000F017FC5B4831460622F9F7A0FB09E06078002818BFfa
:80DF8000012804D101F07DFC01E0F9F7F9F9207800F07F00411E0F2900F28280DFE801F00810100D3A80686C7470787C8080800D681C48490A22F9F77FFB012002B070BD0022611CC5F80120B5F805308A8862F30B03A5F805308A88B5F80530120B62F30F33A5F80530022807D18888020B0105090DE81DFEF7C4FFDFE70328DDD1888812
:80E00000020B0005000D00F5A04189B2E81DFFF739F8D2E7681CFDF753FB00A806F051FD9DF8000095F8201060F3000185F8201001F0FD009DF8001001F00201084385F820009DF8010085F821009DF8020085F822009DF8030085F8230002F0C8F995F8201001F0FB0141EA800085F82000A4E7681CFFF7D1F8A0E7681C02F0BFFB9CE7c8
:80E08000F9F7F3FA687098E7681CFCF76EFF94E7681CFFF74FFE90E701F0F6FB68708CE7002002B070BD10B504463F2910D302F050F80948017801F07F01491E042984BF891F052901D9093902D12060012010BD002010BD6C1C0020E41A002004670020101C002000000000000000000000000070B481B00023DFF838274FF47F4504887f
:80E1000092F971102C4206D0E4B22E2C03DAA418491C84F87C305B1C44882C4206D0E4B22E2C03DAA418491C84F87C305B1C001D82F871102E2BE2DB0FF20C7392F97140D3E90001012C30DB7C320123E5070DD592F90050002D08D4B5F1200647BF03FA05F5284303FA06F52943521C64081CD092F90050002D08D4B5F1200647BF03FAb1
:80E1800005F5284303FA06F52943D556002D08D4B5F1200647BF03FA05F5284303FA06F52943641E921C002CE2D1DFF8882601B0C2E90001BDE870002DE9F047DFF8708698F8720000285BD0402108F12000F8F78FFA302108F1B000F8F78AFA98F9710000220128C0F24C8098F8729098F8736008F17C034FF0010A4FF0000CE646CEB33c
:80E2000012F101019EFBF6F0801890FBF9F000EBD07493F90070CCEB6404A0EB4400002F10D4A7F1200508EBC004002D05D5256A0AFA07F73D43256204E00AFA05F5676A3D436562CC1001EB1474241108EB440500EB400705EB4700A1EB0414B0F8B0500AFA04F42C430CF1010CA0F8B040CE44B445C7DB98F97100521C5B1C8242BBDB74
:80E28000BDE8F08770B5DFF8A84594F87600002840F0A58072B6DFF8A005DFF8A055DFF8A0654FF0FF31C0F86011C0F86411C0F86811026842F400220260026842F480120260026842F400120260C0F86C11C0F87011C0F8741100228260C26002612A68A26707222A60DFF84C251368C5F800314FF6EF735268C5F80421226EC5F80022a7
:80E30000626EC5F8042232881A403280002232814268520852004260426822F002024260426822F004024260426822F008024260426822F010024260426822F0200242608160C16001610021C0F86C11C0F87011C0F87411016821F400110160016821F480110160016821F4002101600021C0F86011C0F86411C0F868111E2000BF401Ea6
:80E38000FCD104F1680204F16001204606F0C0FBA06F28600020C5F80801308162B601F0DDFE94F87010C0B994F87200A8B1491C94F87300C9B2814228BF002104EB011004F16005D0E90823C5E900232830D0E9002304F16800C0E9002384F8701070BD2DE9F0470D46010600F00F07090F47EA011100F470600E0908434FEA10280FF2b7
:80E40000AC41DFF82C9482B018F801207240525C7A40515C81F00F0140EA0134A9F8E04000A80FF231410522F9F746F909F1050000A90522F9F740F9484600A90522F9F73BF90FF2184A07EB870109F10A0051440522F9F731F906EB860109F10F0051440522F9F729F908EB880109F1140051440522F9F721F92204110F01EB810109F15e
:80E48000190051440522F9F717F9D9F8AC100129C0F24281002D00F13F81481CA5EB600205EB610C0FF2A033002A47D55018461CD3E90001012E32DB012509F17C02F7070DD592F90070002F08D4B7F1200E47BF05FA07F7384305FA0EF73943521C770800F01D8092F90040002C08D4B4F1200E47BF05FA04F4204305FA0EF421435457c5
:80E50000002C08D4B4F1200E47BF05FA04F4204305FA0EF421437F1E921C002FE2D109F16002751CC2E9000199F971008542C8BF05467219824240F3B080ADE099F97100604554DAD3E90067811A824242DA4A447C3201255FEAC17E13D592F900E0BEF1000F0DD4BEF1200405D505FA0EF444EA060E764604E005FA04F444EA070E774683
:80E58000521C5FEA510C25D092F90040002C08D4B4F1200847BF05FA04F4264305FA08F4274392F901E0BEF1000F0DD4BEF1200405D505FA0EF444EA060E764604E005FA04F444EA070E7746ACF1010C921CBCF1000FD9D109F16002A0EB4105C2E90067012DB8BF00254A19824256DD54E0D3E9006762453BDA02EB090505F17C0EACEBcf
:80E60000020801255FEAC8740ED59EF90040002C08D4B4F1200A47BF05FA04F4264305FA0AF427430EF1010E5FEA580800F01F809EF90040002C08D4B4F1200A47BF05FA04F4264305FA0AF427439EF90140002C08D4B4F1200A47BF05FA04F4264305FA0AF42743B8F101080EF1020EE0D109F16005C5E90067A0EB0C05954204DA551Aa4
:80E68000012D0ADA002508E065468445C8BF054601EB0C02824200DB0246D3E90001954233DA531B05EB09027C320125DE070DD592F90060002E08D4B6F1200747BF05FA06F6304305FA07F63143521C5B081CD092F90060002E08D4B6F1200747BF05FA06F6304305FA07F631435657002E08D4B6F1200747BF05FA06F6304305FA07F62f
:80E7000031435B1E921C002BE2D109F1680202B0C2E90001BDE8F08701F020FD20B199F87400072817D004E099F8720098B199F8700009EB001009F16001D0E90823C1E900232830D0E9002309F1680002B0C0E90023BDE8F087374802B0D0E9002309F16000C0E900230020C9F86800C9F86C00BDE8F0872E4890F8720070472C4890F8ef
:80E780007300401EC0B27047294890F874007047274890F87500401EC0B2704770B5244D1C4695F87230984202BF4B1C95F87360B34202BF531C95F87560B34209D085F87200481C85F87300501C85F87500FFF7F3FC85F8744070BD154981F876007047134890F8760070471149C1F8AC0070470F48D0F8AC007047022806D003280CBF44
:80E80000022000200F490860704701200D49086070470C48006820B1022806D003D3002070470120704702207047032070470000481700200C670020003001500040015090700551A01C002000000000000000006A999569A595666A965A00009A5599AA59A5A5599AA5A965A5599A965A5599AA9666A965A5A66A965A55AA965A5599A666
:80E88000A965A55965AA6655A65A5AA6655A569A5AA66569A5AA66556999569A5A599569A5AA5569A5AA6659569A5AA600090B020F06040D070E0C050801030A11B14178491C41700178491C0170C9B220292DD1C17A082903DA491CC172818905E0827A818912189278891A8181427851188181B0F90C10FF29C4BFFF218181827A4178d8
:80E9000012189170002141700170817A491C8172C9B2082904BF00218172B0F90C1021B1C27AC90091FBF2F1091F81737047F0B5154681B0044628790F46002641094A0758D4002956D0EB78A9780FF6D0224FEA911C4FEA131E03F00F031CF802C01EF802E09B5CF44463444FEA101C00F00F001CF802C0805C6344C01800F00300C1F318
:80E980000112904236D1880900F001013846FFF795FFA878E978800900F0020001F00101084307F1100180F003004A780B7802F00302534080EA02073B438F7843F0FC031F4020EA03033B438B700B7803F0FC031A430A704A7802F0FC0210434870E978287900F01F00490841EAC010208001B03046F0BD0126304601B0F0BD2DE9F047e7
:80EA0000089C0FF61825267806F00C077F5DBF193609765DF619677807F00F077D5DAD1905F00305032D18BF012040F0F180002505806078C0F3410E000721D507200225BEF1030F00F2CD80DFE80EF002080E141E7846F001061E700026C2E01E7846F002061E700726BCE01E7846F004061E700E26B6E01E7846F008061E701526B0E06d
:80EA80002078800800F0010706200325BEF1030F00F2AA80DFE80EF0023878811E7846F0100601F1100C1E701C269CF801E09CF800800EF0010E8EEA080887EA0E0949EA08089CF8029048F0FE0808EA090927EA080848EA09088CF802809CF8008008F0FE084EEA080E8CF800E09CF801E00EF0FE0E47EA0E0E8CF801E01B78FF2B73D06b
:80EB00008B7C3B438B746FE01E7846F020061E702226002F14BF4FF0020C4FF0000C01F1100E9EF801809EF8009008F0020888EA09098CEA080A4AEA09099EF802A049F0FD0909EA0A0A2CEA090949EA0A098EF802909EF8009009F0FD0948EA09088EF800809EF8018008F0FD084CEA080C8EF801C01B78FF2B37D0002F14BF022300239a
:80EB80008F7C3B438B742FE01E7846F040061E7001230B7028264F7026E01E7846F080061E702E260B7843F002030B70032B91F801C04CEA47074F7016D1012F04D009D3032F05D002D305E0202304E0402302E0FF2300E010238F7B17B1DB1B07EBE3038B7300230B704B70012101FA00F0F6B202EBE6012468401E06F007020B6800FA08
:80EC000002F6EC402040B3439040184308600020BDE8F0872DE9F04100240C704C700FF2FC7C069C94F800E0A5786778E6784FEA5E1818F80C80C64407F00F083F0918F80C8017F80C70C644774405F00F0E1EF80CE077444FEA151E1EF80CE0774406F0010E1EF80CC0674407F01F071F2F18BF012040F0B880AF09F60749D5032F1ED8e0
:80EC8000DFE807F002091017197841F01101197000251C2113E0197841F022011970072522210CE0197841F0440119700E25282105E0197841F08801197015252E2102EBE50305F007051E687F27AF40BE43D4F80170C7F3460707FA05F53543C9B21D6002EBE102A478136801F007013F258D4004F03F04AB4304FA01F1194311600188be
:80ED000000296AD14FF4807101800020BDE8F0816A0902F0010217B1012F24D054E001F110056E782F7806F00106774082EA060C4CEA070795F802C047F0FE0707EA0C0C22EA070747EA0C07AF702F7807F0FE073E432E706E7806F0FE0616436E701B78FF2B31D02DE0002A14BF0225002501F11006777896F800C007F0020787EA0C0Ce6
:80ED800085EA070E4EEA0C0C96F802E04CF0FD0C0CEA0E0E25EA0C0C4CEA0E0C86F802C096F800C00CF0FD0C47EA0C073770777807F0FD073D4375701B78FF2B04D002B102228B7C1A438A74A178627801F01F01D20042EAC12109090180008810B10020BDE8F0810320BDE8F08100002DE9F047884692F802900021171D0726092448B954
:80EE000038681B68400AC3F3C81349F0010943EA402047E0401E05282CD8DFE800F00313181D2227781C1F680668BF0926F00E0607F00E073E43066049F002090A2606248E4617E049F004094FF0060E12E049F008094FF00F0E0DE049F010094FF0180E08E049F020094FF0210E03E049F040094FF02A0E0120A0405FFA8EF408EBE407c9
:80EE8000401E04F00705D7F800E000FA05F42EEA040EF41006F00706E358F3401840A84040EA0E003860B9F17F0F3AD198F806309088DFF840EADFF8406A03F007034FEA033C4FF4000330271C4675461CEA040F18BF85EA0C0C64086D083442F6D104240C3FFFB2FD0807F0070A55F8085025FA0AF52D058CEA15554FEA053C1D46F246e1
:80EF00001CEA050F18BF8AEA0C0C6D084FEA5A0A3542F5D1641EE3D1844514BF042149F0800982F802900846BDE8F0872DE9F0470E46089F0FF2E44497F802E097F800C011461A467B784FEA1C1903F00F0A19F804901AF804A0D1444FEA131A05461AF804A0D1440EF00F0A00201AF80480C84408F00F040CF00F094C454CD15FEA0E7Eda
:80EF80002FD44FEA1C1151EA031128D02980B97801F0030181F0030206F110014B780C7803F003035C4082EA03052C438D7844F0FC04254022EA04042C438C700C7804F0FC0423430B704B7803F0FC031A434A70B978890801F00101F174BDE8F08703201AE0CCF30214072C0DD1B27B4FEADC1141EA4301002A1ABFA2EBD2028918C9004a
:80F00000B1732880C3E73B462046FFF7EFFE0021298008B9BBE70120FF21F174BDE8F087F0B4DFF8D80800210180817081800022DFF8CC18002314461CC10CC11439F8C9DFF8C028DFF8C018F8C200220A700B724FF6FF72A1F801204FF0FF32C1F80320FF22DFF8A8381C78CA711CB970C970C3002181810023DFF8981803810B70A1F816
:80F080000130CB700A71F0BC704700002DE9F04F80461E4685B000203070914698F80000C00900F03F81DFF85478F889ADF8040002AD0F9CB4F801008DF80800B4F80100000A6870D4F80300A870D4F80300000AE870D4F80300000C2871D4F80300E179000E00F03F0040EA81106871217AE079C900C0F3820001F008010843A87198F81c
:80F100000000DDF838A0DDF840B000F00700401E032803D8DFE800F0047F8E9D0620B2E008F10102514601A8FFF701FC002840F0AA80012008F10102307000205178009113780FF2D82103F0080C4FEA131E1CF801C01EF801E0F444DDF800E00EF00F0E03F007031EF801E0F444DDF800E04FEA2E1E1EF801E0F44492F802E00EF00F0Ed7
:80F180001EF80110614401F0070199423ED111794909012929D037D3032902D012D3022035E069681268DFF86C376FF3920103EA5202114369609BF8001041F004018BF8001024E0D5F802101268DFF84C376FF3510103EA92021143C5F802109BF8001041F002018BF8001011E002991268490CC2F3D00242EA414102919BF8001041F049
:80F2000001018BF8001002E0022000E00120002839D1012136E008F1010000900BF1010302AA514601A8FFF7E9FB60BB01213170022127E008F1010000900BF1010302AA514601A8FFF7E6FCE8B901213170022118E008F1010000905B4602AA514601A8FFF764FE78B9B9F1000F08D09AF81310012904D1FF208AF81300022001E00121a7
:80F28000317004213972BDF80410A6F80110BDF80410F9819AF81210F1709AF80E1031716A789DF8081041EA0221A4F80110AB78EE786A7943EA06232E7943EA064302F03F0643EA0663C4F80330AE79B60006F01C0646EA9212E271AE79C6F3C006267270B9DFF82466377857B1B6F801708F4201BFD6F803109942F179914200D005201d
:80F30000119A002A00F0838098F8001001F007010027491E03290CD8DFE801F00206080A282706E00620EBE70C2702E0192700E01427F91D00250024C9105770012951DBF91D09064FEAD16A012107F0070399404B1EFE1008F1010C02F1020E0FF2BC015FEACA7B0FD59CF80040FF1008BF1C400EF8014B04F00F0724117F5C645CE51955
:80F3800001240CF1010C5FEA5A072BD09CF800A0B44208BF03EA0A0A8EF800A00AF00F0B4FEA2A1A1BF801B01AF801A0DA445544641C9CF801A0B44208BF03EA0A0A8EF801A00AF00F0B4FEA2A1A1BF801B01AF801A0DA44641C55447F1E0EF1020E0CF1020CD3D1157298F80030117803F0070301F0F00143EAC9031943117001F00F01a8
:80F4000098F80030DB0841EA031111705072411E8941C80F05B0BDE8F08F0000000101020102020301020203020303042DE9F04304460FF2E840DFF8D074DFF8C0549146D0E9002393B00FF2DC40CDE906238846D0E90023CDE9042308A80ECF0EC008A9B1E80C10A0E80C10D5E90001CDE91001CDE90E010C3FA87A08B105F110000390c4
:80F4800006AB0EA802904A460BA801904146DFF8700400902046FFF7F9FD0646A87A08B105F11A00039004AB10A802904A4608A801904146DFF84C040090E01DFFF7E6FDA97A09B10121E972697A02290ADA9DF81010002904BF9DF81810002904D00221697201E0032900DA1EB9697A032903DA10B10321697201E004290BDA9DF8181024
:80F5000011B39DF81010002918BF064202D00421697202E0697A052916DA9DF8181000291CBF9DF8101000290ED0BDF81910BDF81120914202BF9DF81B109DF81320914202D1052169721BE0697A052916DA064241D0BDF82D20BDF821309A4202BFDDF82F20DDF823309A4202BF9DF833209DF827309A4202D10521697203E006292ADA94
:80F58000064228D0BDF82D10BDF82120914202BFDDF82F10DDF82320914202BF9DF833109DF82720914216D19DF8181000291CBF9DF8101000290ED0BDF81910BDF81120914202BF9DF81B109DF81320914202D10621697202E0697A072903DA3978F9B1072169723978D9B1002E43D100284AD19DF8180000281CBF9DF8100000280BD0d4
:80F60000BDF81900BDF81110884202BF9DF81B009DF8131088422DD0BD490020087041E036B1217801F00701032908BF01210ED030B1E17901F00701032908BF012100D0002126B1227802F00702022A05D030B1E07900F00700022801D1012000E00020084314BF02200620697A814211DB9DF8180028B1DDE90601A54AC2E9000111E035
:80F680009DF8100028B1DDE90401A14AC2E9000108E09F4800210170C170FF2101710021A0F801103878002840F0BE80BDF82D00BDF82110884202BFDDF82F00DDF82310884218D19DF833009DF82710884202BF9DF834009DF82810884202BFBDF83C00BDF84410884206D10BA80EC80EC7BDF83C00A8800C3F9DF838009DF8401008404d
:80F7000028709DF839109DF84120114069709DF83A209DF842301A40AA7000233B70072818BFFF2929D179480178D1B1B7F80110B0F80120914202BFD7F80310D0F8032091420ED1F979C279914202BF397A027A914206D1012038700020A88113B0BDE8F0830ECF0EC0012100F80C1D002028800020A88113B0BDE8F083644803784BB335
:80F7800001F00F010F2925D1B7F80110B0F80120914218D1D7F80320D0F803101205120D0B05B2EB135F0ED1FF226A70C7F80310C179007A3872F971012038700020A88113B0BDE8F083002101700020A88113B0BDE8F083FF2A08D1012139700ECF0EC0A888A88113B0BDE8F083EBB102F00301032919D1A988AA89914212D1FF21A970b5
:80F8000013B0B0F80110A7F80110D0F80310C7F80310C179007A3872F97101203870BDE8F08300210170A98113B0BDE8F083384870473548704733483149C07CC97C814218BFFF2904D0FF2801D108467047FF2070472A484178027812B141B90120704729B1FF2901D10320704702207047007A70472248407881B08DF80000009801B011
:80F8800070471E49887270471C48807A7047000030B41A4A937AD47A234228D00023D372152928BF1421103201291DDB11F0030405D0641E12F8015B00F8015BF9D18B0800F0128012F8014B00F8014B5B1E12F8014B00F8014B12F8014B00F8014B12F8014B00F8014BEDD130BC0846704730BC002070470078C00000F0FF0018660020ee
:80F900006C66002080660020CC660020D8660020FC660020FCFF0700FEFF0300000000000000000000000000000000002DE9F04F80465B1C81B0D01A9B180093A1F1010958F822400B9BDFF80CA5E41A03EB640B03EBA403D4464FF0000E541E26E000BF55F804E9641E002C38D42E68764514DB55F804E9641E31D42E6876450DDB55F8e3
:80F9800004E9641E2AD42E68764506DB55F804E9641E23D42E687645E2DADE451EDA4FF0000E002C0CBFF446D446641E002C15D408EB840658F824507668AE4206DA04F1010CAE46641E08EB8405CCE724B9F44654460025501C2DE08442E6DA54460025501C27E056F8045B401C884239DA3768AF4217DB56F8045B401C884231DA3768dc
:80FA0000AF420FDB56F8045B401C884229DA3768AF4207DB56F8045B401C884221DA3768AF42DFDA5D451CDA002548450CBF4C465446401C884214DA08EB800758F8206057F8047CB74205DA441E3546401C08EB8006CAE7484501D14C4602E0009E8642E7DA5046F34505DAAB4532DBAB4205DB60461DE0734501DBAB4518DB0C9BDE078c
:80FA800009D5082A07DAAB4523DB12B94FF0FF300EE060460CE09B071BD5A9F107039A42A8BFF34515DB4A4508BF084600D020460A99002918BF50450BD0012809DB4845BFBF08EB80014A6851F8041C8A42B8BF401C01B0BDE8F08F30B5044683B00846B4F90610B4F9013001EB43056379029301F00101069B019381F001010091072379
:80FB0000B4F90A10491CFFF711FF10F5004F08BFD04808D0B4F80310228902FB001005EB4000401E00B203B030BDF0B4B0F90340B0F90150B0F90A706AB3BA422BD201EB820C5CF8046CDCF80410B14210DA022A21D35CF8087CBE4204DA03EB430CB7EB9C0F03D2F619C9188E4214D3521E12E08E4210DA7F1EBA420DD2DCF80870B94274
:80FB800004DA03EB430CB7EB9C0F03D279189B19994200D3521C008900FB024005EB4000F0BC401E00B2704770B5044682B0B4F80B000E46032802DB617B01B1801E00EBC001607C8D017168401E042851D8DFE800F00E034630190000200090D1F8D433D1F8D02304F11100FFF79FFF42E001200090D1F8D433D1F8D02304F11100FFF7f4
:80FC000094FF37E0D1F8D00304F11101B1F90320B1F9083003FB0020B1F90120B1F9061089184900D2074CBF891E491E01EB400020E0D1F8D00304F11101B1F90320B1F9083003FB0020B1F90120B1F9061089184900D20758BF491E01EB40000AE00095D1F8D433D1F8D02304F11100FFF734FF00E00020ADF80400706800F5806194F852
:80FC80002100401E042865D8DFE800F01203563C210000200090D1F8E433D1F8E02304F12100FFF742FFADF80600019802B070BD01200090D1F8E433D1F8E02304F12100FFF733FFADF80600019802B070BDD1F8E00304F12101B1F90320B1F9083003FB0020B1F90120B1F9061089184900D2074CBF891E491E01EB4000ADF806000198ac
:80FD000002B070BDD1F8E00304F12101B1F90320B1F9083003FB0020B1F90120B1F9061089184900D20758BF491E01EB4000ADF80600019802B070BD0095D1F8E433D1F8E02304F12100FFF7C7FEADF80600019802B070BD0020ADF80600019802B070BDF4B5064684B00FF2CC10BDF910200068384D03900C46AA4231D0B6F80B000328f2
:80FD800002DB717B01B1801E717C032927D106F1110707237979029100EBC00188010190B87900F0010080F001000090B7F90A00411C6068FFF7BAFD00B2A8420CD0B7F803103A8902FB0010B7F801100818F98801EB4000801E00E02846ADF80C00BDF91220AA4233D0B6F80B00032802DB717B01B1801E96F82110032928D12136072339
:80FE00007179029100EBC00188010190B07900F0010080F001000090B6F90A00411C606800F58060FFF782FD00B2A8420CD0B6F80310328902FB0010B6F801100818F18801EB4000801E00E02846ADF80E00039805B0F0BD0080FFFFF0B40FF2DC02126881B00092B0F80B20032A03DB437B0BB1921E92B2C389D21A92B240F6D2735A43bd
:80FE8000B0F91B305B1C0024012B21DB4D6813F0030607D02F689742A8BF641C761E2D1D002EF7D19B0813D02E689642A8BF641C6E689642A8BF641CAE689642A8BF641CEE689642A8BF641C5B1E1035002BEBD1ADF800400023B0F92B00401C012823DB496801F5806110F0030407D00D689542A8BF5B1C641E091D002CF7D1800813D093
:80FF00000C689442A8BF5B1C4C689442A8BF5B1C8C689442A8BF5B1CCC689442A8BF5B1C401E10310028EBD1ADF80230009801B0F0BC70470080008000000000DFF85C24518010800120516A60F3420151627047012804D1DFF84404B0F900007047022804D1DFF83804B0F90200704700207047DFF82804416A41F0040141627047DFF8ea
:80FF80001C349883D983F12AA8BFF122586A1A8440F00A0058627047DFF80034188359831A75586A20F0080040F002005862704730B481B0DFF8E443C50715D52171E2802381CD1E09D06D1E012D03D9AD1E07D1628105E09D186D0001E003EB42056581656A45F002056562800715D52173E2812382C91E09D0491E012903D9891E07D13e
:020000022000DC
:80000000628205E09818400001E003EB42006082606A40F0020060620398607501B030BC7047DFF87803C17D19B1416A41F001014162704770B40346DFF860431046626AC2F3C00202B3012858DB10F0030405D0641E51F8045B23F8025BF9D182084DD0521E51F8044B23F8024B51F8044B23F8024B51F8044B23F8024B51F8044B23F81d
:80008000024BEDD170BC7047228B257D1DB1032A04DB921E01E0648B121B92B272B301282CDB10F0030508D06D1E51F8046BB6B296FBF2F623F8026BF6D1840800F01E8051F8045BADB295FBF2F523F8025B641E51F8045BADB295FBF2F523F8025B51F8045BADB295FBF2F523F8025B51F8045BADB295FBF2F523F8025BE1D170BC704747
:8001000030B40446084611461A46A44B93F8245015F0030F1AD1012C09D19B6AB3B1F12914DA5418F22C0DDBC1F1F1020AE0022C0CD1DB6A53B1F52908DA5418F62CA8BFC1F1F50230BC03EB810173E730BC0020704792480021C162816270478F48C07D704700B110208D4A536A23F01003184350621029A8BF0F219175704710B5874C28
:80018000616AC1F3001139B1FBF74CF984480068C0F30310A07510BDA07DBDE81040FBF760B97E48807D70477E4800687047F0B506467A4D83B006F108070120E875F87106F1120404203871002038720120787203202070686A810801F0010179712979E1712989A4F80D10E9882181297BE175298AA4F81D10E9892183C0F3C001B9B3a6
:80020000A4F80110B5F91C20012AB8BF00220CDB3968B5F90AC0B1F900100CEB02038B42A6BFA1EB0C020221002121736281B5F91E20012A02DA002201210CE03968B5F912C0B1F91A100CEB02038B42A6BFA1EB0C0202210021217762830021A4F81F10A4F80F10B5F92010491EA4F811101AE0298BA4F80110698BA180297DE170002114
:80028000618361810121A4F81F10A4F80F1003212177217339686B890A88D21AA4F81120498B6A8A891AA4F82110B4F811203D49521C0A80B4F82120521C4A800121A4F8271041F28831C4F8291042F21071C4F82D10717B00291CBFC0F38000002803D03046FDF7B7F828602A68B17B0420FDF7ADF93868D0F80630006A00900121B27B02
:8003000001A8FDF764FA0198C4F813000298C4F823000020E862A86203B0F0BD1F4A537D002143B1022B04D004D2817B81F0010100E0817B29B1D0F84700906200F58060D0620020704700B500F1430181B00830FFF72AFC009001B000BD00B51249C96881B08847009001B000BD002070470B48416ACA0706D54908490041620021C175e3
:8003800009487047C1F340022AB121F0020141620FF21C007047054870470000E01B0020185001509C1C0020F40A010028780100AFC100001DC3000047C300005BC300006BC300006FC3000000000000DFF89408D0F8C801000A00F001007047DFF88418D1F8C82160F34922C1F8C8217047DFF87408D0F8C801400A00F0010070470000a9
:8004000030B5DFF8604881B004F1540004F04AFC04F1700004F046FC04F1C40004F042FC04F1E00004F03EFC04F1140004F03AFC94F86C21B4F834114FF0004304F18C0004F0CEFB94F86D21B4F83A114FF0004304F1FC0004F0C4FBD4F8C8014FF00045C0F3C02080B394F8390194F83811C21C2B4604F5A47004F0B3FB94F83F0194F8d7
:800480003E11C21C2B4604F5AC7004F0A9FB0020C4F8CC0184F86A01C4F87451C4F8705194F8690180B104F5BC714FF6FF72C30748BF41F8042B400800F0068041F8042B41F8042B401EF9D10020C4F8B0002064C4F8C0504FF0FF3020602061606025650020A060C4F81C01C4F8AC0001B030BD10B50FF2E800DFF86C47D0E9002384B055
:800500000FF2E000CDE90223D0E900236420A4F83401A4F83A01052084F86C0184F8360184F86D0184F83C01032084F8370184F83D01CDE900230A2084F84301FEF770FD002084F82B0184F82601A4F8270184F82901012084F86801FFF752FF04F19C0001F092FE04F5867001F08EFE04F1300001F08AFE04F5F87001F086FE04F5F07030
:8005800001F082FE02A805F032F800A805F053F80FF25800006805F072F8002084F86B0147F23050606444F62060C4F8B4000FF24000006806F0DEF9D4F8C801DFF8A816084040F01000C4F8C80104B00020C4F8C401C4F89801C4F8A00110BD060000004007400700000000C007C007000000000000000030B5044689B0A078E178B4F9e1
:80060000002003920001ADF810000901ADF8121003A804F0ECFFA079E179B4F9042001920001ADF808000901ADF80A1001A805F002F8217AC809C1F3800201F0010383F00103C1F340018DF80030002914BF0021042119438DF80010002A14BF002102219DF8002002F0FD0211438DF8001000B108209DF8001001F0F70108438DF80000dc
:80068000009804F0FCFFDFF8DC55B4F80900D5F8C8116864B4F81900C5F8B40094F82A0080F0010060F30001C5F8C81121F0040094F82910C1F3C00140EA8100C5F8C80194F82900D5F8C811000960F30511C5F8C811D5F8C80194F8291020F00800C1F3801140EAC100C5F8C80194F82900C0F3800100F00102C0F340008DF80020002855
:8007000014BF0020022010438DF80000002914BF002004209DF8001001F0FB0108438DF80000009806F026F9B4F82B00ADF8140064214043069094F92D008002323090FBF1F0ADF81C0094F92E008002323090FBF1F0ADF81E0005A806F0A1FAE07A4000A5F83401E07E4000A5F83A01207B00F00F0085F83601207F00F00F0085F83C01b0
:80078000207B000985F83701207F000985F83D01607B85F83801607F85F83E01A07B00F00F0085F83901A07F00F00F0085F83F01E07B00F00F0085F84001E07F00F00F0085F84101E07B000985F84201A07B000985F84301E07F000985F8440194F82A10D5F8C80120F40060C1F3400140EAC120C5F8C801F6F7D7FD09B030BD30B587B024
:80080000044601A804F04CFFBDF90800BDF90A10019A22800011A0700811E07001A804F048FFBDF90800BDF90A10019AA2800011A0710811E07100A804F02DFF9DF80010207ADFF8205481F0010100F0780001F0010108439DF80010490881F0020101F0020108439DF80010490081F0040101F0040108439DF80010C90840EAC11020727a
:80088000686CA4F80900D5F8B400A4F81900D5F8C80194F82A2080F0010161F3000284F82A20C0F3800294F8291001F0F70141EAC20184F82910C0F3011201F0CF0141EA021184F82910C0F3C00001F0BF0141EA801084F8290000A806F04FF89DF800109DF8002094F8290081F0040101F0040102F0010211439DF8002082F0020202F005
:80090000020200F0F8001143084384F8290003A806F0CBF9BDF80C00A4F82B006420BDF91410414301F50071891284F82D10BDF91610484300F50070801284F82E00B5F834014008E072B5F83A014008E076217B95F8360160F30301217395F83C01217F60F303012177207B95F8371100F00F0040EA01102073207F95F83D1100F00F0059
:8009800040EA0110207795F83801607395F83E016077A17B95F8390160F30301A17395F83F01A17F60F30301A17795F84001E17B60F30301E17395F84101E17F60F30301E177A07B95F8431100F00F0040EA0110A073E07B95F8421100F00F0040EA0110E073E07F95F8441100F00F0040EA0110E077D5F8C81194F82A00C90A00F0FD008d
:800A000001F0010140EA410084F82A0007B030BD30B5944C94F8751087B000291CBF94F8E510002918D094F8591000291CBF94F8C910002910D0A16F411A0DD40D46D4F8E810411A08D44D19E16D411A04D44D19D4F8CC10411A02D5002007B030BD49194A1001EB9271A0EBA1052A4600A904F1700004F079FB00B3019802902A4600A986
:800A800004F1E00004F070FBB8B1019803902A4600A904F1540004F067FB70B1019804902A4600A904F1C40004F05EFB28B10198059002A904A806F06EF807B030BD30B44468012CA4BF0568A5420DDB654C256955B994F82651002D49D0B4F827417CB1C16E41F0020141E05E4C2569002D3ED194F82651002D3AD0B4F82741002C36D1fe
:800B00008468012C06DB0568AC4210DAC46E44F010040BE00569A1F5FA64AC42BCBF02F5FA64A54203DAC46E44F00404C4660569B5F1004F1CBFB3F1004FB1F1004F16D0EB1A48BF5B42B3F5967F10DD454C94F8683163B1092BBFBFA1F54871A94202F548718D4203DAC16E41F00401C16630BC70472DE9F047089C82460D0016461F4632
:800B800021D00AF130084FF4C8723146404604F0DDF86FB1002C14BF4FF4C872FA2200233146404604F085F810B94FF0004070603146404604F0F3F8404604F04FF94FF00040706009E07068B0F1004F05D0D6E900010AF10C02C2E90001DFF8888098F8C801400601D4002D38D10AF1140964223146484604F0AAF80125B7B1002C07BF03
:800C00000F23FA2246234FF4C8723146484604F050F850B9D8F8100020B9484604F042F8002502E04FF0004070603146484604F0B6F8484604F012F928420FD0D8F8C801C0F3C00008B10AF1300900223146484604F061FA10B10120BDE8F0870020BDE8F08700007C13002052FCFFFF2DE9F04F050087B0287A049018BF002800F05C8474
:800C8000DFF8588BD8F81000012803DB01200590012011E000200590D8F804000128F7DA98F8260140B1B8F82701411E8941C943C90F8DF8041001E08DF80400FEF7C9FD0446012C03D0661EB641F60F00E001269DF81000DFF8087BC0076AD50FF66002D2E90001CDE9020108222868029002A908F5F87001F03CFA0020787601203876ab
:800D00005EB9D8F8C801C0F3C01070B1F6F7B8FB396A401AB0F5967F07D3D8F8C80120F08000C8F8C80105F0A1FF0120C8F8AC0100230020C8F8B0010120C8F8B4010020F8620246014601F095F874B1012C03D1FFF756FB042002E0FFF752FB082088F8580088F8C80088F8180098F84101002818BF002C05D0012C18BF98F8400188F88b
:800D8000690198F83701002818BF002C05D0012C18BF98F8360188F86C0198F83D01002818BF002C05D0012C18BF98F83C0188F86D019DF81000C0062CD50FF28C72D2E90001CDE9020108222868029002A908F5F87001F0CDF9082038764EB9F6F750FB3862D8F8C80140F08000C8F8C80101E005F03CFF0120C8F8AC0100230020C8F866
:800E0000B0010120C8F8B4010020F8620246014601F030F89DF8100080060CD59DF8040048B9FFF7EDFAB8F82001C8F89400B8F82201C8F80401D8F8C801C0F3400129B120F00200C8F8C801002007E09DF8100000F00601481E8041C043C00F042C10D14FF001094FF0000B5BEA090101D1022C0ED19DF8101089094FF0010A01F00106d0
:800E800009E04FF00009032CECD14FF0010BEBE74FF0000A0026D8F8C81166F38A21C8F8C811002800F027810FF2A462D2E90001CDE90201286802909DF8100080074DD54FF00044324605F1090103A804F0FAFBA8B1D8F8C801C10712D5C00800F0010070400DD1DDE9020108F14C02C2E90001082202A908F19C0001F03AF900E003941f
:800F000066BBD5F827000599C8F84000C1B1D8F84410012914DB98F86821884207DA7AB10A2A0DDAD8F8AC0040F0040006E03AB1062A05DAD8F8AC0040084000C8F8AC00DFF8A0080068002807BF2246214682880188039B08F14000FFF7B1FD98F8C801C00737D4D8F8AC00C0F3800090BB0398B0F1004F2ED016B978620120B876D8F8dd
:800F8000B40102281CBF0328082802D1D8F8B80119E0B9F1000F1DBFD8F8AC00C00800F0010301239DF80400009002AA314608F14000FFF7DEFD68B12868396902900398081804F0BDFB0390082202A908F19C0001F0CEF8286802904FF000449DF81000039440074BD5324605F12B0103A804F06EFBA8B1D8F8C801C10712D5C00800F005
:80100000010070400DD1DDE9020108F1BC02C2E90001082202A908F5867001F0A9F800E0039466BBD5F849000599C8F8B000C1B1D8F8B410012914DB98F86821884207DA7AB10A2A0DDAD8F81C0140F0040006E03AB1062A05DAD8F81C0140084000C8F81C01DFF880070068002807BF22462146C2884188039B08F1B000FFF720FD98F8a3
:80108000C801C00737D4D8F81C01C0F3800090BB0398B0F1004F2ED016B9B8620120F876D8F8B40102281CBF0328082802D1D8F8BC0119E0B9F1000F1DBFD8F81C01C00800F0010301239DF80400009002AA314608F1B000FFF74DFD68B12868796902900398081804F03EFB0390082202A908F5867001F03DF8BAF1000F3DD09DF8100022
:8011000080073FD59DF8100040073BD595F82C1095F82B00AA7A01F00F010818697A02F00F025118891E36298941C943801E21288041C043C00FDEB150EAD1701CBFB8F82701002814D12868FFF762FC002838460FD005F042FDD8F8AC0040F00800C8F8AC00D8F81C0140F00800C8F81C0109E0384605F032FD05E000200021024607C71d
:8011800007C7183FB86888F82401D8F8C801C0F380000028F86818BF404288F825014FF0FF0A9DF81000000740F12E81287A98F86B31800900F0010205F15B0105F14D00FEF734F9FEF733FB014602A80522F6F773FAFEF730FB8246FEF72BFB014608F22B100922F6F768FA9DF8080000281EBF9DF80B0000F0030103291ED088F8290155
:80120000012298F82B319DF80C000021002B18BF002827D0B8F82C11C90801F03F0106290FD8DFE801F00C040E0E040E04008C2809DBB42815DA202114E0002254E0014610E0182801DA10210CE0302801DA202108E06028B8BF402104DBC028B8BF802100DBFF21787E88F82A11202805DA401C7876BDF8090018B100E00020C8F804001d
:80128000D8F8080030B9BDF80900C8F80000C8F8082004E0C828BCBF401CC8F80800BDF8090008B3D8F85000B0F1004F0BD0D8F84000D8F84410884205DAD8F8AC0040F00400C8F8AC00D8F8C000B0F1004F0BD0D8F8B000D8F8B410884205DAD8F81C0140F00400C8F81C0100240FF26C23D3E90001CDE900012868D8F8C831009098092f
:8013000000F0010080F0010006EA000E52B3BDF80900019008F10C02DDE90001C2E90001D8070BD5D80800F00100704006D1082200A908F1300000F01BFF2DE0BEF1000F2AD1642200A908F1140003F0FFFC00A908F1140003F023FD08F1140003F012FE98B919E0BEF1000F16D1009A00A908F1140003F0F9FE00A908F1140003F00FFD7b
:8013800008F1140003F0FEFD30B1002200A908F1140003F0C0FE044626B90198C8F8C00101203877D8F8B401022818BF032804D008281CBFF86A012804D1F86A401CF86200201AE0811E032907D2401CF8620528A4BF0020F86200200FE098F8C80100F0010084F00101084304BF387E01280BD128680090019880F30C000190082200A9bb
:8014000008F1300000F0B4FEBBF1000F2FD0786B0024012805DB29683A6B8C1AA04228DA05E0D8F8C801C0F30110012821DBF6F746F8786BA0420ADA241AA042BCBF241AA042BFBF241AA042241AA042F4DB2868001B3863D8F8C801C0F301100128A6BFDFF8F81C91FBF0F00020786301E028683863B9F1000F0AD0BAF1000F04D0BAF139
:80148000010F04D1012000E00020F6F763F8B87EF97E80F00100304381F001010843397F81F00101084311D1D8F8AC31BA6A796ADBB2012000F0DEFCD8F8AC010328BCBF401CC8F8AC01002038777883D8F8AC00C0F38000002802BFD8F81C01C0F38000002829D00020C8F81C01C8F8AC00FEF787FF08F19C0000F0C7FE08F5867000F02b
:80150000C3FE08F1300000F0BFFE98F86801002818BF012808D0022818BF0A2804D00B281CBF032088F86801F5F73DFFD8F8C80140F00200C8F8C80107B0BDE8F08F000000000000010000000000000008000000000000000000008000000000FFFFFFFF2DE9F04FDFF8748298F869910446A9F1010081B00D460026C7B227B308EB8700d6
:80158000D0F87411C0F87811781EC7B2DFB108EB8700D0F87411C0F87811781EC7B297B108EB8700D0F87411C0F87811781EC7B24FB108EB8700D0F87411C0F87811781EC7B2002FDAD1D8F87401D8F87011281A611A404301FB010002F092FD82468B4605F0A6FB5046594602F022FE98F84411C8F87041B0FBF1F0C8F87801C8F87451ed
:801600004FF6FF7101E0781CC7B24F450CDA08EB8702D2F87821B2FBF9F39E198A42F2D1002001B0BDE8F08F98F8420198F86A1111B198F843110818C0B2864234BF0120002088F86A0101B0BDE8F08F2DE9F04FDFF8888181B008F19C0000F0F7FD044608F5867000F0F2FD054608F1300000F0EDFD06462768D6F800B0D5F800A05F4515
:8016800008BFDA4521D16068ADF80000082108F19C0000F0C1FD6868ADF80200082108F5867000F0B9FDB688082108F1300000F0B3FD0098A8F8276108F5907101B00860012088F82601BDE8F08FA7EB0B00AAEB0B0910F0004F24D06068ADF80000082108F19C0000F098FD19F0004F0ED06868ADF80200082108F5867000F08DFD7068b9
:80170000B8F827110818C603360CD2E77068B8F827110818C603360C2BD1002001B0BDE8F08F19F0004F12D06868ADF80200082108F5867000F070FD7068B8F827110818C603360C2DD1002001B0BDE8F08FB688082108F1300000F05FFD5F4515D16068ADF80000082108F19C0000F055FD002ED3D0B8F827010028CFD06868B8F82211c3
:8017800008184010ADF8020093E7DA4515D108216868ADF8020008F5867000F03DFD002EBBD0B8F827010028B7D06068B8F8201108184010ADF800007BE75745ADD1002E1CBFB8F827010028A7D06068B8F8201108184010ADF80000CFE700007C130020A81B0020BC6200202DE9F043DFF8704981B0002504F19C0000F026FD064604F540
:80180000867000F021FD814604F1300000F01CFD804604F5F87000F017FD074694F86801401E0A2800F2B582DFE810F00B002900740074007400AD00BC00F400F400600278026FB104F5F87000F009FD057904F5F87000F019FD012D08BF022000F08E8004F19C0000F010FD04F5867000F00CFD04F1300001B0BDE8F04300F005BDA06876
:8018800001282FDB002E18BFB9F1000F2AD004F19C0000F0DBFC054604F5867000F0D6FC0646012084F82601002084F82901F5F772F903280CD0D4F8AC00C0F34000002801BFD4F81C01C0F340000028A4F827016868A4F820017068A4F82201032084F8680154E2002F00F05E82FDF799FB012084F82B5184F82651A4F8275184F829515b
:8019000084F86801FEF77CFD012084F8680101B0BDE8F083002E1CBFB9F1000FB8F1000F17D0FFF793FEA0B1B4F82001B4F82211D4F8C821C4F89400C4F80411C2F3C0221AB1C4F85001C4F86011062084F868011DE2002F00F02782082104F5F87000F05BFC0079082840F01E8294F82901002805BFB4F8270100280A200B2084F86801fa
:8019800001B0BDE8F083D4F8AC00C0F3400000281EBFD4F81C01C0F34000002825D0082084F86801D4F8AC00C0F3400000281EBFD4F81C01C0F34000002816D094F86C11C4F89010012094F86D11C4F80011D4F8C811C1F3C02149B194F83911C4F84C1194F83F11C4F85C1100E0002084F86B01D4F8AC00C0F3001000281EBFD4F81C01b8
:801A0000C0F30010002805D0D4F8C80140F48070C4F8C801002E1CBFB9F1000FB8F1000F00F04681FFF712FEE8B994F86801082840F0B981FEF7E4FC04F19C0000F024FC04F5867000F020FC04F1300000F01CFCB4F82001C4F8940001B0B4F82201C4F80401BDE8F0830022B4F82001322103F033FE30B9B4F822010022322103F046FE23
:801A800000E00120D4F89811002913BF00280120C4F898511E20C4F89C010146B4F82001002203F019FE38B9D4F89C11B4F82201002203F02BFEB0B3D4F8980118BB012084F8260184F829510022D4F8A401294603F002FE05460022D4F8A801114603F015FE28431CBF0020A4F8270104F59075D4F89801022880F24C81D4F89801401Cf9
:801B0000C4F8980145E10128F2D184F8265184F82951A4F8275104F59075D4F89801401CC4F8980135E1D4F89801012880F23B81B4F8271194F8680100293CD1062804D0072818BF092809D00EE0206960B96068012809DBA4F82701072003E00120A4F82701082084F8680194F8C801C00700F18880B4F82231B4F8202104F1FC0104F1ed
:801B80008C0003F032F8D4F89800A4F82001D4F80801A4F82201D4F8C801C0F3C020002800F0F580B4F82001C4F85001B4F82201C4F860016DE0062804D018D3082805D008D314E0072084F8680110E0092084F868010CE0D4F8C401022803DA401CC4F8C40104E0092084F86801C4F8C451D4F8C801C0F3C021F9B1D4F8CC11A1B1C0073b
:801C000012D4B4F82231B4F8202104F5AC7104F5A47002F0EAFFD4F85401A4F82001D4F86401A4F8220107E0B4F82001C4F85001B4F82201C4F86001D4F8B40102281CBF032808281DD194F86801092819D194F8C801C00715D4D4F8B801A4F82001D4F8BC01A4F82201FEF7CBFB04F19C0000F00BFB04F5867000F007FB04F1300000F073
:801C800003FBB4F82001C4F89400B4F82201C4F80401D4F8C801C0F3C020002877D0B4F82211B4F82001FFF75BFCC4F8CC016EE0002F78D0082104F5F87000F0ADFA0079082870D1D4F8980140B994F82901002806BFB4F8270100280A2000D10B2084F86801C4F8985101B0BDE8F083012084F8260184F829510B2084F86801A4F82751fc
:801D00000120C4F8AC01C4F8B4010022114604F590750023084600F0ADF83AE0FDF780F9012084F82B5184F82651A4F8275184F8295184F86801FEF763FB04F19C0000F0A3FA04F5867000F09FFA04F1300000F09BFA012084F8680184F8265184F82951A4F8275184F86B51D4F8C80120F48070C4F8C80102F0A9FE01200023C4F8AC0137
:801D8000C4F8B4011A461146084600F073F804F5907545B1294604F5F07001B0BDE8F043142200F0E5B901B0BDE8F08300B581B008B1FEF75BFFDFF8AC0300F045FA282803D201B05DF804EB0EE501B000BD10B5DFF88C4304F5F07000F036FA30B104F5F070BDE81040142100F016BAFFF7FCFC002010BD00B581B0DA4800F025FA401Eca
:801E00008041C043C00F01B000BDD7490522F5F753BCD6490922F5F74FBCD149D1F8C82160F38612C1F8C8217047CD4890F8261179B1B0F8271109B103207047016901290DDA90F86801082801D1042070470120704781680129A4BF0069012801DB0220704700207047BE4880687047BC4890F82B0170472DE9F04F87B00D461646002731
:801E80000024DFF8DC824BB9C8F8B0710120C8F8DC01C8F8D87107B0BDE8F08F012840F0DA80D8F8B001B0B1D8F8D001C8F8A4010022C8F8D0511146284603F00DFCD8F8D401C8F8A8013A46C8F8D4611146304603F01CFCADE0012B02D12F46344699E0022B26D1D8F8D001291A0291052291FBF2F101EB81014F190022114603F0ECFBfa
:801F0000814622461146284603F0E6FB824622461146384603F0E0FB8DF811000522D8F8D401311A019191FBF2F101EB81018C1933E0032B71D1D8F8D001291A0291052291FBF2F1192491FBF2F1614301EBD17105EB61070022002103F0BEFB814600221146284603F0B8FB824600221146384603F0B2FB8DF811000522D8F8D401311A50
:801F8000019191FBF2F191FBF2F2624301EB8101891902EBD27201EB62040022002103F0B5FB834600221146304603F0AFFB8DF8000000221146204603F0A8FB8DF81000D8F8A001A8B99DF8000050EA0A0007D19DF811009DF8101008430AD0022009E089F0010108408BF00101084218BF032000D10120C8F8DC01019A0298014652433c
:8020000001FB002002F072F804F092FE02F010F9642802D20120C8F8DC01D8F8D001C8F8A401C8F8D051D8F8D401C8F8A801C8F8D461D8F8C0010128A4BFD8F8D811012907DA0121C8F8B411C8F8D80107B0BDE8F08FC8F8D801D8F8B00101281AD10020C8F8B0010022D8F8D0014FF4FA7103F04DFB0546D8F8D40100224FF4FA7103F047
:8020800045FB284314BF02200120C8F8B40107B0BDE8F08FD8F8DC11D8F8A001012900D0B8B1C8F8B411C8F8B871C8F8BC4100284FD0D8F8D0010022642103F00DFB0546D8F8D4010022642103F020FB284340D13DE002291CD10220C8F8B40105A900200690059003940297D8F8D4019DF810309DF811200190D8F8D001009006A803F0d0
:8021000043FB069803F01CFBC8F8B801059819E003291ED10320C8F8B40101AA0020019000906421D8F8D00103F0D6FAD8F8D40100AA642103F0EAFA019803F001FBC8F8B801009803F00EFBC8F8BC010120C8F8A00107B0BDE8F08F0000000020BF02007C1300205C150020A2140020A714002070B4437B002B14BF0024B0F90440B0F95c
:802180000850B0F90A302C19E41A24B294420DDA047B641E04735419048124B2B0F90450AC4203DB00264673641B0481541005685B19012C1CDB14F0030505D06D1E31F8026B23F8026BF9D1A40811D031F8025B23F8025B641E31F8025B23F8025B31F8025B23F8025B31F8025B23F8025BEDD1D40744BF09781970017B491C0173418959
:802200005118B0F9042009B2914202DB01234373891A418170BC704790F80CC0B0F908300268ACF1010C9A1880F80CC0C918B0F9043009B2994204DB4FF0000C80F80DC0C91A018110467047007B7047017B21B10168B0F90800401870470020704720B4017B71B18179B0F90A3005684A428B42AFBF5819B0F904004019181820BC101879
:80228000704720BC002070470021418101814173017370472DE9F04FDFF80404DFF80444DFF8045481B00021002200F1100319E02E685F78B742A4BF761E5E702E681F78B742A4BF761E1E7026685F79B742A4BF761E5E7126681F79B742A4BF761E1E71521C10330678B242E2DBDFF8C0231346002400F1100504E05E811433491C641C91
:8023000010350678B44212DA1429F8DA02261E702E785E806E78DE802E799E806E791E812E7BFF2E0CBF4FF480562E7BE4E7002000E0401C884255DA00EB800302EB83031C78002CF5D00024154601E0641C14358C4244DAA0421CBF2E78002EF6D06F88DE887F1EBE42A1BF5F88B5F806C00CF1010CBC45EADBB5F804E0B3F808C0AEF164
:80238000010EF445A1BFB3F804E0B5F8088008F10108F045DADB6888B84288BF38465880E888864238BF0646DE80A888704588BF704698802889844538BF8446A3F808C058896C892018588100B2B0F5805FA4BF4FF480505881002028700020AAE7A8D00020A7E7002301293EDB1446B0482578022D35D165880095009EA58806EBC51Ce9
:80240000002666812789AF42C0F229804FEA8C0C0CF1A24CDDF80080B4F80690E646C145C0F21880BEF900A05645B8BFBEF90060B0F852A0BEF900B0DA4505DAB4F80AA00AF1010AA4F80AA008F101080EF1040EC145E7DA6D1C0CF5007CAF42DADAA6815B1C14348B42C2DB9148002500E06D1C8D4270DA05EB850302EB83031C78002C63
:80248000F5D05E88DF88B3F804C0B3F808E0BC1BAEEB0C09641C09F10109A145B8BFA146B0F84A404C4502DBB9F1070FDFDB0024914602E0641C09F114098C4249DAA5421CBF99F800A0BAF1000FF3D0B9F802A0AAF1040A5745A2BFB9F806A00AF1040AB245E7DBB9F804A0AAF1040AD645A2BFB9F808A00AF1040AE245DBDBB9F80240ce
:80250000B44288BF34465C80B9F80640A74238BF2746DF80B9F80440644588BF64469C80B9F80840A64538BFA646A3F808E05C89B9F80A502C195C8124B2B4F5805F04DA002389F80030002592E74FF480545C81F6E7F8D18BE700200024012960DB134611F0030513D01E78022E0BD1844208D0B3E8805300EB800602EB8606143BA6E801
:802580008053401C641C6D1E1433002DEBD1890846D01D78022D0BD1844208D0B3E8C05100EB800502EB8505143BA5E8C051401C03F11405641C2E78022E0AD1844207D0B5E8805300EB800602EB8606A6E88053401C03F12805641C2E78022E0AD1844207D0B5E8805300EB800602EB8606A6E88053401C03F13C05641C2E78022E0AD152
:80260000844207D0B5E8805300EB800602EB8606A6E88053401C641C491E50330029B8D101B0BDE8F08F000021481E4AB0F9641012680020012A00DA7047F0B44FF0A243194D2D681C46012D23DB15F0030607D0B4F900708F42B8BF401C241D761EF7D1AD0816D0B4F900608E42B8BF401C34F9046F8E42B8BF401C34F9046F8E42B8BF68
:80268000401C34F9046F8E42B8BF401C241D6D1EE8D103F50073521ED2D1F0BC70470000100004511800002014000020A05C0020DC5700202DE9F14FDFF8A456DFF8A476A86C84B0401E8041C00F049901904FF00008B7F8A2000988C146884234BF029002910198CDF8008005EBC00419E0017802293AD1BAF5805F0DDBF98F01F5805108
:802700008A4508DABBF5805F05DBB7F8401001F580518B4526DB042101700098401C80B2009000980299884280F236810498009900EB8106706801780429EED0C088000403D5286C40F002002864397D7068C90747BFB0F954A0B0F956B0B0F924A0B0F926B0C4E700F011FA03E0032903D100F07EFAC0B2C8B9BAF5805FB8BF4FF4805A35
:8027800005DBF88F00F580505045B8BF8246BBF5805FB8BF4FF4805B14DBB7F8400000F5805058450EDA83460CE0387DD5F838A0D5F83CB0C00705D57068A0F854A07068A0F856B0B88A810626D5BAF5805F26DBF98BAAF580538B4204DA03EBD3714FEA610A25E05A1A7B8B9A42B8BF02EB510A1EDBA2EB030EB7F816C08E4507DA0EEB9d
:80280000DE72490801EB620103EB010A00E0E246D4450DDAE2460BE0BAF5805F02DA4FF0000A05E0F98AAAF5805A5145B8BF8A46410626D5BBF5805F26DB398CABF580538B4204DA03EBD3714FEA610B25E05A1A8A42B8BF02EB510B1FDBBB8BB7F818C0A2EB030E8E4507DA0EEBDE72490801EB620103EB010B00E0E346DC450DDAE3461c
:802880000BE0BBF5805F02DA4FF0000B05E0398BABF5805B5945B8BF8B46BAF1000F08BF4FF0010A04D0F98A8A4508BFAAF1010ABBF1000F08BF4FF0010B04D0398B8B4508BFABF1010B410744BFF98AA1EB0A0ABAF1000F48BF4FF0000A03D4F98A5145B8BF8A46010744BF398BA1EB0B0BBBF1000F48BF4FF0000B03D4398B5945B8BF50
:802900008B467168C00605D5A1F840B07068A0F842A004E0A1F840A07068A0F842B07068C18809041FD5B0F84010B0F8420008F101080A460346B8F1010F03D121856085A2850FE0B4F828C06145B8BF2185618D8842B8BF6085A08D9042B8BFA285E08D984200DAE3857068C18801F44042B2F5004F01BF0278022A41F48041C180706812
:80298000C08840045CBF09F101001FFA80F9B7F8A2008145FFF6C1AEB8F1000F2BD0019805EBC002108D00EB80014800411000EB917080101085508D00EB80014800411000EB917080105085908D00EB80014800411000EB917080109085D08D00EB80014800411000EB91708010D08502F1280068640198A864DFF87003DFF870130068c6
:802A00000978022900F0BD8000290CBF0C2103212970002764214843E8840020804616E02822294605F14C00F4F756FE42F21074002000900123282205F14C01012004F0F3F9012801D0641EF2D100207F1C04990988BFB28F4244D2C84542DA049901EB8701C0EBC00249680B785219D21C042BECD08B79A2F80130CB881B0406D5B1F868
:802A80007A30A2F80330B1F87C3005E0B1F84030A2F80330B1F84230A2F805300B78052B02D0062B02D003E0062302E0042300E005231370CB881E0407D55B04C6D400231370CA8842F48042CA80401C08F101080528BBD140450EBF85F802900020A8709EE7002918BF002847D040450EBF85F802900021A970052880F02980C0EBC001e8
:802B0000491900228A80CA70CA80401C0A8105281DD2C0EBC0014919401C8A80CA70CA800A81052813D2C0EBC0014919401C8A80CA70CA800A81052809D2C0EBC0014919401C8A80CA70CA800A810528D6D32822294605F14C00F4F7BFFD42F21078002000900123282205F14C01012004F05CF9012802D0B8F10108F1D1484605B0BDE807
:802B8000F08F002005B0BDE8F08FF0B40146B1F92420B1F92630B1F94440B1F946100020A2EB440441F20106A3EB4105B4420FDAB24223DBE81AC2F580577843A71A684990FBF7F01818C8634FF48050886314E0644FF98F01F58057BC420FDBBA420DDAE81AA7EB020C0CFB00F0A4EB020C5C4990FBFCF01818C8638F630120B54218DA8a
:802C0000B34232DBA11AEC1AC3F58053594391FBF4F1521852498A63B2F5805FA1BF514BDB8F03F5805393421FDB4FF48050C8631AE04C4FB7F8401001F58056B54214DBB34212DAA11AEC1AF31A594391FBF4F1521843498A63B2F5805FA2BFFB8F03F58053934201DBCE630120F0BC7047F0B53C4A157D01460020B1F92440B1F926308a
:802C8000ED0704D5B1F95450B1F9561005E0B1F94450B1F94610651B591A41F20107BC4211DABD4225DB581AC5F5805C0CFB00F0A4EB050C2A4E90FBFCF00818F0634FF48050B06314E0D68F06F5805C644510DB65450EDA581AACEB050E0EFB00F0A4EB050E1F4E90FBFEF00818F063C6F838C00120BB4217DAB94230DB5B1A641BC1F56e
:802D00008051614391FBF3F1154E6918B163B1F5805FA2BFD28F02F580528A421EDB4FF48050F06319E0B2F8406006F58057BB4214DBB94212DA5B1A641B791A614391FBF3F1074E6918B163B1F5805FA2BFD28F02F580528A4201DBF7630120F0BD000078620020DC570020501B0020F75F0020DFF8E01A4FF6FF700880DFF8DC0A01686d
:802D800041F0805101604FF08051DFF8D00BC0F88011016070470000DFF8C80B022101804FF6FF710181FF2181804FF08050DFF8B81B0860282000BF401EFCD17047DFF8A40B4FF6FF710181012101807047000030B5DFF8980BDFF8982B81B000F1DC0112235B1E31F8024B22F8044B31F8024B22F8044B31F8024B22F8044B31F8024Bcd
:802E000022F8044BEDD100F5B673DFF8681B172233F8024B21F8044B521E33F8024B21F8044BF5D1DFF8501B0A4612235FF0000402F8044B02F8044B02F8044B02F8044B5B1EF5D1DFF8342B134617245FF0000503F8045B03F8045B641EF9D190F8C030DB0714D500F5E4731224641E33F8025B01F8045B33F8025B01F8045B33F8025B5a
:802E800001F8045B33F8025B01F8045BEDD190F8C01049070CD500F51673172133F8024B02F8044B491E33F8024B02F8044BF5D190F8CC20DFF8C81A02F00F02521C012A2ADB12F003034AF6AA244AF6BF2507D021F8045B21F8044B21F8084B5B1EF7D1920819D021F8045B21F8044B21F8084B21F8045B21F8044B21F8084B21F8045Bef
:802F000021F8044B21F8084B21F8045B21F8044B21F8084B521EE5D1DFF8681A2F2200250B46122423F8045B23F8045B23F8045B23F8045B641EF5D101F50071521EEFD1DFF8441A5FF0060221F8045B21F8045B21F8045B521EF7D1DFF8304ADFF8301AB4F8A020C2F306224A6194F8A02002F03F028A611222A4F88C2040F24C420A2389
:802F800000BF5B1EFCD1521EF9D1B0F8C2202280B0F8C4202281B0F8C620A281B0F8C8202282B0F8CA20A282B0F8CC202283A4F8A850B0F8D0202286B0F8D220A287B0F8D820A280DFF85C2DA4F8582047F6FF72A4F85C204FF40052A4F85420B4F8CC2042F48072A4F8CC20B0F8C220B4F8CC3002EB122262F30703A4F8CC300D708D602f
:80300000B0F85220CA60B0F854200A614D708D7090F8B200C00748BF00F0FCFFA4F84C503020A4F8500001B030BD00B5DFF8280881B0016821F0805101604FF08050DFF820190860FFF7C4FE0021DFF8DC0C8160C1604FF0FF31016143F6FF714161016821F00201016000F019F94021012000F091FCDFF8F808B0F8D40000F0EBFDDFF80f
:80308000B80B4FF6FF71018081800020DFF80019886001B000BDDFF8F8188A68521C8A600A204A78012A17D1DFF8B82813890C205B0704D4DFF8843B1B78012B07D1DFF86C2C127862B902200870002008E01289920605D5032202E04A780AB101220A70DFF880284FF6FF71118100211180704710B5DFF87848B4F8D40000F0ABFDDFF8fc
:803100009018DFF82C0CC968A0F88010032300210180A189018594F8C020B4F8CE101A4218BF41F00201018640F22222B4F8D610114394F8C0200C231A4218BF41F01001A0F844104FF680720021A0F8941048F2FF033D21A0F89C10B0F88C1041F08001A0F88C10B0F878101140A0F878101940B0F8A420C2F3062241EA0221A0F878103e
:803180004FF6C072B0F87C101140A0F87C104CF2FF0390F8A42002F03F02194041EA0221A0F87C100021A0F8981010BD10B5DFF8E047E069002840D00020E061DFF8680B016821F480310160016841F0040101600021C0F80811DFF85C1B0A68520052080A608A6842F040028A608A6822F040028A604A68120A1206FBD40121C0F80C1184
:80320000D0F810110029FBD00021C0F80C11416821F440314160016821F004010160016841F480310160DFF8080BB0F8901041F01001A0F89010FFF7AFFDDFF8F40A2169A0F88410032401210180DFF82017CA89028591F8C030B1F8CE20234218BF42F0020202860C24B1F8D62091F8C03042F02202234218BF42F01002130744BF4FF606
:80328000F7731A40A0F84420498AA0F894103D21A0F89C100021A0F8981010BD2DE9F04FDFF8C876B7F8D40081B000F0D3FCDFF8804A00202080032297F8C010B7F8CE00114218BF40F0020020860C22B7F8D60097F8C01040F00200114218BF40F01000010744BF4FF6F7710840A4F844000020A4F894004FF6FF70A4F89C000020A4F868
:803300009800FFF749FD4FF6FF70A4F8A000A4F8A0004EF27C110120A4F898004FF00040C1F800010860DFF8105ADFF8D80B68600020A86005202860B4F8A000800702D42868C003F8D54FF6FF70A4F8A0000420DFF83C66DFF82CB628600020B1698B1C4FF0A248012B2CDB08EB4022D6F814C00BEB4021BCF1010F1FDB1CF0030E06D026
:80338000BEF1010E32F904AB21F804ABF8D15FEA9C0C12D032F904EB21F804EBBCF1010C32F904EB21F804EB32F904EB21F804EB32F904EB21F804EBECD1401C80B29842D2DBB4F8440097F8D61040F02000090748BF40F00800A4F844000020A4F898000FF65C0921E000BFBEF1000F11D5CEF1000E1FFA8EF727FA0AF70FFA87FEBEF1ed
:80340000000F08BF4FF0010E0F88A7EB0E0EA1F800E0121D091DBCF1010C47D1401C009980B2884239DB09F1010999F800A0BAF10F0F05D100F052F8B07001B0BDE8F08FFFF7AAFC4FF6FF70A4F8A000A4F8A0004EF27C110120A4F898004FF00040C1F800010860DFF89C0A68600020A8600520286000BFB4F8A000800702D42868C003db
:80348000F8D54FF6FF70A4F8A000042028600020B369591C00910129C5DBD6F814C008EB40220BEB4021BCF1010FB7DBB2F900E09842A4BF0F88AEEB070E0FFA8EFEBEF1010F91DB1FFA8EF727FA0AFE0FFA8EF70FB94FF0010E0F88BE4498E7F0B5DFF82C2BDFF82C4BDFF88434101D022102F5827201E0491C241DDFF894C4DCF8145091
:80350000AD1EA9423FD226460025B6F90070DCF818C0BCF1060C2BD05FEACC7E0BD5B6F900E0BEEB070748BF7F42012FA8BF3D4606F5007677465FEA5C0C19D0B6F900E0BEEB070748BF7F42BD42B8BF3D4606F50076B6F90070B7EB0E0E48BFCEF1000E7545B8BF754606F50076BCF1010CE5D1002620F8026B22F8025BB3F86860AE4290
:80358000B8DA0020F0BD0120F0BD00002DE9F04FDFF8FC03DFF8ECB345698021C17081B000210171022281698B1F9BB20093A5F10208DFF8083BB8F1030F4DDB940004F1A24404F580640BEB820606F5806CB4F90070BCF9006006EB0709DDF800604FF0000EBEB1B4F900A0BCF80070BA44A9EB0A073FB2D146002F48BF7F423FB2BE45a8
:80360000B8BFBE46761EB6B204F500740CF5007C002EE7D1B3F86840744504DAC478802C08BFC2700271521C92B24245C6DBC278802A11D0130018BF5B1EDBB203B15B1EC3706A1E03799342BCBF5B1C037103799342BCBF5A1C02710025891CDFF8606A01292BDB4369002206EBC511012B1FDB002301F8013B521C436992B29A4217DA09
:80368000002301F8013B521C436992B29A420FDA002301F8013B521C436992B29A4207DA002301F8013B521C436992B29A42DFDB81696D1CADB2891C8D42D3DBDFF8FC39B3F9661000294ED0816900254FF0A247012948DBD0F814C0002207EB452406EBC511BCF1010F39DB90F803C0D0F814E0F44505D06245A4BF90F804C0944525DAaf
:80370000B4F900C0B3F966E0F4451FDA4FF0020C81F800C00AB101F801CCD0F814C0ACF1010C6245BCBF4FF0020C81F801C01DB14FF0020C01F880CCD0F818C0ACF1010C6545BCBF4FF0020C81F880C0521CD0F814C092B2241D491C6245C5DB6D1C8169ADB28D42B6DB01B0BDE8F08F2DE9F04F8749DFF84C898A69DFF808A281B0531Cc6
:8037800000930020009FDFF834394FF0A24B012FC0F25C80D1F8149000240BEB40270AEB402C08EBC01EB9F1010F4ADBCD784D4504D0AC42A4BF0D79A54239DA9042B1BFB7F90060B7F90050BCF80060AE1B9EF8005036B22DB1002E03D5BCF80050751924E0012E0FDBB3F8DA501DB1B542B8BF2EB204DB102EA6BF3604360D0126BCF873
:803800000050751912E0002E12D57642B3F8DA5036B21DB1B542B8BF2EB204DB102EA6BF3604360D0126BCF80050AD1BACF80050641CA4B23F1D0CF1040C0EF1010E4C45B4DB401C009F80B2B842A3DB01B0BDE8F08F0000A0700551003001452DE9F04F424E0546B6F8D40081B000F0F3F9DFF8C04400202080032296F8C010B6F8CE00d0
:80388000114218BF40F0020020860C22B6F8D60096F8C01040F02200114218BF40F01000A4F844004FF6FF790020A4F89800A4F89C90FFF771FAA4F8A090A4F8A09001204EF27C1AA4F898004FF00048CAF80081CAF800800020DFF86064DFF8E8777760B0600520306000BFB4F8A000800702D43068C003F8D5A4F8A09004203060FFF77e
:8039000045FE012D24DBAB46FFF730FF022D1CDBFFF742FAA4F8A090A4F8A0900120A4F89800CAF80081CAF8008077600020B06005203060B4F8A000800702D43068C003F8D5A4F8A09004203060BBF1010BDBD10020A4F8980001B0BDE8F08F00E100E080E100E09870055180E200E0DC57002000300551004005510050055100600551f0
:8039800000000551000003510000045104700551000000202DE9F04FDFF82CA70446DAF81C0081B08846002841D00020CAF81C00DD48016821F480310160016841F0040101600021C0F80811DFF868130A68520052080A608A6842F040028A608A6822F040028A604A68120A1206FBD45FF00101C0F80C11D0F810110029FBD00021C0F8df
:803A00000C11416821F440314160016821F004010160016841F480310160DFF81413B1F8900040F01000A1F89000FFF7B5F90120DFF8FCB2ABF800000323DFF8800690F8C020B0F8CE101A4218BF41F00201ABF830100C22B0F8D61090F8C00041F00201104218BF41F01001080744BF4FF6F7700140ABF844100020ABF89400FF20ABF8cf
:803A80009C000020ABF89800002C59D0ABF89800FFF782F94FF6FF70ABF8A000ABF8A0000121ABF898104FF000424EF27C11C1F800210A60A049DFF84C244A6000228A6005220A60BBF8A020920702D40A68D203F8D5ABF8A000042008604FF0070CDFF8EC25DFF8EC351046DAF814E01946BEF1010F1EDB1EF0030505D06D1E30F9046Be6
:803B000021F8046BF9D15FEA9E0E12D030F9045B21F8045BBEF1010E30F9045B21F8045B30F9045B21F8045B30F9045B21F8045BECD103F5007302F50072BCF1010CD2D1BBF8440040F02000ABF844000020ABF89800002C0CBF082500251CE0002E0DD5764236B2464500DB2CB1B6B226FA09F636B206B901260F88BE1B0E80001D091D19
:803B8000521E43D15B1C0CF5007C0EF5007E072B36DB00246D1C0FF2A800ADB215F80090B9F10F0F02D101B0BDE8F08FFFF7F4F84FF6FF70ABF8A000ABF8A0000121ABF898104FF000424EF27C11C1F800210A605949DFF830234A6000228A6005220A60BBF8A020920702D40A68D203F8D5ABF8A000002304200860DFF8D0E4DFF8D0C4bb
:803C0000DAF8142070466146012ABBDBB0F90060062BA4BF0F88F61B36B2012E9EDB0CB9464505DAB6B226FA09F637B207B901260F88F619A1E70000A8700551DA190020010102020202030303030303030303030F000000DFF87014CA69824261D0324AC861116821F480311160116841F0040111600021C2F8081103282E49086823D1ed
:803C800040F000400860886840F040008860886820F0400088604868000A0006FBD54EF27C104FF00041C0F8001101602248DFF82414416000218160052101600168C903FCD5042101602AE0400040080860886840F040008860886820F0400088604868000A0006FBD40120C2F80C01D2F810010028FBD00020C2F80C01506820F4403075
:803D00005060106820F004001060106840F480301060DFF8C403018841F010010180FFF73BB870470080FFFF00400150F9660020007005510000015010E000E02DE9F041DFF88413D1F8F82F002A14BFD1F8EC0FD1F8F00F4E6900230025DFF880431F46012E30DB16F0030C00F00B80B4F800E073453CBF73463D46241D7F1CBCF1010Cc5
:803D8000F4D1B60800F01F80B4F800C063453CBF63463D4634F804CF7F1C63453CBF63463D4634F804CF7F1C63453CBF63463D4634F804CF7F1C63453CBF63463D46241D7F1C761EE0D1C1F8E85F00EB8006DFF8EC42B4F8B85001EB0616022D2ADB06EB8507A5F1010CE4371CF0030E00F0098057F8048C47F80489AEF1010EBEF1000Fcc
:803E0000F6D15FEA9C0C15D057F804ECC7F800E0ACF1010C57F808EC47F804EC57F80CEC47F808EC57F810EC47F80CEC103FBCF1000FE9D1C6F8E8300A2693FBF6F303EB8306D1F8EC3F7600984208BF761CC1F8F46F00203DB301F1E80603EB830706EB071615F0030708D0D6F800C0604538BF60467F1E361D002FF6D1AD0813D03768f3
:803E8000B84238BF38467768B84238BF3846B768B84238BF3846F768B84238BF38466D1E1036002DEBD1B4F8C240D1F8F05F04EB14268B4C7AB101EB850300221B6A9B19268F63F3070626872280C1F8F05FC1F8F82FBDE8F08101EB830301221B6A9B19268F63F307062687002323806D1CD1F8E0309D42A8BF0025C1F8F05FC1F8F82Fbc
:803F0000BDE8F081005307002DE9F04F6E4A7548D2F8E050D2F8EC3FDFF8A081002181B0012D4BDBB8F8B890A9F1010E02F1E805CDF800E000244FF0000CB9F1000F33D001EB810702EB071707EB890707F1E40619F0030A00F0098056F804B99BFBF9FB641CDC44BAF1010AF6D15FEA990E1BD0009F3F1B05EB8707A7F10C04E66896FB2c
:803F8000F9F6B444A66896FBF9F6B444666896FBF9F6B44454F8106996FBF9F6AEF1010EB444BEF1000FE9D18445BCBF0B466046D2F8E070491C5035B942BBDB02EB8301C2F8EC3F0A6AB8F8C2304749D3180B80B8F8C630D3188B81B8F8C43003EB02230B810023A1F89430B8F8C23003EB1323D218B1F8CC3062F30703A1F8CC3000229e
:80400000A1F8942001B0BDE8F08F0000A05A0020080403512DE9F0412B4CDFF8A080002604F1200704F1E80500203860B8F8B80018B181002846F2F75BFB761C50353F1D302EF1D3B8F8B400B8F8B610022804DA19B900220020012113E000EB0140012200260021C30703D504EB8103491C1E624008761C202E01D23029F3DB01EBD17035
:804080004010C4F8EC0FC4F8E42004EB8000C4F8E010006AB8F8C220134982180A80B8F8C62082188A81B8F8C42002EB002008810020A1F89400BDE8F0810000DC570020A81C00200053070000000020006000510060035180A90300907005510078005198700551A086010004700551010040F10980F446404200F005F851F0004160475d
:80410000010000BF09D0B0FA80F18840C91CC1F58461090501EBD0214005704770B44FF0004591EA030C44BF6B4002F0F5BE00BF841A71EB030603D2001BB141121973414FF4001C1CEB410F34BF7CEB430443E00C0DA4EB1356352E50DC45EAC323DB0A45EAC121C912B6F120050DDD63FA05F6EB4086EA0305124218BF45F00105C01865
:8041800051F100010CD213E062FA06F5F2405540F3415A40B340F3405A408018594107D349085FEA30005FEA350528BF45F0010501F58011420875F1004250F1000041EB045170BC4FF4001C1CEB410F38BF70470020090D090570471CEB410F10D252EA43060BD0BCEB410F05D80C0DAB43661E342EB5DD02E0AB438018594170BC7047ed
:8042000070BC7047F446400D40EAC120490006D200F014F8004248BF6FF00040604700F00DF84FF0004188428CBF084640426047400D40EAC120490080F00D8040F00040490DA1F58061491C05D4D1F11F0154BFC840C01770474FF0000070472DE9F04D06460F4606F1080084B00121C171017106F112080021017201214172032188F877
:8042800000100121A8F80110032188F8171088F807100021A8F81A10A8F80A10032188F81C1088F80C100021A8F81D10A8F80D100121A8F81F10A8F80F100221A8F8081000680188091FA8F811100221A8F81810418B091FA8F82110D0F802A0D0F81CB0D0F80640056AF5F788F810B9F5F78CF810B1CDE902AB01E0CDE90245DDE90201bd
:80430000F9F7E2FA01903046F9F7A4F80090BDF90010BDF904008842C8BF0846ADF80000BDF90210BDF906008842B8BFADF80200009AB17B0120F9F789F9DDE9020100910346B27B012102A8F9F741FA0298DFF88447C8F813000398C8F823000120A8F827000020C8F82900C8F82D00A0613068C0F3401010B10020A06006E078680FF24f
:804380007471884202D0F8F75BFDE0600020607104B0BDE8F08D00002DE9FF4F85B01498DDF84890002840F0BA80BDF91440002600220D461346A542C0F05D8109EB8408BDF95890D8F800B019F5004F06D04C4522BFBDF95CC0A4454FF0000B56B9DDF81CC0DC454BD2DA4601940094A64601265F4644E0012E0ED1DDF81CC0DC4506D2d4
:80440000DA4400945F453AD25F46A64637E002265846012133E0022E31D1DDF81CC0DC450AD20BEB0A0600EB060A012600945F4525D25F46A64622E0491C584403291ED3DDF800C0DDF804B0ACEB0B0C00260CF1010CBCF1040F07D2BEF1040F24BFA5EB0E0CBCF1040F0AD2524505D2134603975246CDF808E002E0534538BF5346641C9f
:8044800008F10408A5429DD2DEB1022E04BF8244009500980199401A401C042806D2BEF1040F24BFA5EB0E0004280AD2524505D2134603975246CDF808E002E0534538BF5346002A00F0D780002B1CBF1598002806D019F5004F08BF47F6FF7000F0CD802A46029BBDF9141008981BB202F086FE002864D10298BDF91430079A039900B2c4
:804500000190BDF918000090089802F0BBFD002800F0B180029800B209B0BDE8F08FBDF91470029759F827A0BDF91810781C3C463D46D0465646D346814225DB09EB800213689B4508D22C46B0463D465646029F0290DA469B4613E09A4506D22C46B0463D46564607469A460AE09E4204D22C46B04605461E4603E098453CBF0446984642
:80458000401C121D8142DBDA0798584573D2029BBDF91820BDF9141008981BB202F02EFE68B90298BDF91430079A00B201905946BDF918000090089802F064FD20B1029800B209B0BDE8F08F0798504553D2BDF91820BDF9141008983BB202F00FFE60B938B201905146BDF91800BDF91430079A0090089802F046FD18B138B209B0BDE80d
:80460000F08F0798B04236D2BDF91820BDF9141008982BB202F0F2FD60B928B201903146BDF91800BDF91430079A0090089802F029FD18B128B209B0BDE8F08F0798404519D2BDF91820BDF91410089823B202F0D5FD60B920B201904146BDF91800BDF91430079A0090089802F00CFD18B120B209B0BDE8F08FDFF8600409B0BDE8F08F99
:804680002DE9F04F04468BB0D4F847B0B4F81300617D19B10328A4BF801E80B20FF25041DFF838A40968CAF80010BBF1000F00F0AB80D4F82510DFF82884414309910025D4F8351048430890A06800F114012E3006900791D8F80000A8B1818800884FF4CB72A0F267200125A1F2672190FBF2F091FBF2F1061F48BF0026B4F923000F1Da7
:80470000B842B8BF0746DFF8D093CDF81490CDF8109003952146A07B0290042201A8F2F7CBFFCDF800B0079B099AB4F923100020FFF732FE47F6FF71AAF80000884216D138B20590039530B204902146A07B0290042201A8F2F7B0FFCDF800B0079B099AB4F923100020FFF717FEAAF80000D8F80000A0B1C18840884FF4CB72A0F267202b
:80478000A1F2672190FBF2F091FBF2F1061F48BF0026B4F933000F1DB842B8BF0746B4F93380CDF81490CDF8109003952146A07B0290042201A8F2F77FFF0BF580600090069B089A41460020FFF7E6FD47F6FF71AAF80200884217D13FB236B20597049603952146A07B0290042201A8F2F764FF0BF580600090069B089AB4F933100020c7
:80480000FFF7CAFDAAF80200B2488168491C8160F2F7E1FD50460BB0BDE8F08F30B5054683B0D5F8534020680190024605F1430105F10800FBF794FA00902868C0F30010B0B9BDF90010A448814206D1B4F9001081421CBF4900ADF80010BDF90210814206D1B4F9021081421CBF4800ADF80200009803B030BDF0B581B00446F8F7E0FAd6
:80488000944DA968012902D0EA68904201DA0022EA600026EA68E860821A2A61D4F853008D4F835FBB421CBFB0F902C0BC4506D0A869401CA861012824DB012622E0AE610826BB4204BFB0F90200B8420FD1B4F92330B4F813005B1C58436B790BB14FF434638C3AD21A80B292FBF0F0E8617D480078814206DA02F08FFC18B9F9F7C2FC77
:8049000001206871F8F79CFA47F659232969421A9A42BEBF09184DF67122914209DBF10703D54DF67121884203DB0020A86046F01006304601B0F0BD00B581B090F8570010F0110F06D102F067FC401E8041C00F01B000BD002001B000BDD0F85700C00704D55C49002008715F4870470FF284107047F0B5574C0746E06981B01646012F38
:8049800005D140F29E7191FBF0F001B0F0BD042F0CBF4FF496624FF4707292FBF0F511B9284601B0F0BD2078C0075BD5F2F7DFF8002857D02078C0F3400008B1607853E0012F02D0042F03D005E046F6187004E04FF4735001E044F2B000002E42D0E178666901FB00F3DF1103EB176394F904101B12B34204DA012934DB481E207131E090
:804A00004F193A4B9B1907EBD7767610032E08BF0426AE197F1C8E1907EBD77706EB46027F1005EB4206032F08BF0427A2785043EF19CA19521C02EB420705EB47025A4392FBF6F202F59852C311B03200EB1360B2EB202F06DA481C207140B261788142B8BF217194F90400401901B0F0BD50B581B00B2A38BF00201DD300F14302164E19
:804A80005368126912680092BDF90020B2420CBFD3F8D44353F82240BDF90220B2420EBFD3F8E42703EB8202D2F80024009223460122F4F715FA01B050BD00680549086070470449096801607047024900200871704700003C1C00200080FFFF28670020BC620020BD1700202878010050ECFFFF008000805D020100810601001D080100a5
:804B000077080100390901005B0901006F0A01002DE9F001DFF8C4800C684D68166857684FF0080104C812BA04B4491EFAD168461F210000435C491E61B38022134214BF88E8300088E8C000520829D000BF00BF00BF00BF00BF00BF00BF00BF00BF00BF00BF00BF00BF00BF00BF00BF00BF00BF00BF00BF00BF00BF00BF00BF00BF00BFe6
:804B800000BF00BF00BF00BF00BF00BF00BF00BF00BFD3E788E80C0008B0BDE8F001704700BF00BF00BF00BF00BF00BF00BF00BF00BF00BF00BF00BF00BF00BF00BF00BF00BF00BF00BF00BF00BF00BF00BF00BF00BF00BF00BF00BFACE7000000420150016042608360C3607047F0B54768D0F808C08C680CFA07FE9644AEEB0C0C4CFA45
:804C000007F787601E1B4F68D1F808C00CFA07FC664446FA07F78F60DB1B86680768921B0024002507EB020CA2EB070EBCF1000F04D57C42A44508DB644606E0BEF1010F03DB7745B4BF3C4674460F6807EB030CA3EB070EBCF1000F0BD57D42AC4506DA7DB97CB1A2B1634393FBF2F510E0654607E0BEF1010FF4DB7745B8BF3D46EFDBa4
:804C800075462CB9002D1EBF002B6A4392FBF3F4A21982608A68AA188A608268C2608868C860F0BD0021417181714161C16001767047F0B4012A46DB4479002C1FBF4D68B5F1004F067E002E3DD08679012EB8BF06790768761E57F836608768BE4218BF012C08D0022CA1BFD0F80CC0BC44ACEB0606012E27DB0968D0F810C0C91B0E1103
:804D0000771040F2EE21A5EB0C0501FB057595FBF6F5D542A8BFAA4212DB012BA8BF022C11DB4069484300F50060A5EB20307A1001FB002090FBF7F0D842A8BF834202DAF0BC00207047F0BC0120704770B4447914B385796B1E44BF0679F318096842F6E06606FB12112A1B0AD50579AA1807E045796D1E4571521C0579AA42A8BF0022b1
:804D80009A4204D0056855F832506D1AF0D44079A04218BF012000D1002070BC704730B4D1E900458279016801EBC201C1E90045017943798B423CBF5B1C4371521C8A42A8BF0022827130BC7047F0B5069C012CA8BF012939DB059D012C04D10561002141610120F0BD62B905EB640292FBF4F202614A1002EB032292FBF1F14161012015
:804E0000F0BD01F50076F71202FB0277B61297FBF6F703EB620393FBF2F3D7EB842C14D04FEA852E03FB17E707EB6C0701EB620197FBFCF703FB145391FBF2F11B0201FB142C0761BCF1000F01D10020F0BD03EB6C0191FBFCF141610120F0BD2DE9F047054682B0687901281CDBAC79002C06BF29794E1E661ED5F8008008EBC60202283d
:804E8000116814DA5068B0F1004F0BD0A9600120E86050682861002068610120287602B0BDE8F0870020287602B0BDE8F0872B790022A0F1010E5B1E4FF0000C5FEACE770BD5012EB4BF1E46761E58F836C0A1EB0C07BC46012FA8BF3A465FEA5E0E18D0012EB4BF1E46761E58F83670CF1BBC44BA42B8BF3A46012EB4BF1E46761E58F8ef
:804F00003670CF1BBC44BA42B8BF3A46BEF1010EE6D19CFBF0F3A1EB030CC5F808C0511CE96000212E6900220B468E460F46012CB8BF2C79641E08EBC40ADAF80490B9F1004F0ED0DAF800A0AAEB0C0A4FEA2A2AA9EB060952440AFB0A11CE4409FB0A337F1C401EE3D10197CDF800E02846FFF72CFF287618B1286930182861012002B061
:804F8000BDE8F0872DE9F04F044685B060790090012852DBA07900B920792168009A0191401E01EBC00103910B46022A196803DAA1600120E0604DE005465E680022012E02DB0123994603E0F64300234FEAD679009F1E469C469646A7F10108012DB8BF2579019F6D1E07EBC507D7F800A07F68A1EB0A0A5244012F04DB5B1C09F101092c
:80500000761C06E02FB909F10109B445B8BFB4460026D645B8BFD646B8F10108DED1B445B8BFB446009D92FBF5F28E1AA6600EF10101E160B9F1020F04DA0020207605B0BDE8F08F09EBD9714910994202DABCF1020F07DA0020206160610120207605B0BDE8F08F216902910021039F054600220B468C46894638464FF0010EDDF800805b
:80508000C64508DA012DB8BF2579DDF804806D1E08EBC50800E08046D0F804A0BAF1010F0DDB0768DDF808B0BF1B3F12AAEB0B0ABA1807FB0711D4440AFB073310E0BAF1000F0FD1D8F804A0BAF1010FBCBF7F68012F07DB0768BF1B3F12BA1807FB071109F1010907464046DDF800800EF1010EF045C3DACDF80490CDF800C02046FFF71a
:8051000064FE207620B12069029908182061012005B0BDE8F08F30B44479002C1CBF037E002B1ED022B982680A600069486006E085685319012C05D1006948600B60012030BC7047022CA1BFC4686419E41A012C07DB0469406912125043803004EB2020EBE730BC002070474379002B1CBF90F818C0BCF1000F1ED0D0F808C0624518BF44
:80518000012B04D10A600069486001207047022BA1BFC36863449B1A012B0CDB0A60A2EB0C03026940691B125843803002EB2020486001207047002070470000F0B54A7802F00F040A78A21800230374022A2ADA891C012A40F0DA8051F8242001EB840569688A4208BF00210FD0914280F2CE80AB68D31A012BC0F2C9808468B4F9044055
:80520000511A614391FBF3F1494241610021816101210174436899685A6851180162012141620120F0BD43681D68AD1EAA422ADB891CAA4240F0AA8051F8246001EB840555F8041C8E4208BF00210FD0B14280F29D8055F8084C341B012CC0F297808568B5F90650711A694391FBF4F14161002181610221017459689B685143C91A016222
:8052800042620120F0BD8E1C06EB840556F82460D5F804C055F8047CCCEB460EAEEB070EBEF1010F72DBACEB07077F0297FBFEF7F602476196FBFEF68661891C032606746F6855F8046CB7420FDA022C58DB55F808CC51F82410674505DA4FF0FF34CD1BA1EB0C0110E000240BE0052C48DAB44651F824603946AF686745B8BF0024EEDB70
:805300000124A6EB0C05B91B4902012D38DB91FBF5F114F1010F08BFA1F5806103D0012C08BF01F5806141610421017440F2012144698C4206DB4469A4F58064521C44618C42F8DA4469DFF878158C4218DA446904F58064521E44618C42BFBF04F580644461521E8C420BDA04F58064521E44618C42BFBF04F580644461521E8C42E6DBba
:8053800059685143016242620120F0BD0020F0BDC268002919BF926802F110035268A2F1100342691046002848BF40424FEAA01CBCF1180F13DB402041B1B3F92E102E33B3F90230012B1EDA00231CE033F92E1C33F9303C4942002B14D4002313E000F03F0031B133F91C1003EB4C03B3F9023009E0CCF1000C33F91C1003EB4C034942ec
:8054000033F9023C5B42C0F1400C584301FB0C008011002A48BF40428018704730B44268036A1269C168B2EB430FB9BF01228B6800224B6841690846002848BF40428411082CA6BF0724402000F03F005AB133F9145003EB4403C0F14002B3F90230584305FB02000BE0624233F9125003EB4202A0F1400432F9022C6C4302FB1040801128
:80548000002948BF404230BC40187047F0B58269A2F56162B2F5007F00DC09B14069F0BDC168CC680B684169456A8E1106EB051534F915C004EB450401F03F06B4F90240C6F1400774430E460CFB0744002E48BF76420068077CB51106F03F06042F07D14069002848BF4042871100F03F0001E00020002707EBC70703EB470E0EEB450305
:805500003EF91550B3F902E0C6F140070EFB06FE05FB07E5B3F912E0B3F914307343C0F1400C0EFB0733584305FB0C000013002948BF404201EBA413C018012A05DBC2F50073584302FB01004012F0BD70B504460D4694F82800C0F3C000002811461E46204607D0FFF72AFE00283ED0A0692860012070BDFFF722FE002836D094F828009e
:80558000C0F3800040B161686069496848438012E061216A40181EE0207C401E032824D8DFE800F00D0B070231462046FFF76EFF09E02046FFF732FF05E0012100E000212046FFF7E5FE6168496848438012E061E169206A081894F82810C90702D4A168096808182860012070BD002070BDB54902688A678288A1F87C20C088A1F87E0025
:8056000001F12C0008600FF2C420486001F17800886001F15800C860002008740FF2D42088650FF21840486600F14002CA6500F5DC620A667047A3490268C1F880208288A1F88420C088A1F88600C9620FF29020086301F18000486301F168008863002081F83C000FF2303088660FF6B440486700F14002CA6600F588620A67704701B421
:8056800090489DF8001080F828109DF8001080F8541001B070478B4991F8281001707047884989680A6802608A888280C988C18070478449496B0A6802608A888280C988C180704713460A4601467E483EE713460A4601467C4839E730B47A4B5C6893F82830C3F3400373B9E368CD188542BEBF2369591A884204DB02B1136030BC0120bf
:80570000704702B1106030BC0020704730B46D4B1C6B93F85430C3F3400373B9E368CD188542BEBF2369591A884204DB02B1136030BC0120704702B1106030BC0020704760494A6891F82810C90703D5002808D500207047D168884202DB1169814200DC0846704757490A6B91F85410C90703D5002808D500207047D168884202DB1169cb
:80578000814200DC08467047F0B504464D48D0F804E0D0F830C0059F069E0798089DCAB3DEF8102090420FDB874209DAAB1BA2EB070C0CFB03F39742ACBF101AC01B1CE022600D600120F0BDDEF80CC0844569DBB8421ADAAB1BACEB070E0EFB03F3BC4509DAC01B93FBF0F2B218C4F800C070B10A600120F0BDACEB000093FBF0F3F31852
:80580000226020B10B600120F0BDC4F800C00D600120F0BD002B45D0DCF81020954220DBAE421ADAC31BA2EB060E0EFB03F3964209DAAA1B93FBF2F3FB1802B903462360DCF810002DE0521B93FBF2F3FB1802B903462360DCF8100023E02060DCF810001FE0DCF80C20AA421CDBB54216DAC31BA2EB060E0EFB03F3B24207DAAA1B93FBbb
:80588000F2F3FB1802B90346236008E0521B93FBF2F3FB1802B90346236000E02060DCF80C0008600120F0BD064890F8280000F001007047034890F8540000F00100704700FEFFFF04630020306300203A00000096010000CB00000000000000735A00002500000092010000C9000000000000008838000000002C0047004E0048003800bb
:8059000023000F00000000002C0047004E004700380023000F00000000002D0047004F004600390024000E00000000002C0048004F004500380023000D00000000002C0048004E004500370024000E00000000002C0049004E004700370025000F00000000002B0048004E004800380024001000000000002C0047004D00480039002300e1
:805980001000000000002C004800500047003900230012000000000000000C0017001D001C0015000A00FCFF000000000D0017001D001C0015000A00FCFF000000000D0019001E001C0016000A00FCFF000000000D0019001F001D0017000B00FCFF000000000E001A0020001F0018000B00FDFF000000000E001A002000200018000C0025
:805A0000FDFF000000000F001B002100200018000C00FDFF000000000F001B0021001F0019000C00FDFF000000000F001B002200200018000B00FDFF000000004F007D008C0089007500620059004F0054007600B700090145015E01590146012B010601DB00B000840054002600FEFFDAFFB9FF96FF76FF5FFF54FF60FF90FFCCFFE9FFb2
:805A8000EBFFE8FFE7FFE8FFE8FFE4FFE2FFE4FFE4FFE4FFE5FFE7FFEEFFF4FFF5FFF2FFEEFFEBFFEAFFE8FFE6FFE6FFE9FFE8FFE9FFEDFFEEFFEEFFEEFFEFFFF2FFF2FFEFFFEBFFE6FFE8FFEAFFE7FFE6FFE4FFE1FFE3FFE5FFE1FFDFFFDEFFDFFFE2FFE3FFE3FFE3FFE2FFE3FFE5FFE7FFE8FFE9FFE9FFE7FFE8FFEAFFEBFFEAFFEAFFe3
:805B0000E8FFE5FFE4FFE4FFE4FFE4FFE6FFE7FFE4FFE4FFE7FFE6FFE4FFE6FFE8FFE8FFE9FFE9FFE6FFE4FFE4FFE6FFE6FFE6FFE7FFE6FFE5FFE5FFE6FFE5FFE1FFE1FFE2FFE2FFE2FFE1FFE1FFE4FFE5FFE0FFDEFFDEFFDFFFE2FFE4FFE5FFE5FFE6FFE8FFE8FFE7FFE6FFE6FFE9FFEDFFEBFFE6FFE5FFE6FFE7FFEAFFEBFFE9FFEBFF0f
:805B8000EBFFE9FFE9FFEAFFEAFFEAFFEBFFECFFEDFFEAFFE7FFE7FFE7FFE9FFEBFFEBFFEBFFECFFEDFFECFFEDFFF0FFEFFFEEFFEFFFEFFFF0FFF3FFF6FFF9FFFEFFFDFFF8FFF3FFEFFFEEFFEDFFEFFFEFFFEEFFEDFFEDFFEDFFF0FFEFFFEEFFEEFFEFFFEFFFEFFFEDFFEDFFEFFFEFFFF0FFEFFFEEFFEDFFEDFFF0FFF0FFF0FFF4FFF4FF4c
:805C0000F2FFF0FFF0FFF1FFF3FFF4FFF3FFF2FFF0FFEFFFF1FFF2FFF1FFF3FFF7FFF6FFF2FFF0FFF3FFF4FFF1FFEFFFF1FFF2FFF4FFF3FFEFFFEFFFF3FFF3FFF2FFF3FFF3FFF4FFF3FFF1FFEFFFF1FFF4FFF5FFF4FFF1FFF0FFF1FFF4FFF7FFF6FFF5FFF7FFF5FFF4FFF4FFF4FFF6FFF7FFF6FFF6FFF8FFFDFF0000FFFFFFFF0000FFFF61
:805C8000FCFFFCFFFCFFFAFFF8FFF7FFF6FFF6FFF6FFF7FFF6FFF7FFFAFFFCFFFCFFFCFFFBFFF7FFF3FFF3FFF4FFF5FFF5FFF4FFF5FFF4FFF3FFF5FFF9FF0000050003000000FDFFFAFFF9FFF7FFF4FFF0FFF2FFF7FFF5FFF1FFF3FFF6FFF7FFF7FFF4FFEEFFEEFFF2FFF4FFF6FFF7FFF7FFF8FFF8FFF7FFF7FFF8FFF8FFF9FFFEFFFFFF04
:805D0000FDFFFCFFFCFFFBFFFAFFFAFFF6FFF1FFF4FFFCFFFBFFFBFF010006000700080007000300FFFFFEFFFCFFFAFFF9FFFAFFFBFFFEFF00000200040003000500050001000100FFFFFCFFFCFFFFFFFEFFFBFFFAFFF8FFF8FFF8FFF8FFFCFFFFFFFDFFFBFFFAFFF6FFF9FFFEFF000000000000FFFFFFFF00000100030007000A000700ca
:805D80000300030004000200FFFFFFFF0000FCFFFAFFFDFFFEFFFEFFFFFF0200040003000100FFFFFCFFFCFFFDFFFFFFFEFFFDFFFEFFFFFFFFFFFFFFFDFFFEFF020004000200010001000000FFFFFFFFFEFFFDFF00000300030002000100030005000300010003000100FFFF00000100050007000500040006000A000D000E000C000B0064
:805E00000A0007000400030001000000FFFF01000200020004000400040009000F000E0009000A000B000800050004000400050007000800080009000C00110013000D000600050008000700060006000400000001000300030003000000FEFF010004000400040003000000020004000500070006000600050004000A0013001400120094
:805E800010000D000B000B000B000B000A0006000200040008000B000E000F000F000C0009000B000D000D000B0009000900090009000800080007000A000D000E000B00080009000A000700070008000A000C000C000800040006000D001100130012000D000A000B000E000A0006000700090009000C000D000F001200130015001500dc
:805F000012000D000B000D000C00090009000C000D000C000C000B000B000D0010000F000C000A000A000C000D000D000C000C000F0010000E000F0014001A001B00170012001000120014001400130011000E000F000E0010001500170019001A001A00160013000F000A000A000B000D001200140013001200140019001E001E001B00f8
:805F80001800130010001100110013001400120011001000120014001500150014001700170012000D000E0012001400150012001000120013001200120016001A001800130011001300140010000D00100010000D000D000F000F000F001200120010001200120012001200100011001400140011001000120016001A001D001D001B00f1
:806000001A0018001500130012001300160013000D000D0010000F00110012000F000E000E000F00110012001100110011001300150011000F00140018001C001D001C001C0016001000140017001600160014001300150016001700160017001B001B00160012000F00110012001300140011000E00110015001500150018001A00170025
:80608000140015001500160019001800170018001700160017001800160014001500140013001400130012001400150016001600170018001700160016001A001D001B001A0019001800170015001600150011001200140014001300130012001100130013001500160011000E0013001600170014001200160019001900180019001F0034
:8061000021001E001D001F002100220024002300230020001E001C001D00270044007A00A500AE009F00850066003F001500F1FFC9FF97FF63FF37FF0DFFE7FEC6FEA4FE8CFE87FEA3FEE5FE36FF75FF96FF9EFF96FF89FF7EFF73FF69FF6EFF83FF96FF0000000000000000000000000000000000000000000000000000000000000000c7
:8061800000000000000000000000000000000000000000000000000000000000000000000000000000000000000000000000000000000000000000000000000000000000000000000000000000000000000000000000000000000000000000000000000000000000000000000000000000000000000000000000000000000000000000009f
:8062000000000000000000000000000000000000000000000000000000000000000000000000000000000000000000000000000000000000000000000000000000000000000000000000000000000000000000000000000000000000000000000000000000000000000000000000000000000000000000000000000000000000000000001e
:8062800000000000000000000000000000000000000000000000000000000000000000000000000000000000000000000000000000000000000000000000000000000000000000000000000000000000000000000000000000000000000000000000000000000000000000000000000000000000000000000000000000000000000000009e
:80630000000000000000000000000000000000000000000000000000000000000000000025003600390032002800210022002F0056009D00F4003F016B0176016E015B0141011F01F900D100A6007C0054002300F7FFDDFFC6FFAFFF9FFF9DFFACFFCBFFEBFFFBFFFFFF000001000000FEFFFEFFFEFFFDFFFEFFFFFFFEFFFEFFFEFFFEFF6a
:80638000FEFFFEFFFEFFFFFF0100FEFFFCFF000006000900080006000600050004000400030002000100FEFFFBFFFAFFFBFFFFFF04000600050004000400030002000000FEFFFDFFFCFFFCFFFCFFFAFFFBFFFEFF02000300030002000100000000000000FFFFFDFFFCFFFDFFFCFFFBFFFAFFFCFF000003000500050004000400040003009a
:8064000003000200FFFFFDFFFDFFFDFFFDFFFEFF0000010001000000FFFFFEFFFCFFFAFFFAFFFAFFFAFFFBFFFBFFF9FFFAFFFEFF0200030002000000000001000000FFFFFFFFFFFF0000FFFFFDFFFCFFFCFF000004000400030002000300040005000500030004000500050005000600060008000B000E001000110016001B001C001C0091
:806480001B00190013000D000800040001000200040004000300040008000D0011001500180017001600140011000E000C000A00080008000900090006000500050004000300020003000100FFFFFFFFFFFFFFFFFFFFFEFFFDFFFCFFFBFFFAFFF9FFF9FFF9FFF9FFF9FFFAFFFBFFFBFFFCFFFEFFFEFFFDFFFDFFFDFFFDFFFEFF0000FFFFa0
:80650000FEFFFDFFFCFFFBFFFAFFF9FFF8FFFAFFFFFF03000300010000000000FEFFFCFFFAFFFAFFF9FFF8FFF8FFF8FFF9FFFCFF00000000FFFF0000FFFFFEFFFEFFFFFFFEFFFDFFFBFFFBFFFDFFFFFFFFFF000001000000FFFF000001000000000000000000FFFFFFFFFFFF0000FFFFFFFF000001000100FFFFFDFFFDFFFFFF01000100c6
:80658000010001000200030005000500040003000000FDFFFCFFFBFFFAFFFBFFFCFFFCFFFCFFFCFFFEFF010003000400050006000300FEFFFDFFFEFFFFFF0100030004000600080009000A000C000D000E000E000A00070007000B000F0011001200130012000F000C00080006000500040003000200000000000300060008000C0011006f
:806600001600160015001300110010000F000C000A00080006000500040003000100010001000000FFFF0000010001000000FFFFFFFFFFFFFFFFFEFFFEFFFEFFFDFFFDFFFDFFFCFFFCFFFEFFFFFF00000000010002000100FFFFFFFFFFFF00000000FFFFFEFFFEFF0000010001000200020001000000FFFFFEFFFDFFFEFFFEFFFFFF0100a2
:8066800000000000FFFFFFFFFEFFFDFFFEFFFEFFFCFFFBFFFBFFFBFFFAFFF9FFF9FFFAFFFAFFFAFFFAFFFBFFFCFFFDFFFFFF010001000000FFFF000000000100010002000300050006000500050005000600060006000200000000000100010001000000020004000500040004000500060005000300000000000100030004000600070093
:806700000500040004000300010000000000FFFFFDFFFBFFFAFFFAFFFDFFFFFF0200060009000A000A000A00090009000A00080003000000FFFFFEFFFFFFFFFFFEFFFEFFFFFFFEFFFEFFFFFF0000000000000100FFFFFCFFFAFFF9FFF7FFF5FFF3FFF3FF0400270047005500530043002D001A00FDFFCEFF9CFF6FFF43FF15FFECFEC9FEb5
:80678000A4FE82FE6AFE5BFE58FE6CFEA3FEFBFE5CFFA1FFC2FFCAFFC7FFC1FFBDFFBEFFC8FFD4FF00000000000000000000000000000000000000000000000000000000000000000000000000000000000000000000000000000000000000000000000000000000000000000000000000000000000000000000000000000000000000003e
:80680000000000000000000000000000000000000000000000000000000000000000000000000000000000000000000000000000000000000000000000000000000000000000000000000000000000000000000000000000000000000000000000000000000000000000000000000000000000000000000000000000000000000000000018
:80688000000000000000000000000000000000000000000000000000000000000000000000000000000000000000000000000000000000000000000000000000000000000000000030B4002900D410B930BC0020704739B900284CBFDFF8DC034FF4B43030BC704700FB00F291421DDB01EBC222490092FBF1F1B1F5806FA8BF4FF4806126
:8069000031DA0FF2E8334A1133F9125003EB420201F01F01B2F90220C1F12004514305FB0411103149111EE002EBC121520091FBF2F1B1F5806FA8BF4FF4806111DA0FF2AC334A1133F9125003EB420201F01F01B2F90220C1F12004514305FB041110314911C1F50061002848BF494230BC2D2048437047D14908607047D04909780170c1
:80698000704708B42DE9F04F06468846DDE90901DFF82CA3C94C9146DAF8042001FB01FC00FB00CC624503DA2378DB0740F19380B368B3F1004F1BBFF568B5F1004F4FF0010C4FF0000CBCF1000F28D12578AD0725D48E46B8EB030548BF6D42F368B9EB030748BF7F427D19652D0FDA3368C31A1D4648BF6D427368BEEB03039C4648BF6d
:806A0000CCF1000CAC44BCF11A0F7BDB3768C31B40F2911E734505DB07F5C87007E0C6E900011CE013F5C87FB8BFA7F5C87075684B1B7345A8BF05F5C87104DA13F5C87FB8BFA5F5C87100EB8703DB1B01EB85009B1C401B9B10801C33608010706030687768054605FB152107FB171B2178C90700D4DAB90A2190FBF1F0B061706890FB9f
:806A8000F1F0F061BAF90A10BAF9080022786843794300F5007001F5007180128912C2F38003EBB100207062306229E0BBF1000F11D45946FFF706FFB06259463846FFF701FFF06200F50070B16A01F500718912B1618012D5E7BDE8F00F00205DF808FBC2F3400212B13062716209E0326A1018401C40103062706A4018401C4010706218
:806B0000C6E90289C6E904890120BDE8F00F5DF808FBF0B485B00FF2B012F8CA00A90028F8C147BF0121424200210246B2F5B43F03DA002803D5404201E04FF4B4304FF4205200AC90FBF2F234F9124002EB820300ADA0EBC32005EB420280014FF4205390FBF3F0B2F90220C0F14003504304FB0300801148BF002005D442F22932904287
:806B8000A8BF42F2283001B1404205B0F0BC642190FBF1F0704770B582B00268B2F1004F1CBF4368B3F1004F07D00E68B6F1004F1CBF4968B1F1004F02D1002002B070BDC91A0091D0E90045B21A134621462A463C48FFF7D6FE02B070BDF0B504463748384D007881B0C0F3400129B105F11000EEC8EEC401B0F0BDC00707D4A86AFFF72c
:806C000088FFA861E86AFFF784FFE861A869A1680818401C4010A060E969E2685118491C49106FF04002E1609042B8BFA26003DB4228A4BF4120A0609142B8BFE26003DB4229A4BF4120E060286A21690818401C401020616169686A0818401C40106061D5E90401C4E9000101B0F0BD0FF26C020FF2700CD2E90001DCE90023DFF844C0e9
:806C8000CCE90223CCE904230CF12802CCE90001CCE90601CCE90801C2E900017047B0E80C100749A1E80C1070470549B1E80C10A0E80C10704700000098FEFF146700207C1C0020E8650020A9FE1D05B206D609590EA713B1199E238C2D7A37000000000000000000000080000000800000E4003F018301BB01EB0115023A025D027C021b
:806D00009902B302CC02E402FA020F0322033503470358036803780387039503A303B003BC03C903D503E003EB03F6030004000040F2FF7C0B0D4DD0634566D230B421EA035141F4801103F2FD3C5FEA5C0C01D300184941890041EA907180004FF440140023E202D50AB1F5100107D46D081DD2091B641900184941491BF7D56D080AD2e1
:806D80000919641B00184941491BEFD56D08F7D301E0520817D0C01861419B1AAC4100184941801AA941F4D452080AD0C01AA1419B186C4100184941801AA941E9D45208F4D15B1C6C4161084FEA330001EB0C5130BC704750EA0103FBD030B4B1FA81F311B9B0FA80F41B190B3BB3F120042FBF00FA04F19940C3F1200420FA04F438BFb9
:806E000021439840D3F101039DE76345E1D011F5801FDED850EA4101DBD0D94300F058BD00F05CBD00F0F0BDF0B581B0072801DA052801D111BE00BF0401364D6619B7680FB911BE00BF072809DA605B069CF4600FF211040094B468A04701B0F0BD032001B0F0BDF0B52B4E37880024002581B087421EBF0125378A874216D0378C022533
:806E800087421EBF0325378E87420ED0B6F84070042587421EBF0525B6F8507087421EBF0625B6F86070874206D106EB0515ED682E0001D0A8470446204601B0F0BD70B5144D2E88002486421EBF01242E8A864216D02E8C022486421EBF03242E8E86420ED0B5F84060042486421EBF0524B5F8506086421EBF0624B5F86060864206D12f
:806F000005EB04146468250001D0A047034698B270BD0000741A0020841A71EB030604D26E40001BB141121973414FF4001C1CEB410F34BF7CEB430684E00C0DA4EB1356362E7DDC012E43DC45EAC32343EA525312BFD20292025B08240545EAC12141EA5051D2EBC020994125D407D1B0FA80F610FA06F164D00020203608E0B1FA81F600
:806F8000B140C6F1200220FA02F21143B0404FEAF474B4EB465434F001064FEA74040AD8D6F50016760D04F00044F04061FA06F25040F1404840C00A40EA415021F0004128BF5FEA500550F1000044EBD12137E045EAC323DB0A45EAC121C90AB6F120050EDD42EA0242120CC5F1200603FA06F6EB4042EA06056D42984161F100010DE07e
:8070000062FA06F5F240554063FA06FC82EA0C02F3405A406D42904161EB030111F4801F05D1641E620502D06D004041494121F48011430875F1004350F1000041EB045170BC70471CEB410F15D223F0004352EA43060BD04FEA4C0CBCEB410F04D80C0D661E342EB7DDEBE7801A994150EA410608BF0021E4E708BF1CEB430F28BF6FF0c5
:807080000001DDE7F0B5054681B02F780C461E46002F04BF6878002830D01046FDF726F80022544BFDF73AF8FDF7ACF8BDF91C10BA19521A012A07DBB5F90210A1F58071414351433A020DE0BDF918206B78891A5A18012A09DBB5F90410A1F58071414351431A0291FBF2F10818FCF7FFFF0022414BFDF713F8FDF785F80246A242B4BF07
:807100000120002001B0F0BD08B42DE9F04B81B00646DDE9098537780C469346002F04BF707800285BD0DFF8CC904046FCF7DEFF00224B46FCF7F2FFFDF764F880462846FCF7D4FF00224B46FCF7E8FFFDF75AF8BDF92C10BDF934207918891A0546012910DBB6F90220A2F5807208FB02F53B0205FB01F9424399FBF3F95143C84491FB02
:80718000F3F116E0BDF930107378511A5918012910DB1A02B6F90430A3F5807308FB03F505FB01F9434399FBF2F95943C84491FBF2F10D18104E4046FCF798FF00223346FCF7ACFFFDF71EF880462846FCF78EFF00223346FCF7A2FFFDF714F80546A045BABF5D450120002001B0BDE8F00B5DF808FB0000000082C00000824090F800C00e
:8072000061448B42A2BF4078101A984201DB01207047002070470000DFF86806007A00F00100704730B5DFF85C46DFF85C560020A06081B04FF000502860C5F80001F0F783F8EFF735FB4FF080502860C5F80001FBF7EBFEF1F7C4FEFBF78AFD0021DFF82C06016041608160C1604022402101640121C1640021C1662F2181660021016512
:807280004FF6FF714165C0F880200122C0F88C200022C0F8AC20EF22C0F8A8200022C0F89020C0F8941008202860C5F8000140202860C5F80001DFF8D805026042608260C260402202640122C2640022C2662F2282660022026541654022C0F880200122C0F88C200022C0F8AC20EF22C0F8A8200022C0F89020C0F894104FF4806028609b
:80730000C5F800014FF400502860C5F8000101B00FF2B450D0E90023C4E90023607940F0100060710020607330BD11B581B00C469DF805002043C0B2B0B101F012FA10F1010F11D0DFF83C25012111734FF47A72DFF838155043B0FBF2F0486500200865086840F0010008609DF806002043C0B288B101F0FFF910F1010F0CD0DFF80C1537
:80738000C8225043C1F894000020C1F89000086840F0020008609DF80400012805D068D3032852D056D302B010BDDFF8D844607360780228BFBFA0780228E078022837DAF2F739F82079C10732D5DFF8C814097802292DD000F0FE002071D4E9000101F0A6F901F0BEF910F1010F0FD0012121734FF47A72DFF894145043B0FBF2F04865fa
:8074000000200865086840F00100086001F0B2F910F1010F0CD0C822DFF870145043C1F894000020C1F89000086840F002000860DFF86404007808B1F1F762FFFBF7BFFC02B0BDE81040F0F7E7B8DFF838144873F6F718FF0220DFF82C1448739DF8040003280CBF0120002002B0BDE81040EFF7FBBA02B010BD10B5DFF80814002088609b
:80748000F1F7D7FD4FF00050DFF81044C4F88001206001F026F90121FFF747FFDFF80004016841F001010160DFF8F8130A6842F008020A6008222260026C42F0010202640A6842F040020A6040222260DFF8D823136843F0010313600B6843F480630B604FF480632360136C43F0010313640B6843F400530B604FF400512160C821916212
:8075000000215162D0F8941F41F00201C0F8941F10BD70B50446F8F79CF90646EFF73BFB054600206070A070E07001202070F6F7B7FA10B10220207053E0EFF726FB60B3EFF715FB78B96D1E05D06D1E012D05D9AD1E06D021E00120607042E00120A0703FE001203CE07EB96D1E05D06D1E012D05D9AD1E06D010E00220607031E0022007
:80758000A0702EE002202BE0FAF770FC761E07D0761E012E0FD9B61E1AD00020207020E0012D05D100280CBF03200420607018E00520607015E0022D18BF032D05D100280CBF03200420A0700BE00520A07008E0042D04D100280CBF0320042000E00520E0702079AB49097802290CBF40F0010000F0FE002071F1F7FDFE2179002814BF50
:8076000041F0020001F0FD002071F1F7F6FE2179002814BF41F0040001F0FB00994920714A7A6079D2074CBF40F0010000F0FE006071097A6079C9074CBF40F0020000F0FD006071994960790968090A49074CBF40F0040000F0FB006071F7F7C1F86179002814BF41F0080001F0F70060716079800800F00100FAF7D0FB60780328BFBF34
:80768000A0780328E078032803DBBDE87040F1F7BDBEBDE87040F1F7CABE00B581B0EFF718FE01B05DF804EBFAF780BB30B5804981B04FF000500860724C607B02282AD1EFF774FAEFF7FAFBEFF74AFA18BB206950B97848206164216D48416500210165016841F001010160002060732046FFF710FFD4E9000101F01AF80546EFF766FFba
:8077000008B101F082F8207B01F083F8294601B0BDE8304009E601B030BD70B5644982B04FF080500860574C607B012824D100206073F1F7DEFEFBF7AEFC05462046FFF7E8FED4E9000100F0F2FF0646207B01F01AF8009055B9F1F7D3FD57490A20086000205649087001268DF800603146009802B0BDE87040D8E502B070BD30B54348af
:80778000404C81B001684908490001600121C164082047490860022020732046FFF7B9FED4E9000100F0C3FF0546607B01F03AF8294601B0BDE83040B7E530B53348314C81B0016821F0020101600121C0F88C10402037490860D4E9000100F0A8FF0546607B01F081F8294601B0BDE830409CE510B52748234C0168490849000160012141
:80780000C1644FF480602A4908602069010018BF80470020206110BD2949012008604FF4005023490860EFF724BE10B51548204C012141720172154801684908490001600121C16408212160016821F0020101600121C0F88C10402020600D48016821F0020101600121C0F88C104FF400502060FBF792FAEFF761F94FF00050206010BD13
:8078800000000000A866002080E100E00010004500200045010000202A1B002000E100E06C100045003001456C2000450400015080E200E09B3601004C1B0020000000208C200045D7E5000000000000000400001FB501F0E9F8212101601FBD30B4DFF8740900224280002180F878100288DFF86819D30744BF00230B604FF6F9731A4095
:807900000280838A8288C282DC0703D50024545255186C804FF6F97423408382038B9A18038D4285DC0703D50024545255186C804FF6F97423400385838D9A18838FC287DC0703D50024545255186C804FF6F97423408387B0F840309A18B0F85030A0F85220DC0703D50024545255186C804FF6F9742340A0F85030B0F854309A18B0F879
:807980006430A0F86620DC0703D50024545251184C804FF6F9711940A0F8641000F5207181650021DFF8B4080160816000204FF0A0410860DFF8A808016821F480310160016821F400310160016821F480210160016821F4002101604FF48031DFF88408C0F8001101604FF40031C0F8001101604FF48021C0F8001101604FF40021C0F80d
:807A00000011016030BC7047DFF84818DFF848080A88D30707D54B884FF0000C23F800C01B18A3F802C04FF6F9731A400A808A8AD30707D5CB8A4FF0000C23F800C01B18A3F802C04FF6F9731A408A820A8DD30707D54B8D4FF0000C23F800C01B18A3F802C04FF6F9731A400A858A8FD30707D5CB8F4FF0000C23F800C01B18A3F802C0ed
:807A80004FF6F9731A408A87B1F85020D30708D5B1F852304FF0000C23F800C01B18A3F802C04FF6F9731A40A1F85020B1F86420D30708D5B1F866304FF0000C23F800C01818A0F802C04FF6F9701040A1F86400012081F878000021DFF8800701608160FF204FF0A0410860DFF87407016841F480310160016841F400310160016841F48d
:807B000080210160016841F4002101604FF48031DFF85407C0F8801101604FF40031C0F8801101604FF48021C0F8801101604FF40021C0F880110160704770B5DFF8143793F87840012C28D1C0B210F1010F24D000EB800403EB84042588EE071DD5C5F34006C6B945F00205258000256582A160E1602282D3F87C12FF2908DC03EB41041a
:807B800040F46042A4F87C20491CC3F87C1200F007F8012070BD042070BD032070BD0000F0B4DFF8B01600EB800201EB8202138A548A9C4271D25688DFF89C56978875191E1B361DB74238BF3E4604B100232B80331F6B80548A1C1954822C1DD5685E19D660042B1FD39E0816F0030706D01B1F55F804CB44F804CB7F1EF8D1B60812D0ed
:807C0000103B55F8047B44F8047B761E55F8047B44F8047B55F8047B44F8047B55F8047B44F8047BECD1EBB113F0030605D0761E15F8017B04F8017BF9D19B0800F0128015F8016B04F8016B5B1E15F8016B04F8016B15F8016B04F8016B15F8016B04F8016BEDD1138843F0040313800122D1F87C328240FF2B08DC01EB430440F47040a7
:807C8000A4F87C00581CC1F87C02D2B2DFF8DC05016811430160F0BC704711884FF6F97319401180052803D1DFF8C41500200860F0BC7047F0B50446DFF8985504EB840005EB800681B07188DFF88C0508183188028842B1328241F002013180B168F1600021718203E0C1F34001002959D04288002A56D0F1685318F360001D738AD31839
:807D00007382042A1FD3930813F0030706D0121F50F804CB41F804CB7F1EF8D19B0812D0103A50F8047B41F8047B5B1E50F8047B41F8047B50F8047B41F8047B50F8047B41F8047BECD1EAB112F0030305D05B1E10F8017B01F8017BF9D1920800F0128010F8013B01F8013B521E10F8013B01F8013B10F8013B01F8013B10F8013B01F8d1
:807D8000013BEDD1728A308A82420AD3B16844F4407080B2FFF793F830884FF6FD71084030800120D5F87C12A040C0B2FF2908DC05EB410344F47842A3F87C20491CC5F87C12DFF8A8140A6802430A600A6822EA0000086001B0F0BD30B5DFF87844D4F87C0281B0FF2808DC04EB40024FF47F41A2F87C10401CC4F87C02DFF8785428681b
:807E0000C0073CD5012028602078C00727D5DFF85C0401684908490001602088C0F380000028D4F87C020ED0FF2808DC04EB40024FF47E41A2F87C10401CC4F87C020020FFF7AEFE1BE0FF2819DC04EB40024FF60161A2F87C10401CC4F87C020FE0D4F87C02FF2808DC04EB40024FF60261A2F87C10401CC4F87C020020FFF71BFF286860
:807E8000C0F34000002840D002202860207DC00729D5DFF8D803016821F002010160A08AC0F380000028D4F87C020FD0FF2808DC04EB40024FF47E41A2F87C10401CC4F87C0201B0BDE83040012069E6FF281CDC04EB40024FF60161A2F87C10401CC4F87C0201B030BDD4F87C02FF2808DC04EB40024FF60261A2F87C10401CC4F87C02a2
:807F000001B0BDE830400120D4E601B030BD30B5DFF84043D4F87C0281B0FF2808DC04EB40024FF60171A2F87C10401CC4F87C02DFF840532868C0F3800000283DD00420286094F82800C00727D5DFF82003016821F004010160208DC0F380000028D4F87C020ED0FF2808DC04EB40024FF47E41A2F87C10401CC4F87C020220FFF710FEaa
:807F80001BE0FF2819DC04EB40024FF60161A2F87C10401CC4F87C020FE0D4F87C02FF2808DC04EB40024FF60261A2F87C10401CC4F87C020220FFF77DFE2868C0F3C000002840D00820286094F83C00C00728D5A648016821F008010160A08FC0F380000028D4F87C020FD0FF2808DC04EB40024FF47E41A2F87C10401CC4F87C0201B0c3
:80800000BDE830400320CBE5FF281CDC04EB40024FF60161A2F87C10401CC4F87C0201B030BDD4F87C02FF2808DC04EB40024FF60261A2F87C10401CC4F87C0201B0BDE83040032036E601B030BD30B5814CD4F87C0281B0FF2808DC04EB40024FF60271A2F87C10401CC4F87C02824D2868C0F30010002800F08A807F4901200870B4F80c
:808080006400C0F3400000281EBF2868C0F3401000283DD02020286094F86400C00727D57248016821F020010160B4F86400C0F380000028D4F87C020ED0FF2808DC04EB40024FF47E41A2F87C10401CC4F87C020520FFF765FD1BE0FF2819DC04EB40024FF60161A2F87C10401CC4F87C020FE0D4F87C02FF2808DC04EB40024FF6026159
:80810000A2F87C10401CC4F87C020520FFF7D2FD1020286094F85000C00727D55348016821F010010160B4F85000C0F380000028D4F87C020ED0FF2808DC04EB40024FF47E41A2F87C10401CC4F87C020420FFF727FD1BE0FF2819DC04EB40024FF60161A2F87C10401CC4F87C020FE0D4F87C02FF2808DC04EB40024FF60261A2F87C10d6
:80818000401CC4F87C020420FFF794FD2868C0F34010002840D02020286094F86400C00727D53248016821F020010160B4F86400C0F380000028D4F87C020ED0FF2808DC04EB40024FF47E41A2F87C10401CC4F87C020520FFF7E4FC1BE0FF2819DC04EB40024FF60161A2F87C10401CC4F87C020FE0D4F87C02FF2808DC04EB40024FF695
:808200000261A2F87C10401CC4F87C020520FFF751FD00201849087001B030BD0D48D0F87C12FF2908DC00EB41034FF60372A3F87C20491CC0F87C120E480168C1F3801109B1402101600168C1F3C01109B1802101607047FC0F002000000060000001500030014580E100E000E100E008000150F4180020040000502B1B00202DE9F64796
:8082800005469DF80500C10801F00101E97100F00107010901F001012972810708D5002F0CBF0FF2C4600FF2706002B0BDE8F0879DF80010022908D1002F0CBF0FF2C0700FF2D07002B0BDE8F087DFF840C69CF800E0800800F001008CF800009DF80400D5F8008000F00106400800F0010080F001040FF2A07080451CBF0FF284708045a9
:8083000005D177B10FF24C6002B0BDE8F0870FF2086080451CBF0FF25060804506D197BBCEBB0FF2086002B0BDE8F0870FF2FC5080451FBF0FF2086188450FF2186398452ED19DF8021031B1002F49D10FF27C6002B0BDE8F0879DF8011039B1002F40F0A3800FF2186002B0BDE8F0879DF8031039B1002F40F0EC800FF2B46002B0BDE8fe
:80838000F087274204D00FF2CC5002B0BDE8F087002E00F012810FF2A85002B0BDE8F0870FF22862904520D19DF80020002A1CBF9DF80250002D00F0B380032DC0F2FC809CF8000048B1032D02D0042D36D0F3E00FF2206002B0BDE8F087002C00F0EC800FF2FC5002B0BDE8F0870FF20869C8451CBF0FF2146AD04507D00FF2206AD045d6
:808400001CBF0FF2DC5AD0452BD19DF8000000281CBF9DF80250002D07D1002F00F0BB801A46104602B0BDE8F0879CF80000704540F0B180C84508BF042D05D166B90FF2DC5002B0BDE8F0870FF2D050804540F0B380002E00F0B1800FF2AC5002B0BDE8F0870FF21852904523D19DF80020002A1CBF9DF80120002A52D0032AC0F29C808a
:808480009CF8000068B1032A06D0C0F09580052A00F0908031D38FE00FF2085002B0BDE8F087002C00F088800FF2E44002B0BDE8F0870FF2F049C8451FBF0FF2FC4AD0450FF2CC4AD0451FD19DF8000000281CBF9DF80110002906D1002F5CD01A46104602B0BDE8F0879CF80000704501D0002F51D0C84508BF042904D10FF2BC4002B07e
:80850000BDE8F087052954E00FF22452904524D19DF80020002A1CBF9DF80320002A05D1002E4AD0084602B0BDE8F087032A43DB9CF8000058B1032A04D03DD3052A39D031D339E00FF2105002B0BDE8F0879CB30FF2F04002B0BDE8F0870FF2FC4080451FBF0FF2085188450FF2D841884523D19DF8001000291CBF9DF80360002E05D114
:808580004FB11A46104602B0BDE8F0879CF80010714504D01FB9104602B0BDE8F087804508BF042E04D10FF2C44002B0BDE8F087052E01D101206872404602B0BDE8F08730B40FF25034246881B0036800941A46147C012C08D0C0F08080032C30D06BD3009801B030BC7047447954B10021417101208DF800001078022814BF00200120ef
:8086000069E01478032C04BFC9B2012965D0002141728172C17951B9D97C41B1817921B1017A11B98171042002E0032000E002208DF800001078032814BF002001204AE00479641C0471E4B2557CAC4215D3447A9CB9002303711378012B04BFC9B201293BD00021417101208DF80000107801281ABF0228002001202DE01478032C04BFe7
:80868000C9B2012929D0002141728172C17951B9D97C41B1817921B1017A11B98171042002E0032000E002208DF800001078032814BF002001200EE01378012B04BFC9B201290AD00021417101208DF800001078012818BF00208DF80100009801B030BC70478B480FF2442101600023002181808171437281B001688372C07918B9C87C33
:8087000008B1032000E002208DF800000878421E9241D243D20F8DF80120087A411E8941C943C90F8DF80210009801B0704710B50A46774C01462046FFF7A0FD216881420DD000226271A27120600A7803789A4202BF097A007A814201D0012010BD002010BD6B480068017811B94FF0FF3070474068704766480068017A11B94FF0FF30a7
:808780007047C068704770B4614A1468234681B01E7C00250021012E10D02BD3032E0DD028D21C78012C04BFC0B2012822D051710125187801281DD101211BE01E78022E03D1C0B2012815D013E0D0795172917258B9E07C48B1147A907984F0010420420EBF03259171042500E002251878032800D1012100208DF802008DF800508DF882
:808800000110009801B070BC7047414901204872704700B5C1B281B03D48FFF7D1FE009001B000BD60B43A490A6881B0167800250023012E2BD030D3032E01D017D32CE0C0B2002845D148728872C87960B9D07C50B10A7A887982F0010210420EBF03258B710425012334E00225012331E08E7A761CC0B28E72012804D050BB907CF6B2fc
:80888000864201D2012324E04B728B7212E0C0B2F8B94871012501231BE0C0B2C8B9107C401E05D0401E012813D84B71012510E048728872C87958B9D07C48B10A7A887982F0010210420EBF03258B71042500E0022500208DF802008DF800508DF80130009801B060BC704709490A6881B0127A0020012A04BF01204A7100218DF80200d9
:80890000ADF80010009801B070470000FA660020E46600200000000000000000FFFFFFFF00000000FFFFFFFF00000000030000007C150000010000000C00000001090001010000001C250000000000006400000003010101030000007C150000000000006400000001090001010000001C25000000000000FFFFFFFF0200090002000000ba
:80898000E812000000000000FFFFFFFF0301010000000000FFFFFFFF00000000FFFFFFFF0109000002000000E812000000000000FFFFFFFF0304010002000000E812000000000000FFFFFFFF03020100010000001C25000000000000FFFFFFFF0302010100000000FFFFFFFF00000000FFFFFFFF0109000100000000FFFFFFFF0000000038
:808A0000FFFFFFFF0308010100000000FFFFFFFF00000000FFFFFFFF0304010102000000A00F000000000000FFFFFFFF03040101020000006A09000000000000FFFFFFFF0302020000000000FFFFFFFF00000000FFFFFFFF01090000020000006A09000000000000FFFFFFFF03080200020000006A09000000000000FFFFFFFF03040200c4
:808A800002000000D025000000000000FFFFFFFF0301010102000000D025000000000000FFFFFFFF01090101014800F003B80000A41C0020704700001248012180F85010002180F8511080F8531080F8541080F85510C821A0F85C104FF4FA71A0F85E101E2180F85610322180F85710002180F8581080F85910FF2180F85A1080F85B105a
:808B000070470000305E00202DE9F04FDFF8507EDFF8508E0546B7F8A4008DB0C0F306210191002698F85A10019A9142B8BF019198F85110012916BF03294FF0060A00F03F0A98F85B005045B8BF82460D2900F2BA87DFE811F00E000E000E000E00C90057011A021703A703AE06D006E206B307F70198F8530098F85410084307D198F888
:808B8000580088F8530098F8590088F8540098F85300287098F85400687098F8510003280ED8DFE800F00205080B4FF0A24407E0DFF8B44D04E0DFF8B44D01E0DFF8B04D98F8530098F85810884202BF98F8540098F85910884277D1C02108F16000EDF787FD00BFB7F8B000C0F380000028F9D098F8596098F85800DFF8781D564538DAbb
:808C000004EB800401EB800204EB462302EB4622AAEB06041646DDF804C01F46604522DAACEB000C1CF0030E00F00780BEF1010E37F9049B26F8049BF8D15FEA9C0C12D0BCF1010C37F904EB26F804EB37F904EB26F804EB37F904EB26F804EB37F904EB26F804EBECD103F5007302F50072641ED0D18200019B01EB4A2102F1A24201EB59
:808C8000800102F5F04298421EDA181A10F0030305D05B1E32F9044B21F8044BF9D1800800F0128032F9043B21F8043B401E32F9043B21F8043B32F9043B21F8043B32F9043B21F8043BEDD198F85800C8F80000C8F80CA00198401EC8F8080098F85900C8F8040000F0E1BEB7F8A400C0F30621CDF8041000F03F03B7F8B000C0F3C0007f
:808D00000028F9D098F8520020B9DFF8C00D0078C8F82001D8F82001287010B93D21681C0BE198F8530098F8541008434AD198F85200401C88F85200687098F85210DFF8900D00EB011010F8101CC8F80010103800290279C8F804204278C8F808204079C8F80C000EBF8020481EC8F80000A870D8F8040000280EBF8020401EC8F8040072
:808D8000E8700199D8F80800491E88420EBF40F08000401CC8F808002871591ED8F80C0088420EBF40F08000401CC8F80C0068710620D8F8001088F85310D8F8041088F8541007E06E7098F85300A87098F85400E87004204FF0A242294600F07BFE98F8530098F85410084340F06D86D8F8200101281ABF401EC8F8200188F852600DB071
:808E0000BDE8F08F98F8550020BB28706870A91C0220801D17F8012B01F8012B3E2817F8032B01F8012B17F8012B01F8012B17F8032B01F8012B17F8012B01F8012B17F8032B01F8012BE4DB012088F855000DB0BDE8F08F012028706870291D97F87800A87097F87900E8703F1D0420083097F8782001F8012B97F8792001F8012B3A1Dda
:808E800092F8783001F8013B92F8793001F8013B121D92F8783001F8013B92F8793001F8013B121D171D92F8783001F8013B242892F8793001F8013BD8DBDFF87C1D09684155401CDFF8741D09684155401CDFF8701DCA8E92084255401CCA8A4255401CCA8A120A4255401C0A8B4255401C098B090A4155401CDFF84C1D09784155401C0f
:808F0000B8F85E104155401CB8F85E10090A4155401C4655401C4655401C98F857104155401C98F856104155401C88F855603E2880F2C985C0F13E01401901F069F90DB0BDE8F08F98F85500002840F0BC85022028706870BC37A81C5FF0070117F8012B00F8012B491E17F8032B00F8012B17F8012B00F8012B17F8032B00F8012BEDD164
:808F800088F855600DB0BDE8F08F00F002FE3E8098F85200DFF8B04C00F11C0141F44061B98000F11A010A0242F00102BA8141F4306139820121B9833E81398E41F480713986B988CAB202EB11210904490C3984C4F80061C4F80461A660E66026616661216841F0020121602921B9824FF6FF71A7F89C10A7F89860287097F8A800C00746
:809000000BD5FF2068703C21A81C01F001F998F85200401C88F85200A6E04EF27C1298F8530068704FF00043C2F80031022013604FEA0609DFF8141C4FF6FF72A7F8A020DFF80C2C4A6000228A6005220A600122A7F89820B7F8A020C2F3400212B90B68DB03F7D54AB9761C032EB8BFA9F1010953DB42550026401C4DE0019B0026002231
:809080009246012B44DB4FF0A24C5FEAC37E11D5BCF900E0BCF900A0BCF900B2BCF900C20CFB0BFC0AFB0ECCBCF1010FA8BF62464FF0010A5B082BD04FEA8A0C0CF1A24CBCF900A0BCF900E0BCF900B2CDF800A0BCF900A20AFB0BFADDF800B00EFB0BAE7245B8BF72460092BCF90420BCF904E0BCF904A2BCF904B20BFB0AFA0EFB02AEfc
:80910000009A7245B8BF72465B1E0CF1080CD7D14255401C12124255401C09F10109B9F1050F89DB04220A6098F8531098F85720491C88F85310C9B2914207D3002188F8531098F85210491C88F8521098F852103D29A4BF002188F852103E2804DAC0F13E01401901F054F80020A060E0604FF0FF30206143F6FF706061206820F00200fc
:80918000206091E300F005FD3E8045F62440B8804EF27C1242F20120B8814FF0004398F85200011D090241F0220139822B21B9824FF48071398647F20F0139830521B9834FF6FF71A7F89C102870DFF8801A98F85400687098F85300A870EE70A7F89860C2F80031136004205FF003024FF6FF73A7F8A030DFF8583A4B608E6005230B60d5
:809200005FF00103A7F89830B7F8A030C3F3400313B90C68E403F7D50BB9521EE6D1086015F1040198F85320019B9A4207DB98F8541088F85360491C88F8541015E002F50072930003F1A24392001B7801F8013B02F1A242801C527801F8012B98F85320521C88F853203E28DCDB98F8542098F8573098F852109A4224BF88F85460491C32
:8092800098F85620921EC9B28A42B8BF002188F852103E2880F20883C0F13E01401900F0B7FF01E300F075FCDFF8501DDFF8504D4FF0007008600320DFF8481D0860DFF8480D2060C4F82461C4F82861C4F82C61D4F8300140F48030C4F830012D20D4F8101160F30701C4F810112820D4F8101160F30F21C4F810113C20D4F8101160F3de
:809300001741C4F810112B20D4F8101160F31F61C4F810110120C4F808010020B8F85E10B9B100BFB8F85E10401C8842BFBF00BF401CB8F85E1088420BDA00BFB8F85E10401C8842BFBF00BF401CB8F85E108842E7DBDFF8B86C04F500700590306820F47F4030600120316860F3070131607068C007FCD500273068000A0002306006A880
:80938000CDF804004FF0FE094FF0000A042F0CDA5AEA070008BF4FF0010BC4F824B10020C4F82801C4F82C011BE0082F0DDA042F04BFBAF1000F4FF0010B0020C4F82401C4F828B1C4F82C010BE004BFBAF1000F4FF0010B0020C4F82401C4F82801C4F82CB1306867F30F2030600320316869F317413160316860F3070131607068C00785
:80940000FCD53068000A0002306000F0C7FE0120C4F80001D4F80801C007FBD5D4F8080140F00100C4F80801012005990968B8F95C2041F30A01D1420199097800FA0AF0B4BF084321EA0000019908700AF1010A4FEA490040F001005FFA80F90598001D4FEA4B0B0590BAF1080F8FDB01987F1C401C0190092F85DB04F500700590012017
:80948000316860F30F213160316860F3070131607068C007FCD500273068000A0002306009A801904FF0FE094FF0000A042F0CDA5AEA070008BF4FF0010BC4F824B10020C4F82801C4F82C011BE0082F0DDA042F04BFBAF1000F4FF0010B0020C4F82401C4F828B1C4F82C010BE004BFBAF1000F4FF0010B0020C4F82401C4F82801C4F8c1
:809500002CB1306867F30F2030600320316869F317413160316860F3070131607068C007FCD53068000A0002306000F037FE0120C4F80001D4F80801C007FBD5D4F8080140F00100C4F808010120059AB8F95C10126842F30A0291420199097800FA0AF0B4BF084321EA0000019908700AF1010A4FEA490040F001005FFA80F90598001D5f
:809580004FEA4B0B0590BAF1080F8FDB01987F1C401C0190092F85DB0220316860F3070131607068C007FCD53068DFF8581A000A00023060D4F8300120F48030C4F830010020C4F82401C4F82801C4F82C0108602060FAF73FFB8F20DFF86C4620604FF0FF386068C0F301166068C0F34007606840F03000606043F6FF7A606820F0020048
:8096000060604FF064090020C4F80003C4F80081C4F804A1C4F80082C4F804A200F0BEFD0020C4F80002C4F80402B9F10109F1D1C4F80002C4F80402C4F80001C4F80401C4F81003C4F81403A060E060C4F81080C4F814A04FF0010983460020C4F80001C4F80002C4F8109300F098FDC4F80091C4F8009200F092FD0120D4F8201311EA3e
:80968000090F029900FA0BF00CBF21EA000008430BF1010B02904FEA4909BBF1200FDCDB0020C4F80002C4F80001C4F810034FF0010983460020C4F80401C4F80402C4F8149300F06BFDC4F80491C4F8049200F065FD0120D4F8241311EA090F049900FA0BF00CBF21EA000008430BF1010B04904FEA4909BBF10E0FDCDB0020C4F80001ad
:80970000C4F80401C4F80002C4F80402C4F81003C4F81403C4F80880C4F80CA0206160614FF0010983460020C4F80001C4F80092C4F8109300F032FDC4F800910020C4F8000200F02BFD0120D4F8281311EA090F009900FA0BF00CBF21EA000008430BF1010B00904FEA4909BBF1200FDBDB0020C4F80001C4F80002C4F810034FF0010Bc7
:8097800081460020C4F80401C4F804B2C4F814B300F004FDC4F804B10020C4F8040200F0FDFC0120D4F82C1311EA0B0F039900FA09F00CBF21EA0000084309F1010903904FEA4B0BB9F10E0FDBDB0020A060E060C4F81080C4F814A0C4F80401C4F80402C4F8140309AA6068DFF8101820F0020040EA470060600323606820F0300040EA84
:80980000061060600020206008602870691C0120C01C12F8014B01F8014B5B1E12F8014B01F8014B12F8014B01F8014BF0D106AA5FF0030312F8014B01F8014BC01C12F8014B01F8014B5B1E12F8014B01F8014BF0D100994155401C0099090A4155401C0099090C4155401C0099090E4155401C03994155401C0399090A4155401C0299c4
:809880004155401C0299090A4155401C0299090C4155401C0299090E4155401C0499415540190499090A417000F099F90DB0BDE8F08F98F85500892880F20081C0EB001189002970081268700220DD4A8A18431CB1F5317FACBFFF24147844551846491C521C3E28F3DB98F85500401C88F855000DB0BDE8F08F032028706E70AE70EE7023
:809900002E7105206871AE71EE71062028726E72FF22342105F10A00D3E098F8530098F85410084340F0A48000F033F9DFF8A808007820BBDFF8A448207801281FD00320FAF788F92078022816D0032801BFB7F844004FF6DF710840A7F844000FE000BF00700551305E0020006000510000035100600351008004513E86A7F844603E80d4
:809980004FF6FF70A7F89C00A7F89860A7F8A0004EF27C12AD49AE4848608E60052008604FF000430120A7F89800C2F800311360A74848608E600520086000BFB7F8A000C0F3400010B90868C003F7D504200860B14697F8A410DFF808084FF0A24311F03F0143D0B7F8A44001464FEA03024FF0000AC4F306246CB332F9044B21F8044B4a
:809A00000AF10106B7F8A440C4F30624A64221DA32F9044B21F8044B761CB7F8A440C4F30624A64216DA32F9044B21F8044B761CB7F8A440C4F30624A6420BDA32F9044B21F8044B06F1010AB7F8A440C4F30624A245D1DB97F8A41009F1010901F03F0103F5007300F500708945BBDB00F0B7F898F85300287098F854006870012088F80a
:809A800050000020C8F80000B7F8A400C0F30620401EC8F808000020C8F8040097F8A40000F03F00401EC8F80C002946DFF83027022000F00FF80DB0BDE8F08FFF223E21284600F0A9FB0DB0BDE8F08F1000045120000451F0B50B4681B0FF21DFF804470DE000BF12F82570C75402EB85004078F054701C94F853506D1C84F853503E289a
:809B00001BDAA56894F85360B54207DA256884F8535094F854506D1C84F8545094F85450E668AE421FDA002184F8531084F85410C0F13E01C01800F06BFBA16894F8532094F85400914203DA216884F85310401CE168C0B28142BCBF002084F8530084F8540001B0F0BD94F8536094F8507006EBC515461C002FB5D132F925502F0003D55c
:809B80000025C5543046B5E7FF2DFADDC1543046B0E700B581B072B6FDF747FEDFF84816DFF848060A8802808A8882808A8902810A8A82818A8A0282B1F89C2082820A8E02830A8B82838A8B02840A8C8284B1F8D0200285B1F84410818501B000BD00B5DFF80816DFF8000681B00A8802808A8882800A8982818A8902820A8A82828A8Ac1
:809C0000A0F89C200A8B02868A8B02830A8C82838A8C02840A8DA0F8D020898DA0F844100021A0F898104FF6FF71A0F8A010FDF749FE62B601B000BD1400002018000020DC570020D81900200040015010E000E080A9030070B50446207810B3012840D0022874D0032878D004287CD0052800F08080062800F09580072800F0A1800828e9
:809C800000F0B080092800F0B6800A2800F0E7800D2800F01B810E2838D0802800F0538170BDDFF844150846A21C0A235478157845EA042420F8044B9578D47845EA042420F8044B1579547945EA0424921D20F8044B5B1EEAD1088EDFF81415A1F8CE0070BDA11CDFF80005783005224B780C7844EA032320F8043B8C78CB7844EA03231a
:809D0000091D20F8043B521EF0D170BDDFF8D804A030A11C05224B780C7844EA032320F8043B8C78CB7844EA032320F8043B0C794B7944EA032320F8043B8C79CB7944EA0323083120F8043B521EE4D170BDDFF898140020A1F8980070BD0120DFF88814A1F8980070BD0220DFF87C14A1F8980070BDA07848B94FF6BF72DFF86C14B1F8e1
:809D800044001040A1F8440070BD012840F01281DFF85414B1F8440040F04000A1F8440070BDA078DFF840140028B1F8440006BF4FF6DF72104040F02000A1F8440070BDE178A278DFF81C0442EA0121A0F85E10002121716171A279E17942EA0121A0F85C1070BDDFF8FC03A17880F85710E17880F8561070BDFDF718FD0022A01CDFF8af
:809E0000F4136378C3EB031502EB4503482B05DA4578067806EB052521F82350521C6378C3EB031502EB4503482B05DAC578867806EB052521F82350521C6378C3EB031502EB4503482B05DA4579067906EB052521F82350521C801D1E2AD2DB32E0FDF7E4FCDFF894130022A01C6378C3EB031502EB45032E2B05DA4578067806EB052539
:809E800021F82350521C6378C3EB031502EB45032E2B05DAC578867806EB052521F82350521C6378C3EB031502EB45032E2B05DA4579067906EB052521F82350521C801D1E2AD2DBBDE87040FDF7FCBCA1784929A8BF4821C34880F85810E1782F29A8BF2E2180F859102179FF2906D1BE49B1F8A410090A01F07F0102E04929A8BF4821e4
:809F000080F85A106179FF2907D1B74991F8A41001F03F0180F85A1004E02F29A8BF2E2180F85B1090F8581090F85A208A4238BF80F85A1090F8591090F85B208A4239D280F85B1070BDA0786178A94B41EA0020E178221D03EB400306E000BF32F8024B23F8024B491E401C012923DBB0F5B17F20DA32F8024B491E401C23F8024B01298b
:809F800018DBB0F5B17F15DA32F8024B491E401C23F8024B01290DDBB0F5B17F0ADA32F8024B491E401C23F8024B012902DBB0F5B17FD3DB70BD00B581B03F220A80894901F111020260FF20487483480078012808D191F8512091F8500002F00F0202EB001003E07D480078012804D0487401F11200FEF789FD002001B000BD301001457b
:80A0000000300150007001503F0007000000015000B5714A127881B00178012A62D1032900F2B980DFE801F0021B4147407801280AD002280DD071490120087000207049087001B0002000BD6D49087001B0002000BD6B490020087001B0002000BD42786049032AB8BF81F8502080780E28B8BF81F8510091F8510005281CBF0D28092820
:80A0800005D1002081F8550001B0002000BD002081F8520001B091F8580081F8530091F8590081F85400002000BD401CFFF7D2FD002001B000BD4078012804D002280BD0002001B000BD4F49087001B048484E49008A0860002000BD4A490020087001B0002000BD202956D14178002953D03B4A1378012B03D1012908D0012104E001291b
:80A1000004D13E4B197000213D4B19700021407810703C4A11700022324981F8522081F8532081F8542081F8582081F85920374A138812781B0A03F07F0302F03F0281F85A3081F85B20401E07D0401E01280DD9801E14D0002001B000BD012081F8500001B0002081F85100002000BD012081F8500001B00B2081F85100002000BD012016
:80A1800081F85000082081F851004FF4FA70A1F85E00A1F85C00002001B000BD1149B1F85E200020BAB100BFB1F85E20401C90423FBF00BF401CB1F85E2090420BD200BFB1F85E20401C90423FBF00BF401CB1F85E209042E7D37047DA190020DB19002000800451305E00200070055100E00451DC5700200030055100400551D9190020b1
:80A20000D8190020F9660020481B0020A4700551002200F005B8000062F30F2262F31F42401810F0030308D0C91A1FD3DB0748BF00F8012D28BF20F8022D130030B414461546103928BF20E93C00FAD8490728BF20E90C0048BF40F8042D890028BF20F8022D48BF00F8012D30BC7047C91818BF00F8012DCB0728BF00F8012D7047000064
:80A28000DC480021C0F8C410C0F8C810DA490A7DD20612D50A8BA0F8152043F68803CA8AA0F81720C0F8233045F673238A8CA0F81920C0F827304A8C09E0CA8AA0F815200A8BA0F817204A8CA0F819208A8CB1F8A210A0F81D10A0F81B20D0F82F1041F4C00141F03001C0F82F107047C14AD2F8C4300360D2F8C80008807047BD49D1F8ac
:80A30000C820002002B9704700B581B000900023D1F8C41092B20520FDF70FFC01B000BD34B50846B34C0021C4F8C410C4F8C81082B0017800250A0640F1F280822933D083290DD0842940D0892946D08B291AD08D2900F0B88090294ED0912975D0CFE004F14400C4F8C40084F846504020C4F8C80003B0832084F84400A048007884F8fb
:80A380004500002030BD04F14400C4F8C40084F845504020C4F8C80084F846508B2084F8440003B0002030BD04F14400C4F8C40003B00220C4F8C800822084F844009048007884F84500002030BD4120C4F8C800C4F8C440002003B030BD04F14400C4F8C40002A94020C4F8C800892084F8440000A8FFF7E0FD36E004F14400C4F8C4002e
:80A400003F214020C4F8C800902084F8440000A8F3F749FE002800F0B5803F20ADF8080004F1450000991522521E11F8013B00F8013B11F8013B00F8013B11F8013B00F8013BF1D1002003B030BD04F14400C4F8C40002A94020C4F8C800912084F8440000A800F092F8BDF80800402824BF3F20ADF80800BDF80800009A04F145010128e5
:80A48000C0F2808010F0030305D05B1E12F8014B01F8014BF9D1800800F0748012F8013B01F8013B401E12F8013B01F8013B12F8013B01F8013B12F8013B01F8013BEDD1002003B030BD04F14400C4F8C40000210820C4F8C8000A4604F1440006C08D2084F8440003B0202084F845004548007884F846004448007884F84700002030BD2c
:80A5000004F14400C4F8C40003B00320C4F8C800422084F844000120A4F84500002030BD891E0E2921D8DFE801F00C08202020202018202120182020100040782F49087014E040782E49087010E0401CBDF80810491EC9B2F3F746FC08E0BDF80810491E89B2401CFFF754FD00E0012504F14400C4F8C400A4F845500320C4F8C800422016
:80A5800084F84400002003B030BD30B585B004460D4603A8F7F739FC00A8F7F73AFC9DF80C0000281DBF9DF8000000288021002116480170BDF801104170090A8170DDF80310C1700A0A02710A0C4271090E9DF8072001F03F0141EA82118171C2F38301C1719DF81010017220603F20288005B0002030BD2C180020DC570020F75F0020f6
:80A60000DA190020DB190020B8370020E86400202DE9F041BA4F0646387A401D00F00700387206F1080482B00320E071207106F1120500202072884601206072012203202870B07B80F00101707800F00F00FAF790F900EBD070C003000C032808BF0420A5F80100206890F83500E87001202883288197F9080000F10801A5F81D10A5F89c
:80A680000D1040000121A5F81F10A5F80F101B300721A5F82110A5F8111000B2D8F84B1000913168C1F3001398F80E10002918BF002B0CD0BDF800103A885118ADF800107A88BDF802105118ADF8021077E000210022002B6AD0B7F90420BDF80010891A09B2CB1C072B17D3CB1D0F2B25D3B7F900309E1C052E09D2BDF8002001EBD17185
:80A70000A2EB6101ADF8001000211BE0002905D5002B0CD4ADF80020002113E00129A8BF012BF7DBBDF800300722D21808E0BDF800306FF00602D21802E0BDF800208A18ADF80020B7F906E0BDF90230A3EB0E0212B2D61C072E17D3D61D0F2E23D3B7F902C00CF10206052E07D202EBD272A3EB6202ADF80220002218E0002A06D5BCF11f
:80A78000000F0CD4ADF802E000220FE0012AA8BFBCF1010FF6DB4FF0070C634404E06FF0060C634400E0D318ADF80230ADF80410ADF8062001993960D8F84B1079602168BDF90030B1F900209A42B4BF01220222EA71B1F90020824207DAB5F90D30821A521CA3EB6202A5F80D20BDF90020D21FD2031214012A02DA0022012307E00B888d
:80A80000083B1BB29A42A6BF1A46022300232B736A81B1F91A30BDF902209342B4BF01230223EB75B1F91A30834207DAB5F91D40C01A401CA4EB6000A5F81D00D01FC0030014012806DA012100202977688302B0BDE8F081498B083909B28842A6BF0846022100212977688302B0BDE8F0810020704700B500F1430181B00830F5F794F92a
:80A88000009001B000BDB0B5044604F11205D4F8477037B3F4F7DDFF01281FD0F4F7D9FF01281ED0287BD7F8D01319B9C00707D40020B0BDB5F91120914201D1800710D5287FD7F8E01719B9C00707D40020B0BDB5F92120914201D1800702D52046EEF7C3FE0020B0BD00207047817B21B9407800F00F00012801D10248704702487047d9
:80A90000881C0020F07701000C78010000B581B00B2A38BF002009D3D0F84720D2F8D433D2F8E42700920422EEF7DAFA01B000BD060077CC00000000200002001027D43030752003030030249C1630249C16000000000C09A70574017401CC2240150600060006000600A200A0000C000C0030249C16A200A0000000400014001400E100f6
:80A9800007000E015A008C016801EF0100001C0276026C0044FDF2FEC2015A0068010000BB009600FA00FA00200300005802B603960018FCF2FE00000000BB0000003200320032003C00140005001400C800B00420030A00E80390015802A000C800E80300000100010408000800983A307514000400290A0127270B290006700036090097
:80AA0000FA0001000300190800005A003C003D013E013F01400141014200430044003100320033013401350136013701380139013A013B01250126012700280029012A012B012C012D012E012F01180119011A011B011C001D001E011F012001210122010B010C010D010E010F0110010100110102011201030113010401140105011501d0
:80AA80003A013B013C013D013E013F014001410142014301440145004600470000010101020103010401050106010701080109010A010B010C010D010E010F011001110112011301140115011601240100000000180119011A0121011C011D011E0100001F0117010000000000000000200100001B01220100002301000000000000000005
:80AB00000000000000000000000000000000000000000000000000000000000000000000000000000000000000000000000000000000000000000000000000000000000000000000000000000000000000000000000000000000000000000000000000000000000000000000000000000000000000000000000000000000000000000000d5
:80AB800000000000000000007F00B200B200B200B200B200B200B200B200B200B200B200B200B200B200B200B200B200B200B200B200B200B200B200B200B200B200B200B200B200B200B200B200B200B200B2007F000000000000000000000000000000000000000000190008000800310003002003B00477CC33EE77CC00002DE9F04Fd1
:80AC000083B0002400F056F900F06CF9FDF754FFFFF736FBA14D2C836C75FCF701F9FCF701F941208DF80400ADF8054000940023032201A90520FCF780FF45F67329DFF860B2DFF86082984EDFF860A2984F11E0F7F7D0F808B10120A866ECF7CCFBA87E002804BFE87E012804D1A86E10B930BFECF7E6FB0020A86605F16C0105F17000dc
:80AC8000FFF734FB40B10120A866FFF737FB012804BF287F002802D0287F01280ED1386840F000403860B86840F04000B860B86820F04000B8600220287701E002280ED10120A8667868000A000608D5C6F804A00020B060052030600320287702E0287F032808D10120A8663068C00303D504202877306002E0287F04281DD1FCF792FAbf
:80AD0000F5F7F6FBFCF7B7FB002086F80D0486F80C0486F8F30386F8F603E02086F8FA03602086F8FD03E02086F80004002086F805040520287701E005289BDB98F8000090B1687F7968490B01F00101884206D07868400B00F00100687701206876EEF769F9002088F80000286A20B972B6F7F72EF8286262B6296A31B32CBB2846142293
:80AD8000ECF79AFC9BF81400400706D5FAF78CFD18B92888A9EB000028809BF81400000707D5FAF787FD20B9698843F68800401A68809BF81400C00603D528886988298068802D62022401E0022C0ED10120A866002000900123296A14220420FCF724F8012812D100242C6200E074B972B63F2105F12900F4F74CFD686262B6012805DB64
:80AE0000102085F82800012411E074B972B63F2105F12900ECF701FC686262B6012817DB052085F82800012401E0012C10D10120A86601230020009005F12801686A421C92B20320FBF7F0FF012804BF00246C62F2F726FEE0B15CB94020A87705F11E0105F17400F2F793FEA87F88B1032401E0032C0DD10120A866002000900123AA7F14
:80AE800005F174010320FBF7CFFF012808BF0024EBF76DFE00283FF4DBAEDCE6C0190020DC5700200000002010E000E080A903000000015007484FF0FF310160064901600648016821F480310160002004490860704700BF10100145583F60FF0430015004700150024803494FF43172ECF7E4BBDC5700203069010070B50D4600F1080644
:80AF00000321F17100F11204012131710022002131720121717203212170817B407881F0010100F00F00F9F724FDA4F80100306890F83510E1700221218321810021A4F81D10A4F80D100121A4F81F10A4F80F100521A4F82110A4F811100321E175E171B5F94B100839C9030914012902DA0021012207E00288093A12B29142A6BF1146a2
:80AF80000222002222736181B5F94D100839C9030914012904DA012000212077618370BD408B093800B28142A6BF0146022000202077618370BD0020704700B581B0817B21B10FF26810006801B000BD00F143010830F4F7E9FD009001B000BD2DE9F047044688B0D4F847A00025EEF78BFBBAF1000F73D0DAF8D023A38BA168B4F8130076
:80B000009E18DAF8E027A38D9F18DAF8D423049201F11408DAF8E427059201F12E09D1F806200692096A0791617D11B10328A8BF801E80B20190DDE9040100910346A27B012104A8F2F720FB30B20390A06800880195001F00B20290DDE9060100910346DDE904010A4601464046FCF74DF898B13FB20397A068408B0195001F00B2029032
:80B08000DDE9060100910346DDE904010A4601464846FCF739F808B9A07BF0B1B4F94B00164988421ABF4010ADF80000ADF80010B4F94D0088421ABF4010ADF80200ADF80210DDE904010A46009B01462046EEF7CAFB284608B0BDE8F0870425284608B0BDE8F08700207047D0F85700C0F3800008B1034870470348704700000080FFFF0b
:80B10000F40A01002878010000B581B00B2A38BF002009D3D0F84720D2F8D433D2F8E42700920622EDF7DCFE01B000BD008000802DE9F041044682B02068000904F1080700F0010604F112050120F871A5F8270088460020C5F82900C5F82D00387200220220387101207871E870032028700020A5F81D00A5F80D00A5F81F00A5F80F005f
:80B18000A5F82100A5F81100A07B80F00101607800F00F00F9F7EDFB01B20329B8BF0320A5F8010003202881B8F94B00801EC20338681214012A02DA0022012107E00188C91E09B28A42A6BF0A460221002129736A81B0F9003055499B1F9A4207DA042A09DB56B14B88D31A1BB2012B01DB012304E0002B01D5022300E00B78EB714A80a3
:80B20000EA790A7003222A83B8F94D20921ED2031214012A02DA0022012307E0438BDB1E1BB29A42A6BF1A46022300232B776A83B0F91A00801F824207DA042A09DB56B18888101A00B2012801DB012004E0002801D5022000E04878E8758A80E87D4870214600A8EFF75AFE0098C5F813000198C5F8230002B0BDE8F08110B50446F1F7cf
:80B28000D9FDA0F277100C2190FBF1F0012809DBB4F813108C22514391FBF0F0401C80B200F060F8002010BD30B581B0D0F84710D1F8D4570022002413460DB1012303E0D1F8C41301B1012253EA020104BF817B002904D0EFF736FD204601B030BDECF7D3F800909DF80000C00704D40424F4F735FF00B11424204601B030BD00207047e1
:80B3000000B581B0D0F8570010F00C0F07D0F4F725FF00280CBF0648064801B000BD06490120087001B0054800BD0000A21B0020F40A0100B0C30000941C00206078010000B581B00B2A38BF002008D3D0F847201368D2F8002400920222EDF7C1FD01B000BD00000428B8BF032055494860704730B500F1080500F1120483B005F10A00e4
:80B3800012313122ECF798F90220E87101202872022028710020687103202070484D6868A4F801000020A07100A8EFF783FD0098C4F813000198C4F82300EFF786FB287828B1F1F73DFD3F4908600020287003B030BD00207047F0B5054681B0002429460120EFF7C2FB064629460220EFF7BDFB0746EFF7BBFD28B1A87B18B9142420461c
:80B4000001B0F0BD57EA06000DD00120EFF7E7FBA0B90220EFF7E3FB80B92868C0F3400050B1022408E0EBF7B6FB032818BF022802D0A87B00B9242444F01004204601B0F0BDD0F85700000900F0010080F00100704710B5044682B0D4F8570010F00C0F1ED1ECF711F800909DF80000800703D59DF80000C00702D4EBF7A7FF98B92068e4
:80B48000C0F3801090B1EBF786FB022818BF03280CD02068C0F3C01141B940F080002060F4F75CFE28B902B0074810BDF4F756FE10B1064802B010BD054802B010BD0000941C0020501C0020F40A0100B0C300004478010000B581B0D0F85730C3F300130BB10B2A02D2002001B000BD00F11202D2F81330D2F8232000920322EDF7F0FC18
:80B5000001B000BD70B50C4600F108060321F17100F112053F49A27B0A7000224978817301213171002171713172032129700021407800F00F00F9F71CFAA5F80100306890F83510E9700221298329810021A5F81D10A5F80D10A5F81F10A5F80F10A5F82110A5F811100321E971B4F94B10B0F90030CA1E12B29942B4BF02EB6301A2EB99
:80B58000630109044914012902DA0021012206E01A1F12B29142A6BF1146022200222A7369810321E975B4F94D10B0F91A00CA1E12B28142B4BF02EB6001A2EB600109044914012904DA012000212877698370BD001F00B28142A6BF0146022000202877698370BD0B49097881730020704720B5D0F8471039B1074D6978EEF7B7F86878ba
:80B6000080F001006870002020BD00207047024870470000F55F00200C78010000B581B00B2A38BF002008D3D0F847201368D2F8002400920522EDF753FC01B000BD816807E002681168536889185B18C36008320260C2689142F4D04A1C8260087870472DE9FF4D00F10801009100270268520801EBC2010191B84600210291039101686b
:80B68000490800EBC101406800F0010501F10804400804EBC00631E000A8FFF7D0FF4FFA80FA0AE000980168081800990290496808180390009808300090029803998842F0D0401C029010F801BD47450CD1B44208BF00F01DF8276805B14F44606800EB070808344745F2D007F801BBBAF1000F0AD51AF1010AE8D14745CDD1B442CBD1d6
:80B70000304604B0BDE8F08DBAF1010AD5D5F3E7012000F001B800002021090326311820ABBEF9E72DE9F00717491848184AB1E8F807A0E8F807B1E8F807A0E8F807B1E8F807A0E8F807B1E8F807A0E8F807B1E8F807A0E8F807B1E8F807A0E8F807B1E8F807A0E8F807B1E8F807A0E8F807B1E8F807A0E8F807E030E031B2F50072D6DC22
:80B78000BDE8F007704700000000005100800451005C000010B5074979441831064C7C44163404E00A68081D511888470146A142F8D110BD08000000380000003BAFFEFF8C4A0000A81C00200002000000000060000000008DFEFFFF0200000002000000500100008D02000000000020A81C000005750100E575010000000000EF750100bb
:80B800000B7601000F7601001D760100F96E0100B76F0100BB6F0100DD6F0100E5700100E970010009710100317101007B72010000000000A9720100FD7201000173010041730100116601006F6801007368010087680100E7680100EB6801000D69010071730100D373010000000000D77301004374010053740100D574010000F00BF848
:80B88000002801D0FFF786FF0020C046C046FFF7B5F900F002F80120704700F001B8000007463846FFF738FFFBE7C046C046C046C046FFF7E3FF000000480047AB780100FFF7FEBFFFF7FEBFFFF7FEBFFFF7FEBFFFF7FEBFFFF7FEBFFFF7FEBFFFF7FEBFFFF7FEBFFFF7FEBFFFF7FEBFFFF7FEBFFFF7FEBFFFF7FEBFFFF7FEBFFFF7FEBFec
:80B90000FFF7FEBFFFF7FEBFFFF7FEBFFFF7FEBFFFF7FEBFFFF7FEBFFFF7FEBFFFF7FEBFFFF7FEBFFFF7FEBFFFF7FEBFFFF7FEBFF800009DFDFFF0000003810081008100810081008100810081008100810081008100810081008100810081008100810081008100810081008100810081008100810081008100810082000001FD00004080
:80B98000F1000001FD000040F1000001FD000040F1000001FD000040ED000080F1000001FD000080810081008100810081008100E300F8FFF400042865002008E9000698600020A00008F30005307500002823F600046865002008E900043C66002003D9000638610020A00008EF0005204E0000401FF60004A865002008E9000454660042
:80BA00002003D90006D8610020A000088100E6000001F9000001D9000001FD0006BC540020200314F70006F85F0020A000088100AD000080C500068000800080008081008100CC000308020704FA0000FFD100000AC90012843A002500960192010C09A705FDFF0000FDFFF00009735A000088380000FF0FFA000C1F2D7A48101407021840
:80BA8000204223138100F200027F007FF4000CED92000001FAFFFAFFFAFFFAFFF90004A593000002F1000CF592000003F6FFF6FFF6FFF6FFF900044D93000004F10001FD93FD00027F007FF4000CED92000001FAFFFAFFFAFFFAFFF90004A593000002F1000CF592000003F6FFF6FFF6FFF6FFF900044D93000004F10001FD93E3000301a5
:80BB00000000408100E9000003FA00023B3B01FB00010103FA00023B3B01FA000003FA00023B3B01FB00010303FA00023B3B01FB00010203FA00023B3B01FB000604030000216301F700010503FA00023B3B01FB00007F8900FCFFC0000308000202C8000220BF02FB0002030002FD00040400030002FD000004FB000001F9000032F1003c
:80BB8000000FD500030102D9F3E8000090FD00068C63002084000BEA000E010000EE020000449508009AFF9AFFFB0002800080F800000BFD00040100010002F900FFFFFFFFFFFFFFFFFFFFFFFFFFFFFFFFFFFFFFFFFFFFFFFFFFFFFFFFFFFFFFFFFFFFFFFFFFFFFFFFFFFFFFFFFFFFFFFFFFFFFFFFFFFFFFFFFFFFFFFFFFFFFFFFFFFFFFbf
:80BC0000FFFFFFFFFFFFFFFFFFFFFFFFFFFFFFFFFFFFFFFFFFFFFFFFFFFFFFFFFFFFFFFFFFFFFFFFFFFFFFFFFFFFFFFFFFFFFFFFFFFFFFFFFFFFFFFFFFFFFFFFFFFFFFFFFFFFFFFFFFFFFFFFFFFFFFFFFFFFFFFFFFFFFFFFFFFFFFFFFFFFFFFFFFFFFFFFFFFFFFFFFFFFFFFFFFFFFFFFFFFFFFFFFFFFFFFFFFFFFFFFFFFFFFFFFFFFFFFF44
:80BC8000FFFFFFFFFFFFFFFFFFFFFFFFFFFFFFFFFFFFFFFFFFFFFFFFFFFFFFFFFFFFFFFFFFFFFFFFFFFFFFFFFFFFFFFFFFFFFFFFFFFFFFFFFFFFFFFFFFFFFFFFFFFFFFFFFFFFFFFFFFFFFFFFFFFFFFFFFFFFFFFFFFFFFFFFFFFFFFFFFFFFFFFFFFFFFFFFFFFFFFFFFFFFFFFFFFFFFFFFFFFFFFFFFFFFFFFFFFFFFFFFFFFFFFFFFFFFFFFFc4
:80BD0000FFFFFFFFFFFFFFFFFFFFFFFFFFFFFFFFFFFFFFFFFFFFFFFFFFFFFFFFFFFFFFFFFFFFFFFFFFFFFFFFFFFFFFFFFFFFFFFFFFFFFFFFFFFFFFFFFFFFFFFFFFFFFFFFFFFFFFFFFFFFFFFFFFFFFFFFFFFFFFFFFFFFFFFFFFFFFFFFFFFFFFFFFFFFFFFFFFFFFFFFFFFFFFFFFFFFFFFFFFFFFFFFFFFFFFFFFFFFFFFFFFFFFFFFFFFFFFFF43
:80BD8000FFFFFFFFFFFFFFFFFFFFFFFFFFFFFFFFFFFFFFFFFFFFFFFFFFFFFFFFFFFFFFFFFFFFFFFFFFFFFFFFFFFFFFFFFFFFFFFFFFFFFFFFFFFFFFFFFFFFFFFFFFFFFFFFFFFFFFFFFFFFFFFFFFFFFFFFFFFFFFFFFFFFFFFFFFFFFFFFFFFFFFFFFFFFFFFFFFFFFFFFFFFFFFFFFFFFFFFFFFFFFFFFFFFFFFFFFFFFFFFFFFFFFFFFFFFFFFFFc3
:80BE0000FFFFFFFFFFFFFFFFFFFFFFFFFFFFFFFFFFFFFFFFFFFFFFFFFFFFFFFFFFFFFFFFFFFFFFFFFFFFFFFFFFFFFFFFFFFFFFFFFFFFFFFFFFFFFFFFFFFFFFFFFFFFFFFFFFFFFFFFFFFFFFFFFFFFFFFFFFFFFFFFFFFFFFFFFFFFFFFFFFFFFFFFFFFFFFFFFFFFFFFFFFFFFFFFFFFFFFFFFFFFFFFFFFFFFFFFFFFFFFFFFFFFFFFFFFFFFFFF42
:80BE8000FFFFFFFFFFFFFFFFFFFFFFFFFFFFFFFFFFFFFFFFFFFFFFFFFFFFFFFFFFFFFFFFFFFFFFFFFFFFFFFFFFFFFFFFFFFFFFFFFFFFFFFFFFFFFFFFFFFFFFFFFFFFFFFFFFFFFFFFFFFFFFFFFFFFFFFFFFFFFFFFFFFFFFFFFFFFFFFFFFFFFFFFFFFFFFFFFFFFFFFFFFFFFFFFFFFFFFFFFFFFFFFFFFFFFFFFFFFFFFFFFFFFFFFFFFFFFFFFc2
:80BF0000FFFFFFFFFFFFFFFFFFFFFFFFFFFFFFFFFFFFFFFFFFFFFFFFFFFFFFFFFFFFFFFFFFFFFFFFFFFFFFFFFFFFFFFFFFFFFFFFFFFFFFFFFFFFFFFFFFFFFFFFFFFFFFFFFFFFFFFFFFFFFFFFFFFFFFFFFFFFFFFFFFFFFFFFFFFFFFFFFFFFFFFFFFFFFFFFFFFFFFFFFFFFFFFFFFFFFFFFFFFFFFFFFFFFFFFFFFFFFFFFFFFFFFFFFFFFFFFF41
:80BF8000FFFFFFFFFFFFFFFFFFFFFFFFFFFFFFFFFFFFFFFFFFFFFFFFFFFFFFFFFFFFFFFFFFFFFFFFFFFFFFFFFFFFFFFFFFFFFFFFFFFFFFFFFFFFFFFFFFFFFFFFFFFFFFFFFFFFFFFFFFFFFFFFFFFFFFFFFFFFFFFFFFFFFFFFFFFFFFFFFFFFFFFFFFFFFFFFFFFFFFFFFFFFFFFFFFFFFFFFFFFFFFFFFFFFFFFFFFFFFFFFFFFFFFFFFFFFFFFFc1
:00000001FF
