; G11T firmware file for LC88+ARM
;
;***********************************************
;* Main FW for LC88 core
;***********************************************
:020000020000FC
:80800000F602D90044028000480280004C028000F202B6005A029E00AE029E007402C90060028000E0028A004A02BE006C02800070028000DC02C600C002C3007C0280005E02DA006002DA006002DA006002DA006002DA006002DA006002DA006002DA006002DA006002DA006002DA006002DA006002DA006002DA006002DA006002DA0083
:808080005602DA005A02DA000000000000000000000000000000000000000000000000000000000000000000000000000000000000000000000000000000000000000000DD77AA556A0512500300FFFFFFFF0081000000000100FFFFFFFF000000000000000000000000000000000000000000000000000000000000000000000000000077
:80810000CE020A02E200EC0109023B00020100E0C8090400000103000003092111010001220A020705810340000209040100010300000409211101000122EC010705820340000100040309041E035700610063006F006D00200043006F002E002C004C00740064002E003403500065006E00200061006E00640020006D0075006C007400a5
:80818000690074006F007500630068002000730065006E0073006F00720016034D0075006C007400690074006F007500630068000803500065006E004481488166819A81B08112034D00530046005400310030003000EE004C00000000010500010042000000040000003000530065006C006500630074006900760065005300750073008d
:80820000700065006E00640045006E00610062006C00650064000000040000000100000040000000000104000200000000000000000100000000000000000000000000000000000000000000010100000000000000000000000000000000000000000000FC28FE8440CB9A870DBE573CB670098807972D2BE33834B66CEDB0F7E59CF6C242
:808280002E841BE8B45178431F284B7C2D53AFFC47701B596F7443C4F34718531AA2A171C7950E315521D3B51EE90CBAECB889193EB3AF75819D53B94157F46D3925297C87D9B498457DA7269C653B856889D73BBDFF1467F22BF02A4154F0FD2C667CF8C08F331303F1D3C10B89D91B62CD51B780B8AF3A10C18A5BE88A56F08CAAFA359c
:80830000E942C4D855C338CC2B535C6952D5C87302387C73B641E7FF05D82B799AE234608FA3321F097862BC80E30FBD65200813C1E2EE532D867EA75AC5D37D98BE31481FFBDAAFA2A86A89D6BFF2D3322A9AE4CF17B7B8F4E13308248BC443A5E524C2008040038040038040FF8000FF8000000900FFFF0000FFFF000000008A008B00f6
:808380008C008D00373180097770002E34D03A3178833D317683DA4D1A374A303B3182093C3100000E100730B7737749D7497771C946B700B771A70DEC3F37318009012D76729D009C009B009A000300030037317A837771002E12F037310000002E0AF032317A8339310000B700030003008A004646823F823D3A310800A746002338467d
:808400000830B8303840F83D0810013067510F2254F07071020DF2DF7C710200494639449046B03000309042B030F03D894609429046803F803D00201CF017461749174977497A49AF7104005446634639310000B7009A0003003031FFFF040DDCFF013067510F22ACDF01259A0003003F30823F823D393162009746002D35460530B530ce
:8084800035405046F03D081006306751092C58F07571520DF2DF79710200144634444546B53005304542B530F53D04465442843F843D002822F0674667496749774979499F710400F44654303331FCFFF34939310000B7007F3003003531FFFF510DD6FF06306751092CA8DF01257F3003003F30FB73FC0FFC73FE0F823F823D3431980043
:808500004646002F6571520D0EF007306651092EF2DF01257F300300764676497649664964494F710400F44654303331FCFFF34939310000B7007F300300042503000025030000250300002503001F30B07F3E00B17A3C00B07A73000AAE07316000873F873D602E04D014028600002FFF73FE0FFF71FE0FC72E1240FF71FE0F0730FF73e5
:80858000FE0FFF71FE0FC72EEE6FB17A0C003731607E777007310100002E50D03731607E512D76723731617E002D76723731627E3631C8FF76723731637E642D76720AAE07316000873F873D602E24F0002DFE73FE0FFF71FE0F632E1240FF71FE0F0730FF73FE0FFF71FE0F632EEE6F5F300300002FFF73FE0FFF71FE0F032EEE4FFF71cc
:80860000FE0F0730FF73FE0FFF71FE0F032EEE6F5F300300002DFE73FE0FFF71FE0F062E04608A028500FF71FE0F0730FF73FE0FFF71FE0F062EEE6FB17A0C00501FBA7A1000642F76464730002CF8DFBA7A1400642F76464730002CF8DFBA7A1600642F76464730002CF8DF4A0185003731607E512D76723731617E002D76723731627E91
:808680003631C8FF76723731637E642D767237312C0176464730002CF8DF3731707E76723731717E102D76723731727E002D76723731747E3631F8FF76723731737E002D76720BBCB27A0500B37A3F000A7A8BFF3731400676464730002CF8DF0AF30AAE07319FFF67090ABE0AF90F7E04600FFC03000CFC0F0003000AF30AAE07319FFFe2
:8087000067090ABE0AF903000AF23531607E57703631FEFF67405772B0AE6740B0BE030000240EF00AF80AAE07319FFF0ABE0AF203000AF10AAE173160000ABE0AF2030043FA42FB3731EFFF43AC764043BC42F940AC764040BC03003731907E7570363180FF65427572757034318FFF4540757243F342F340F23731967E75703509757249
:8087800075703331F8FF35400509757275706542757275704540450975723731977E7570350975727570354005097572757065427572757045404509757247F947FB47FD47AE674247BE3331EFFFF1AE3740F1BE3431DFFFF1AE4740F1BE3531BFFFF1AE5740F1BEF1FE46F946FB46FD46AE674246BE44AE374044BE44AE474044BE44AE09
:80880000574044BE44FE03003731917E76703609767276703431F8FF4640767243F542F540F43731967E76703609767276704640160976727670353180FF56427672767033318FFF3640560976723731977E7670360976727670464016097672767056427672767036405609767247F947FB47FD47AE574247BE3331EFFFF1AE3740F1BEf1
:808880003431DFFFF1AE4740F1BE3631BFFFF1AE6740F1BEF1FE46F946FB46FD46AE574246BE44AE374044BE44AE474044BE44AE674044BE44FE03003731917E76703609767276703431F8FF4640767243F542F540F43731967E767036097672767046401631030076727670353180FF56427672767033318FFF36401631300076723731df
:80890000977E76703609767276704640163103007672767056427672767036405609767247F947FB47FD47AE574247BE3331EFFFF1AE3740F1BE3431DFFFF1AE4740F1BE3631BFFFF1AE6740F1BEF1FE46F946FB46FD46AE574246BE44AE374044BE44AE474044BE44AE674044BE44FE03003731947E76703609767247F13631FEFFF1AAc5
:808980006540F1BA46F144AA654044BA76707609767247F33731FDFFF1AC7640F1BC46F344AA754044BA3631957E67703709677247F53731FBFFF1AC7640F1BC46F544AA754044BA0300002414D03631997E6770370867724BF4F2F44AF448F5030036318A7E6770270967723631997E6770370967724BF5F2F54AF548F503001F30373181
:808A0000407E002D7672B3BC3731747E76720AF8002FFF73FE0FFF71FE0FC72E1240FF71FE0F0730FF73FE0FFF71FE0FC72EEE6F0A7A00000B7A0000B27A0000B07A00003731707E002D76723731717E76723731727E76723731737E76723731607E76723731617E76723731627E76723731637E7672B1BC5F300300002408D001260EF094
:808A8000022606F0BA7A16000300417EF64FBA7A14000300002404D001260EF0BA7A1400642F76464730002CF8DFBA7A1500642F76464730002CF8DF0300BA7A1400642F76464730002CF8DF002404D001260EF078018A00642F76464730002CF8DF030002003731900A77710125802E02F003000025E97FF85FE8A4323D22310100023161
:808B0000010003003731900A7771802E02F00300EC7A010003003731A209777007310400002E10F0417F182037319E09002D76736246030037319E09012D76736246030037319E09012D7673624603003731E4097771012E20F0022E02F003002746873F873D002E38D002310100323F44AE3708274244BE0300002F823F823D00240EF049
:808B80007646363F44AE3708674244BE0300012F7646363F44AE3708674244BE0300012502310100323F44AE3708274244BEC41F373114147F70310007310C00042E28F0082E14F001254C018B003631957E67707708677247F6030044F73631957E67707708677247F6030044F63631957E67707708677247F60300373114147F70310085
:808C000007310C00042E06F0082E02F0030044F63631957E67707709677247F73731E4097771002EE6FF67707708677201254C018B00030000250300002F430D1CD03731460A7670060976727A7302007B73040037318609012D7673674672460300002F430D1CD03731FC097670060976727A7302007B73040037318609012D76736746eb
:808C800072460300002F430D1CD0373194097670060976727A7302007B73040037318609012D767367467246030025463731920A7E7102000225032C02F00300002A0AF0102D7E73020000250300042D7E730200002503008A008B00C0AE012E5AF0C0AE022E04D0C2028D00C0AE032E08F0C4F19B009A000300C1AE7A463B310000082993
:808D0000002B7246B346AE01D9000124E05FA646263F2600CC028F00B0028F008E028F005A028F0026028F00F2028E00B0028E006E028E00DE028F003731A27E3631FFFF76723731A67E76723731AA7E76723731AE7E76723731B27E76723731B67E76723731BA7E76723731BE7E76723731C27E7672C1AE002E42F03731A07E3631FFFF87
:808D800076723731A47E76723731A87E76723731AC7E76723731B07E76723731B47E76723731B87E76723731BC7E76723731C07E7672C4F19B009A0003003731A07E002DBE1F3731A27E002D76723731A67E76723731AA7E76723731AE7E76723731B27E76723731B67E76723731BA7E76723731BE7E76723731C27E76723731A07E7672f3
:808E00003731A47E76723731A87E76723731AC7E76723731B07E76723731B47E76723731B87E76723731BC7E76723731C07E76723731A37E76723731A77E76723731AB7E76723731AF7E76723731B37E76723731B77E76723731BB7E76723731BF7E76723731C37E7672C4F19B009A0003003731A37E3631FFFF76723731A77E76723731c9
:808E8000AB7E76723731AF7E76723731B37E76723731B77E76723731BB7E7672C2AC3731BF7E76723731C37E3631FFFF76723E1E3731A37E3631FFFF76723731A77E76723731AB7E76723731AF7E76723731B37E76723731B77E7672C2AC3731BB7E76723731BF7E3631FFFF76723731C37E7672FC1D3731A37E3631FFFF76723731A77Ecb
:808F000076723731AB7E76723731AF7E76723731B37E7672C2AC3731B77E76723731BB7E3631FFFF321F3731A37E3631FFFF76723731A77E76723731AB7E76723731AF7E7672C2AC3731B37E76723731B77E3631FFFF76723731BB7EFE1E3731A37E3631FFFF76723731A77E76723731AB7E7672C2AC3731AF7E76723731B37E3631FFFFc4
:808F800076723731B77E76723731BB7ECA1E3731A37E3631FFFF76723731A77E7672C2AC3731AB7E76723731AF7E3631FFFF961E3731A37E3631FFFF7672C2AC3731A77E76723731AB7E3631FFFF741EC2AC3731A37E76723731A77E3631FFFF5C1E3731A37E3631FFFF76723731A77E76723731AB7E76723731AF7E76723731B37E76724d
:809000003731B77E76723731BB7E76723731BF7E7672C2AC3731C37E7672D21C8A008B008C008D002A463B464C465D465E01D70005240AF09D009C009B009A0003003731920A7E710200002CEADFB646A6427673363100016B0D26F0032D7E730200C6467E730400D6467E7306007271D446C346EE01D7009D009C009B009A000300012Dfb
:809080007E7302007271002943468401D700A41F8A008B008C003C31920ACF7102007A463B3100001029002B7246B346AE01D90001247450A646263F26009602910028029100FE029000280291005002910028029100280291002802910028029100280291002802910028029100280291002802910028029100280291006E029100C77160
:80910000073100FF39310003970D04D0EE029100C771073100FF39310001970D04D094029200002FCF730200CF7102000125002E0CD000253731C0107771270D08D09C009B009A00030001259C009B009A000300C771073100FF39310004970D5EF0C771073100FF39310002970DB6DF2010C771073100FF39310004970D54F0C77107318c
:8091800000FF39310003970D04D028029200002DCE730200921F3A31C010A771002E04D028029100012E04D068029200052E04D03A029200042DA673022524103A31C010A771062E54F0002DCE730200022510103731C010072D7673002FCF730200022537319A09777139310000B7003A1F3A31C010A771032ECEDFCF7104000730AF7379
:809200000400CF7106004730AF730600042DA673002FCF7302007246C61F072DA673002FCF7302007246B81F3731C010042D7673002FCF7302000225A61F5E01D700052404F028029100AF700200A709C773032DCE730200062FA773C271AC710600AB710400EE01D700C01E5E01D700052404F028029100AF70020017310003C773012Dd4
:80928000CE730200032FA773C271002943468401D700941ECC710600CB710400C2710231FF00D201D300002DCE7302007A1E8A008B008C004A463B31920ABE710200022F012C0AF072469C009B009A000300002432D0BF7302005C46802F750D02707C46C446A34632319A0ACE01C700A746BF730400C746BF730600002F72469C009B0091
:809300009A000300102FBF730200002F72469C009B009A0003008A001F302A466201DA002601AC002E01C800002DFE73FE0FFF71FE0F3631E703670D1640FF71FE0F0730FF73FE0FFF71FE0F3631E703670DEA6F027A0000037A0000047A0000057A0000FC018900022F7A0D12F0122D6A0D04D0080220010F005F309A0003003731900A99
:809380007771802E02D042F63731407E012D7672000200010F005F309A000300AE01D0000401A6003731900A7771802E34F03201AC002C01AC0037311E0B363168A9767337314C0A363158AC767337319A09363194AB7673323101020E01AC000024F4FF03006601D00037311E0B36313ACF767337314C0A36315ACA767337319A09363117
:80940000A8CF767303008A008B003A311414AF703000873FAD702F005742764606311000002C12F047F8F1F846F844F83531CD7E567006095672764606312000002C12F047FAF1FA46FA44FA3531CD7E567016095672764606310004002C04F0EA02950007310008002E04D0E20295000125C60189003B31A209002FB773AE703000863F31
:80948000AD702F005642AF703200873FAD7031005742654605310020002A18F0B5701509B5723431957E45703509457247F5F1F444F446F5654605310040002A24F0B5702509B57243F4F0F442F440F5D9F2D9AA15310C00D9BAD9F103AA0531CFFF450903BA002C2C00B6703609B6723531907E56707608567243F242F240F3D8FAD8ACc8
:809500001631C0FFD8BCD8F903AC0631F3FF260903BC764606310300022C04D0FC0295003431E409002B457344F6754605310C00042A04D0D0029500082A04D0D002950046F63331957E35707508357247F6F1F6022C04D00602960007311000002E06F0B7704709B77201254C018B00AF703200873FAE7031006742764606312000002C55
:8095800006F0B6705609B672764606314000002C10F0B6706609B67243F8F0F842F940F8C5FE07318000002E10F047F4F1F444F446F43731900A802B757347FCF1FC46FC44FD47FEF1FE46FE44FF9B009A00030046F73531957E56707609567247F7F1F6761F0025C6018900881E6E018900AF703000873FAE702F006742641E43F8F0F860
:8096000042F840F91A1F46F741AA05311000853F853D5646B63006305642B630F63D06304673341F8A008B008C008D008F512C463D463231F8FFF2491E01D900FC71F80F4A461201D900C272DA700600B2300230DD7006005242B230F23D4C018B00C670062C04D0A4029700DF700600B7300730F73D573FDE700900654605310100002A9e
:8096800002F0170906310200002C02F04709DE700800863FDD7007005642002C04F022029700DD700100853FD4704542CD720200853DCD720300DD700300853FDC7002004542CD720400853DCD720500CE720600863DCE720700CF720100DD700400CD721000DE700500CE721100DF700B00002E34D0002FCF720800CF720900CF720A000c
:80970000CF720B00CF720C00CF720D00CF720E00CF720F004F31F8FF9D009C009B009A00030007097C1FDF700D00873FDC700C004742CF720800873DCF720900DE700F00863FDF700E006742DE701100863FDD7010005642CF720A00744665465346853D843D833F3442CC720B00CE720C006746873D07313F00DE7012006546653F57426c
:80978000CF720D00263D06310700CE720E00DE700A00CE720F004F31F8FF9D009C009B009A000300DF700600002E04D078029800DD700900A746273D073103005740B7300730F73D173FA646463D063103005640002C02F04709A646063103005640002C04D0C40298003131880916716A466B46FB372A510B530429002BA246B346F973c1
:80980000FE0FFE73FC0FFF73FA0FAE01D900F971FE0FFE71FC0FFF71FA0F01240450180299006A466B46FB372A510B530429002BA246B346FF73FA0FAE01D900FF71FA0F0124045030029900CF720100DF700100873FD6706742CF720200873DCF720300DF700300873FDC7002004742CF720400873DCF720500621E3131880916716A46e7
:809880006B46FB372A510B530429002BA246B346F973FE0FFE73FC0FAE01D900F971FE0FFE71FC0F01240470002F761F2A3F2A00860299006C029900A802980080029900480299003131880916716A466B46FB372A510B530429002BA246B346F973FE0FFE73FC0FFF73FA0FAE01D900F971FE0FFE71FC0FFF71FA0F0124047022029800d7
:809900002A3F2A0014029A00FE029900F2029900BA0299003E029A002A3F2A0092029900EC029900E00299009E029900C00299002A3F2A004A029A000E029A0070029A00B202990054029A0001291473282F012D002BCD720600CD720700CF720100863F863D002C04F0DA029600E01E002D1673002F012D0029CC720600CC720700DA1F89
:80998000002F1773EC1F3531FFFF1573202F012DBE1F3431FFFF14735709012DB21FDE700800863FDC7007004642002C04F074029A0017312800002D961F002D1673B21FDD700700DE7008006446843F5442002804F05C029A00012D167317312800701F012D167317312800002D641F002B1573801F3531FFFF15735709002D521FDE703d
:809A00000800863FDD7007005642002C6CD05709002D3C1FDD700700DE7008006446843F5442002804D092029900863F564217312100CE720600863DCE7207000A1E0129147317312800012D061FDD700700DE700800D61FDD700700DE700800863F564217312400CE720600863DCE720700D81D002D001F022B1573E61F3431FEFF14730f
:809A8000AC1F3731900A7771802E24F04E01AC0010242AF000253731A2097670063110006746B73007306742B730F73772400300373198137771002EDAFF0125D81F4001AC0027460225002ECCDF0125C81F8A006201DA004A0185003A3114140025AB70310003310300BA018A0044F5F1F5C5F33731407E012B75723731E6097771767130
:809B000035315555560DF6DF3531957E56703609567247F5F1F444F446F5002D767376713531AAAA560DF6DF44F5F1F53731407E002D76720025AB7031000331030094018A000025200187000801870000258E01DA009A0003008A003A311C0BA771032E04509A000300B0018B003731A209777007310200002E06F0C5F344F5F1F5373102
:809B8000407E002D7672FE01D500D001C4000025373114147B7031000331030094018A00002FA773C5FA9A00030037311C0B7771002E02F003003731040A002D76733731460A76733731FC097673373194097673FE01D500D001C4002401C5000025373114147B70310003310300BA018A003731A209777007310200002E06F0C5F244F56a
:809C0000F1F53731407E012D7672F8018B0003008A008B008C008D003F3082019A00FA73FE0F16018B00FA73FC0F3C31E809C6716D463B3100000429002B6246B346AE01D900FF71FE0F01244A50D446243F24009A029D0064029C0056029D0082029D0036029D00002FC7733A311A0B002DA6737A466B461A550B570329002BA246B346fc
:809C8000AE01D900012418704A018500F8018600AA019B007F309D009C009B009A0003002A3F2A00F4029C00DC029C00B4029C000E029D0056019B004A0185003731900A7771802E04D0EC029D000125200187007F309D009C009B009A00030056019B004A018500F80186007F309D009C009B009A0003004A0185003731900A7771802E6c
:809D000004D0F8029D00012520018700821F56019B003731900A7771802E04D0EC7A0100002520018700080187007F309D009C009B009A000300012E04D094029C00FE71FC0F012C04D064029C00022DC67367463A311A0B161F012E04D004029E00FF71FC0F012E5EF03A311A0BA771142E045094029C00E2018A00002460F0032FC773df
:809D8000EA1E4730012E4870FF71FC0F012E34F0022FC7733A311A0BD21E012E74F0FE71FC0F002CEAFF3A311A0BA771142E045094029C00E2018A00002420F0012DC6736746A81E002DC67367463A311A0B9C1EE2018A00002404F04A029D00C7717D0D04D094029C003A311A0B801EEC7A01000025200187009C1EEC7A010000252001db
:809E000087008C1EE2018A000024D0FF022DC673821EE2018A00002404F090029D00BC1F002424F037311A0B002D76733731FA0976733731E8097771670D02D003004A018500F8018600030037311A0B002D76733731FA09012D767303008000810082008300840085008600870088008900D8FA3731900A7771802E1CF0012520019E00ff
:809E8000990098009700960095009400930092009100900002003731A209777007310800002ED6FF37319813002D7673CC1F8000810082008300840085008600870088008900D97E0400D97F2A10167E0400167F161099009800970096009500940093009200910090000200167A1000002520019E00DE1FD9F2012520019E00187BE70358
:809F00001C7A0400C41F8A008B008C008D004F3116004001870037319E09012773733731E409002B75733731E6093631002076733731E80975733931FA09957337311A0B75733C31900A41AE0731C000C77352468E01DA003A318E0A0027A3733D319209012BD5733B31040AB3733631460A63733731FC0973733931940993733531A009df
:809F80005373C57A00003631A2096373FE01D500D001C4002401C5007001C1003731407E012773723731427E7372002B36311C0B6573C5FA1C7A00001D7A00001E7A84FF167A1000177A040003AE0731CFFF470903BE147B0900167A1400C771802E04D0FE02A500A27101240470D002A200002FFF73EA0F39311C0B9771032E065001277d
:80A00000FB73EA0F012404D02402A400D671012C06F0012DFE73EA0F012E04D0E602A400032E04D0A002A40090019000002406F00127FB73EA0F3531460A577007310100002E2AF0012DFE73EA0F002F3931860997735F710400402E04507602A4003531460A5770070857720125A601C5003631FC09677007310100002E04D01202A3007a
:80A08000012FFF73EA0FB770764606310200002C04D0EA02A200A671012C04D0EA02A20035319409567006310100002C1EF0012DFE73EA0F764606310400002C04D01A02A300A671012C04D01A02A30007311000002E04D08202A300012FFF73EA0F39314C0A97713231010239310000B700052404D04802A500C771802E0CF04E01AC00f1
:80A10000102404D0DA02A500B770764606310200002C24F00127FB73EA0F764606312000002C14D035319C095771142E04D0C402A500B7701708B772764606310400002C04F0F002A30007312000002E04F0AA02A300A771012E06F0D771012E0CF0C0AE002E04F0E402A200C4F0C771802E0EF04E01AC00102404D09C02A400C5F0417Ff6
:80A1800004101602A300C5F73331A209377007314000002E0CF0407E04406002A400C37F8C733531A0095771002E06D0012DFE73EA0FFF71EA0F002E0CF0167A1000147B0900167A1400167F0610012FFF73EA0FFF71EA0F002E04F0E4029F003931E8099771002E34D000273531FA095373167A1000147BE703167A150036318609677184
:80A20000370D04D06A02A40010019C003531E8095771002E04D0BA02A200012E04D04602A400022E28D0002D3731FA097673167A1000147BE703167A1500393186099771670DC4DFAA01DA003331E8093771032E04D02C02A400042EAEDF3931A209977007310200002E14F000273531FA095373167A1000147B8713167A1500AE01DA002f
:80A280003631A209677007310200002E04D00802A2003931FA099771002E04D00802A20000279373CE019A0010019C003531E8095771002E04F01A02A200167A1000147B0900167A1400A27101240450EE029F001601930000254F31EAFF9D009C009B009A000300D4018C007E1E00273531860953733631FC096F710400402E045006028f
:80A30000A5003331FC093770070837720225A601C500B7708A1DC5F66E1E002F393186099773333194093F710400402E36503E7102006670052C04D03E02A500102C04D03402A5003331020A3773353194095C7104005B71020032314E0ACE01C700B7702709B772363194096770070867720325A601C500B77007311000002E04F0D80242
:80A38000A00028293331060A0025CA01C100002406D0B7704709B772B770764606311000002C04D00A02A1002E1D0127FB73EA0F35314C0A57713231020239310000B700052404D06802A500C771802E04D05202A1004E01AC00102404F05202A1004001AC00002404D05202A100FC01BE00621D012DFE73EA0F39314C0A97713231020242
:80A4000039310000B700052404D09802A500C771802E0CF04E01AC00102404D0EC02A500B770221D012BFD73EA0FE01B353186095771002E04F00802A200AA01DA003631E8096771101E333186093771002E04F00802A200AA01DA003531E8095771C21DC37F3E7D40F8C5FE381DAA01DA003931E8099771A41D5F710200FF73FE0FA401cb
:80A48000D500FF71FE0F72723331460A3C7104003B71020000253E01C200C21BC5F1DE1C042D37311C0B7673060194000025393114149B7031000331030078018A003331A0093771002E04D08A02A5003931A209977007312000002E48F00127353184095372C5F4421B002B54463331000104251C019000042404D0BC02A5000227353149
:80A500001C0B5373221B39319C09977374466B7102003231A409CE01C700B7701709B772E01D022D373184097672C5F5FA1A40F9C5FF6E1C152F3931020A97730C1E3B2B3631020A6573021E33311E0B3771002D012B28293331060A323101026946B700B7704708B772A21B33311E0B3771002D012B12293331ECFFF349323102026946e8
:80A58000B700B7705708B772C81B9C019300012B3631A0096573341F33311E0B3771002D012B3931020A947133314E0A323102026946B700B7702708B7728A1B39311C0B97715C1A3331A4093231ECFFF24924019600B7705709B772581B4001AC00002404D00802A100FC01BE001C1B4001AC00002404D02002A400FC01BE00221E9A017b
:80A60000D000E0198A003731CF023431D002012D333114141610462A04D01202A70006300730043031310B02160D3CF07D70FF0F262AE2DF7570A02A04D03E02A700A42ADCDF4170A422D6DF3D701800853F3A70170025427572853D457206300730043031310B02160DC4DF002D3431E2002810472A04D07A02A70067460730262A3CD073
:80A68000454675495170C02204D0AA02A8003131EB01170D32507646474667497570272ACEDF67460730424672492570B02A04D02A02A800B22A04D08802A800674607303131EB01170DCE7F3E703400863F3A70330026423731D8047E720800863D7E7209003E703600863F3D70350056427E720A00863D7E720B003E703800863F3B709e
:80A70000370036427E720C00863D7E720D009A0003007570A12A44F0A32A04F01E02A6004570A32A04F01E02A6003D701C00853F38701B0005427572853D4572E01E4070A02004F01E02A6003D701600853F3970150015427572853D4572C21E4270A12404F01E02A6003D701A00853F3870190005427572853D4572A41E674607304246dd
:80A7800072492570B12A66F0B32A04F08E02A6006546153045495170B32204F08E02A6006146213041491070B32004F08E02A6003F702800873F387027000742277279463F702A00873F3A70290027427A46A2468A3D893D823F294290465072177245466549873D5F72040067465751A01E6546153045495170B12204F08E02A600614662
:80A80000213041491070B12004F08E02A6003F702400873F387023000742277279463F702600873F3A702500A01F6746173047497570B02A04F0BC02A6006146213041491070B02004F0BC02A6003D702400853F387023000542257259463D702600853F3A70250025425A46A2468A3D893D823F294290467072157247466749853D7D7277
:80A88000040067465751061E6546153045495170B22204F0BC02A6006146213041491070B22004F08E02A600061F163046496270C02404F08E02A6003A702C00823F38702B0002425272823D6272C21D2F700300873F36310021670D0CF036310022670D26F0012503002F700500873F2A7004002742002E4EF0012E06D036313381367372
:80A90000092F4773002503002F700500873F2E7004006742012ECA5F35310081273F574976713673002CBAFF2F700500873F2A70040027427749073077495749777147730025030037311A813773092F47730025030002250300022503000225030002250300CA01C0000300D201AD0003008A008B003A464A302B460B302270A446B3460c
:80A98000EE0184002746873F873D002E06F0042E08F002259B009A0003003731C0107671002CEEDF052D7673B6467E730400A6467E73060001259B009A0003008A008B001F302A463B462A700300823FAE70020062422746873D032E32F0AF700700873FAE700600674247733731D0103773AF700300873FAE70020067423631C0106F73b1
:80AA0000020002255F309B009A000300AB700500833F823F823DAF7004007342FC73FE0F6C018400AF700700873FAE7006006742FC71FE0F47733731D010B773AF700300873FAE70020067423631C0106F7302002746873F873D002E0AD0477136312C01670DA07F02259C1F8A008B008C008D002A463C464B462A700300823FAD70020026
:80AA800052422746873D012E04D00202AB003D310100032E26D0AB700500833F823F823D4546C446AE7004006342EE0183002D46AA700300823FAF70020072423731D0107272D746873F873D002E14F0042E48F03D310200D2469D009C009B009A000300B47135312B01540DE65FC3713231D110CE01C7003631D010C673B7710730B77317
:80AB0000D21F3731D01072723D310200D2469D009C009B009A0003003731C0107671002CAEDF012B7573AE700300863FAD70020056427E730200002D7E7304007E7306003D310100D2469D009C009B009A0003002E7001000B2C0670012D62460300012F673E754605310C0C022D002AECDF764606310002002C12D007310200002ED8FFc9
:80AB80006801AA00264662460300BC01A9002646624603008A008B008C002B463A31C010A771042E20F0002E0AD000259C009B009A000300002FA773D401B60000259C009B009A000300002F720D2ED0AC71060037312B01740D22503C31D010AF700200C772AB7104003231D110CE01C700AB7106000330C246FE01B500002FA773B246f0
:80AC00006001B60000259C009B009A0003005801AC002746273105007246B23002307242B230F23D03003E01AF0003004801B10003007801AF003731C010002D76730300373102127270623D023101000300373102127A7002000300002B2746873F873D002E02D0012B002D34310212447004311800082802F0012D6542853F853D002Abf
:80AC800040D0042E3C50363108127546253F573F574D67497F701100002E26F00231FF002746273F523F724D62492F701100273109007246B23002307242B230F23D32300300032503002546853F853D343108125646263F5746573F674D464676496F7010006E711A00670D027067465646363F564D0630263F4649667167720125002E86
:80AD00005EF05346233F5646563F364D463118126670670D4C105346233F5646563F364D4631221266715146213F5346533F134D4349764D3E731A0043311800367161467149317353465349453F354D05305549454955715571646054624730002EF6DF03005246223F5346533F234D433122123371360D06F036460025AA1F5246223Fef
:80AD80005346533F234D43311A123370233D033101003246B23002303242B230F23D861F823F823D2646263F2746573F674D47311E127771002E14D02646263F2746573F674D47311A12767026097672C601AC0003008A008B008C008D002A463B464C465801AC0005240AF09D009C009B009A0003008A3F8A3D3D310812A646263FA74641
:80AE0000573F674DD749B6467E7314007E731800C6467E7316007E731A007546453112005670260956727F700F00802E26F0A746273F5A3F7A4DDA49072FAF721100AE710C0067703709677201259D009C009B009A000300A646263FA746573F674DD749062D7E721100A246A001AD00823F823D01240CF0A746273F5A3F7A4DDA49BE1F28
:80AE8000A646263FA746573F674DD7490A2D7E721100E01F27460025873F873D7646263F573F674D47311E127771002E02D0012503002446843F843D333108124646263F4746573F674D37497D7106007E711A005770670D027067464546253F4646563F564D6349324642311800267135715571614671492173324642311A002371734D75
:80AF000023730125002620F000254346233F543F344D443118124470470D0C100125002E0AF0546064624730002EF6DF0300002404D0B2F203000124FADFB2F303008A003A310212A77007310100002E26F0817A0000807A030003AE0731FCFF03BE04AE0731CFFF04BE00252E01AF00002FA773AF7202009A000300373102120025727328
:80AF80007A7202007A7203007A7204007A720500373100127273373108123631087E767336310A7E7E73020036310C7E7E73040036310E7E7E73060036310F7E7E7308003631827F7E730A003631837F7E730C003631107E7E731C007E731E003631127E7E7320003631147E7E7322003631847F7E7326003631857F7E7328003631187E4d
:80B000007E7338007E733A0036311A7E7E733C0036311C7E7E733E003631867F7E7342003631877F7E7344003631207E7E7354007E7356003631227E7E7358003631247E7E735A003631887F7E735E003631897F7E7360003631287E7E7370007E73720036312A7E7E73740036312C7E7E73760036318A7F7E737A0036318B7F7E737C00b7
:80B0800081B4807A03002E01AF0003003431608337311612002B323108125346233F5646563F364D46311A1263700331FCFF6372467076724E7001007E7201004E7002007E720200002D7E720300002D7E7306007E7308000530243047311C00052ABADF2F710C0076722F7108002E701000767227713631A01276732F71020076732E73da
:80B10000A000827A00002F712800042D76722F712600402D76722F714400042D76722F714200402D76722F716000042D76722F715E00402D76722F717C00042D76722F717A00402D767203008A003A310212A77007310100002E30D001252E01AF00807A030080FB81FD81F9012FA773AF72020003AE0731FCFF070903BE04AE0731CFFF1b
:80B18000470904BE8C01B0009A0003000021823F823D002402D001213431638337313212002B3131081205305346233F5646563F364D46311A1263700331FCFF6372467076724B7001007B7201004A7002007A72020000257A730800FF2C04D05602B200064626426246823F823D00244EF000257A720300264604257B71FE0F32727B7129
:80B20000FC0F3672243047311C00042A98DF373130131F7330001F711C003231301372731F711E0072733631F0121E734C001F71380076731F713A0076730300092D7E720300833F833D402D323184FF8026A8FF323180FFA21F0125861F3731017E363180FF767237310212032D76737E720200002D7E7203007E7204007E7205008C011f
:80B28000B00037310812082D7E7211007F710C00363180FF7672817A41003731007E002D7672827A4000817E067081FE817FFA7F80F680F50300807AE4FF363102126570574647086772053108005746B73007305742F73707310C0027306F72020081F881FD81F10300807A2000102B81BA373102127670460976727D720200373100121e
:80B30000002D76730300823F823D012404F00225030037310212767006310400002CEEFF76706609767200250300823F823D012404F00225030037310212767006310400002CEEFF76706608767200250300823F823D002446D0373102127670002B833F833D00263AF0863F863D6746273D5740002E12D0002B04260250012B6746373Dac
:80B380005740002E16F03746273F533F734D43311A123770070937720025030002250300012BC21F823F823D002448D0373102127670002B833F833D00263CF0863F863D6746273D5740002E12D0002B04260250012B6746373D5740002E18F03746273F533F734D43311A1237700731FCFF37720025030002250300012BC01F373102129f
:80B400007670654605310400022F002A1CF006310800002C18D03731A012002D76723731A0122773012D3673002F724603003731A012012D7672E61F002D823F823D01240250012D373102127770373D67400225002E10F03731A012002D76723773012F477300250300002D823F823D01240250012D373102127770373D6740002E0AF066
:80B48000833F833D0025230D02F002250300373102127670654605310400022F002A28F0063140006746B73007306742F7370731020007303631A0126772002F6F7201002673022F3773002F72460300373102127670002B823F823D002402D0012B863F863D6746273D5740002E14D0002B012424706746373D57400225002E02D003007d
:80B500003731A012002D76727E7201003773022F477300250300012B6746373D57400225002EDAFFDA1F37310212757000232746873F873D002E02D00123853F853D5646263D1640002C14D00025042E38705646363D26400225002C02D003003631A0127546253F7246523F524D42311A122770073101006772002F6F7201003673022F6a
:80B5800047730025030001255646363D26400225002CC6FFC61F2546373102127670063108000225002C0CD07D720300767076097672002503002546373102127670063104000225002C10F05646863F863D002C08F00025012C14700300072D76737E72020000258C01B100002503000F2D76737E72020001258C01B1000025030037310e
:80B600000812363180FF7E720F007B7316007B731A007A7314007A731800022D7E721100030037310812002D7E720F007B7316007B731A007A7314007A731800042D7E721100030037310812002D7E720F00002D7E7316007E731A00042D7E72110003008A00002420D03A310812AF700F00802E30F0AF711600002E16F083F7042FAF7218
:80B6800011009A0003000124F8FF83F99A00030083AE17310A0083BE052FAF7211009A000300AF7012002709AF7212000025A001AD00823F823D2746B73007302742B730F73D032D764DAE72110083AE1731090083BEAE1F00240AD083AE17310A0083BE030001240AF083AE1731030083BE0300030080008100820083008400850086001a
:80B70000870088008900012520019E00817E0470817F2C60817E0450817F2A40807E0430807F162099009800970096009500940093009200910090000200E601B200E41F5A01B200DE1FB601B200D81F8A008B002A468A3F8A3D3B310812A646263FA746573F674DB7497F701100072E04D0EE02B7000A2E36F0062E06F09B009A000300c1
:80B78000A246C601AC00823F823D002404F03002B800A746273F5A3F7A4DBA49AE710C006770370967729B009A000300A646263FA746573F674DB749092D7E721100042F7A0D22F0A646263FA746573F674D7B49BC711600BF711A00A2469209744DBB7114006201A900C5F89B009A000300A246B201AE00823F823D002496FFA646263Fa7
:80B80000A746573F674D7B49BE710C00677037096772092DBE721100BC711600BF711A00A2469209744DBB7114006201A9004A1FA746273F5A3F7A4DBA49AE710C006770370967720A2DAE7211009B009A0003008A003A46002B35732F700300873F2E70020067427646063100FF35310002560D04D0F402B80035310003560D4AF03731f9
:80B880000001760D20F0CC01A800823F823D002404F03802B900A7710025270D04D02402B9009A0003002F700700873F2A7006002742122E04702A02B90047733531D804A57300259A0003000731FF00042E50503631B88177497649667136732F700700873F2A70060027426670760D027076464673A21F2F700700873F2A70060027427c
:80B900003B2E0E50477336310881A67300259A0003003B2F477336310881A6730025EE1FEE2E1EF002259A000300122F47733531D804A57300258C1F002BA57302259A0003003731C28137732F700700873F2A7006002742122E0270122F4773381F8A008B008C008D008F512D463C310812012BCD721100002DFE73FA0F3431E0124572fb
:80B9800026706546853F853D432A1050402A04103C02BA00032F4772022F4810A32A5470654645314000853F853D032A04509E02BA00002E2ED0D670FB71FA0FA630002C04003402BB00002604F06802BB00002DCE720F00002FCF731600CF731A00042BCD72110072464F31F8FF9D009C009B009A000300A02A04308002BA00812A04D022
:80BA0000AA02BB00822A04D08202BB00802AA2DF2E700100062C04D09202BC00082C04D02E02BC00002C8ADFF3464331FAFF3231F8FFF2498E01B4002746761F022A72F0022A2C50002A04D0DA02BA00012A04F0B202B9002D7001000B2A04F0B202B9002A700400DB7002006601B4002746421F4631E0FF863F863D032C0470B202B9002b
:80BA8000022D4672F4464431FAFF3331F8FFF349D2465001AB002746873F873D141F032F47722D700100EE2A04D0DA02BB00022F321F2E700100012C04D0A802BC00032C04F0B202B9002A700200DB70040003317F004E01B3002746D81E2C700100002B4A465B461A550B570829002BA246B346FE73FC0FFF73FE0FAE01D900FE71FC0Fb7
:80BB0000FF71FE0F01240470B202B9002A3F2A008602BC00B202B9007A02BC00B202B9004E02BC00B202B900B202B900B202B9004202BC00FF71F80F363180FFCE720F00CB731600CB731A00CF731400CF731800022FCF721100002F72464F31F8FF9D009C009B009A000300FA71F80F2201B600002F72464F31F8FF9D009C009B009A0095
:80BB800003002D700100002A04F0B202B9002A70040002317F00F4464431FAFF3331F8FFF3492601B5002746081E2E700100062C04D09202BC000A2C5CF0002C04F0B202B9002A700400F4464431FAFF3331F8FFF349CC01B4002746D81D2F700500873F2D7004005742042E04D0BC02BC00052E04F0AE02BA002B700700833F2F70060099
:80BC000073424C2602704C27FB73FA0F3531D481FD73F80FA61D2A700400F4464431FAFF3331F8FFF3493801B4002746841DF3464331FAFF3231F8FFF249FC01B3002746701DDA700200B601B5002746641DDD700300853FDF700200754237310212747004310800002804F0AE02BA007D7203007570750975720027421DDA700200060195
:80BC8000B30027462C1DDA7002002A01B3002746201DF4464431FAFF3331F8FFF349D2465001B80027460A1D2A700200DB70040003317F00A401B3002746F61C2B700700833F2F7006007342402602704027FB73FA0F35312082FD73F80FE01C8A008F513731027E777036310E7E667082FE07310300022E04D0B802BD00032E5EF0002Eca
:80BD000052D03A310812AF701100032E04D00602BE00042E3ED00025B201AE00823F823D002404D03C02BE003731E01277700025012E16F00225270D10D0AA711400AB7116006E01A900823F823DD401B600052DAE7211004F31F8FF9A0003003731F8FFF7493631A012667076623631A112667076623631A212667076623631A31266702d
:80BD800076623631A412667076623631A512667076623631A612667076623631A712667076723231F8FFF2495E01B9006001B6004F31F8FF9A0003003A310812AF701100032E50F0052E08F0022E52F083F9841F37310212767006318000002C28F07670760876727D7003003631017E65726670002C4CF0072D76737E7202003631017Ee6
:80BE0000677077086772082FAF7211004F31F8FF9A00030083AE17310A0083BE361F0025C601AC00823F823D002406F0032DAE72110083AE1731090083BE181F83F7141F032D76737E720200BC1F8000810082008300840085008600870088008900012520019E0037310212777007310200002E46F082AC82AE673D763D6740002E4ED022
:80BE800084AC84AE673D763D6740002E50D086AC86AE673D763D6740002E4CD088AC88AE673D763D6740002E48D08AAC8AAE673D763D6740002E1CD099009800970096009500940093009200910090000200DC01BC00E41F8AFE04254C01B700DA1F84FE01254C01B700D01F86FE02254C01B700C61F88FE03254C01B700BC1F3731021261
:80BF0000777007315000502E02F00300373100127671002CF4DF012D76736201DA003731007E0D2D76720E7A10000E7A50000E7EFC3F3731007E002D767200258E01DA00C5F903002646263F423F26493731CE00674973737C7312000300002B3731CE002646263F423F264967497E7108007F710600760D04F052460300012B5246030079
:80BF80002D710A002F71040040465246D00006463046D00002467249544673466349CE01C70003008A008B008C008D003F302A462F7108002E710600670D6E102E70020006310100002C6EF02A710C00A87110000030C000F973FE0F164610460030C000F973FC0FAD710E005D46510D2EF01B466C46B446C346A2468001BF000C300B30da
:80C00000BD0DEEDFD6460630F971FE0F1649FD71FC0F5746B7307649AF710800AE730E00AE710A006749AF7308007F309D009C009B009A0003002871100000302A710C00C000A9731000AE710A006749AF7308007F309D009C009B009A0003008A002A462A710E004046D000AA7104000249AE710800464DAE730800CE01C700A8710E0039
:80C080000030AA710C00C000A9730E009A0003008A002A466201DA00A646263F4A3FA6493731CE006749002D7E730E007E7310007E7106007E7308007E70020006087E7202007601DA009A0003008A008B008C004B463A31CE00A671042F260D0AF072469C009B009A000300AF70020007310400002E04D0002FE61FAF7002000708AF7231
:80C100000200A246A401BF00AE710800AF7106003C310000760D1630DA1F3231CE00A401BF00AE710800AF710600760DC61FAA711000B046D000AB710400AF711200002D6546B4460349A271C946B7000224CAFF01240EF002249CFF00259001C000002F7C1FAF7002000709AF720200002F6E1F00259001C00003008A008B002B463A46cf
:80C180006201DA00B646263F4B3FB6493731CE0067497D7108007E7106003B310200650D1C107C710A007A7110004046D0007B7104000349A246CE01C7003B3100007601DA00B2469B009A0003008A008B008C002A463B466201DA00A746273F4A3FA7493A31CE007A49AE710800AF7106003C310200760D3A10AC710A00AA711000404654
:80C20000D000AB7104000349B246CE01C700AF710800AE710A006749AF730800A87110000030AA710C00C000A97310003C3100007601DA00C2469C009B009A0003008A008B008C008D001F302B463D464C466201DA00B746273FB646463F67493A31CE007A49AF710800002E2CD0AF700200073102000125002E18D0FA73FE0F7601DA003f
:80C28000FA71FE0F5F309D009C009B009A000300A246A401BF00C446D346A2465C01C000AF700200073105000025042ECADFAA711000C046D000AB710400AF711200002D6546C4460349A2716946B700012418F002240AF0B2469001C00003259A1FA246A401BF000025901FAF7002000709AF7202000025821F3731EA047E7102000608f4
:80C300007E7302007E71020016087E7302007E71020036087E730200002D7E730A00042B7D7306007E7312007D71020025087D73020037317013767390BC05AE0731CFFF05BE030037317013727303003231EA0403003731EA047E7102003531FEFF56407E7302007E7102003431FDFF46407E7302007E71020036087E730200002D7E7343
:80C380000A0004277B7306007E7312007E71020026087E73020090AE474090BE90A6534090B690F905AE0731CFFF470905BE0300032503000025030090F290F190F7030080008100820083008400850086008700880089008A008F513A31EA04AF7102004709AF730200907E0410907F3000907E0660907E024090FCAF7102004708AF73db
:80C4000002004F31F8FF9A00990098009700960095009400930092009100900002003731587E75717E710200373170137771002E2AF0FD73F80FFE73FA0FFD73FC0FFE73FE0F08293331F8FFF349022539310000B70090F2002496FF90F7921F90F28E1F37318013727303000325030000250300373180137771002E06F039310000B700b0
:80C4800000250300B801C30003004C01C30003005201C30037317C13012D767337317E13002D76730300F601C200323170C44401C300002F36318013677336317A13677336317C13012B657336317E13677303003731821300277373C77A0000C87A000005AC0631F3FF05BC35310005374636463231FE045773744644310020002743736d
:80C500004B7302006346433F234934700431E1FF34725C7102004749063045311000062CD2DF030034310005002F3331FE0418107546453F354956700631E1FF5672073044311000062E20F07646463F3649667006310100012CD8DF467146310020002B65736D730200C81F37318213012D7673C77A0000C87AFFFF05AE0731F3FF27090d
:80C5800005BE03000231FF00032F052414503731FE04423F27497670163D06310100052F674D72460300C9AC012F273E7642C9BCB730C9AC7640C9BC03008A008B008C002B462746473F3A31FE047A49AF710C00AE710A00670D6A10AA71020042310020AD710400002E6AF0002924736C463C307C4D5C0D02705C467C30C6462E730200e3
:80C60000C749AF730C003230C446AB710800CE01C700AF710800C749AF730800A7702709A772012FB73EC9AC7642C9BCC9AC7642C9BCB730C9A87440C9B89C009B009A000300A7700731F9FFA7729C009B009A0003002673961F8A002A46052F720D1E502646463F3731FE0467497670654605310100002A0CF006310400002C58D09A00eb
:80C6800003007B7102003546453100205C7102007C730E00460976725571002A2AD0360876727E710C0046497E730C007D710A0043310420A2466C01D6000124C0FFA246A601C5009A0003007D730A00360976727C730C00DA1FBA01C500A21F8000810082008300840085008600870088008900012520019E00C77F3200C77F3A10C77F58
:80C700004220C77F4A30C77F5240C77F5A50C77F6260C77F6A7099009800970096009500940093009200910090000200C7F000255601C600C77EC61FC7F201255601C600C77EBE2FC7F402255601C600C77EB63FC7F603255601C600C77EAE4FC7F804255601C600C77EA65FC7FA05255601C600C77E9E6FC7FC06255601C600C77E967Ffc
:80C78000C7FE07255601C6008C1F373182137771012E04F0032503000231FF000424F4DF37313E057670654605310200002AE6DF16097672002D7E730C007B7306007B7308007C730A00BA01C50001250300444208DF356025624430F8DD0300444206DF23624430FADD030037318813002D767337318413767337318E137673E87F227001
:80C80000EA7A0100E87A0000E97A0000EB7A0A00EC7A000036318A7E6770173103006772E8FFE8F103AE1731C0FF03BE030003AE07313F0003BE002FEABEE8BEECBE40F7030043F63631D47E67703709677240F742F72E01C800EA7A0100002FE8BEE9BEEB7A0A00ECBE36318A7E6770173103006772E8FF030037318C137771012E04F020
:80C88000E8F10300373184137771002E18D0EB7A000037318813012D767337318E137673E8F6E8F103003631861367717560EBBA6773DE1F37318613727337318A137273373184137373030037318C137771012E1CF0032937318813737137318A137271C201CE00012402F00300E8F00300032937318813737137318A1372718E01CA0054
:80C9000003008A003A318413002DA673EBAE0731010036318C136773012E24F0E8FC012900273246C201CE00A771002E0ED0E9FD37318813002D76739A000300E9FCF01FE8FD0129002732468E01CA000124E8FFA771002E10D0EB7A000037318813012D76739A0003003631861367717560EBBA6773E61F80008100820083008400850066
:80C980008600870088008900012520019E00ECAE002E04F0EC7A0000E87E0830E87E04204202CA00E97E1840E8F299009800970096009500940093009200910090000200E97E263037318E137671002C04F03C02CA00E8F6E8F5E97E04205402CA000201C9000124C2DFE8F0C01FE87F3660E97FB67F373184137671002C24F03631861330
:80CA00006571EBA85472657105306573353188135671063056737571560D04D0002D7673E9FC841F3631861367717560EBBA6773363188136771073067736C1F002D7673661FE8F4E8F6C801C80037318E1300297473561FC801C800841F37319E137771012E04F0042503000231FF00012412F00224F0DF373194137771002EE6DF052526
:80CA800003003731A4137771002ED8DFF01F8A008B008C003A319E13A771002E08F001280EF003282EF000259C009B009A0003003631981300296473042E04D05402CB00012E44F04731FAFF0125270DDA7FA2730025D41F012E0EF0012FA77300259C009B009A000300373196137771012E04D06802CB00002EE0DF3731A4137671002C27
:80CB0000D6FF46307673D01F3631941365715B463731A41374714C4635319213547100285AD0002D6B0D04F0B402CB00002B5C0D66F02A273231E813B401C80037319613002D7673C746B749012E4870012BA5730025541F37311214737137319C137271B401C8000025401F363194136771002E04D0D802CA00473067735C1F0029547379
:80CB80006473747302275246B401C80037319613022B757340F7B41F32318A09002F27722F7201000427B401C8003731961303297473901F37319A1373713231A613B401C8003731961301297473781F8A00AF51032408F04F31F6FF9A0003000331FF0013310003FB73FA0F3631FFFFFE73FC0F3A31121437312C01A773F2464231F8FF74
:80CC0000A4463331F6FFF3496801AA00823F823D012458F000245ED0A47137312A01740DB25FFE71F60F002828F0474647306749FF73F60F75461530002D777057724530FF71F60F4730FF73F60F0630A471640DE85F1430A4733631D010647337319C13767337319E13042D7673681F3731C0107771012E10F037319E13012D76734F31e0
:80CC8000F6FF9A00030037319E13062D767337319013042D76733C1F8A008B008C008D001F302C4637319013012B757326716A463B3100000429002B6246B346AE01D9000124147037319E13012B75735F309D009C009B009A000300A646263F26005202CD005202CD002802CD00C402CC00F202CC00CE7102006D46FE73FE0FFF70FF0Fe4
:80CD000007310F007A463B3100001A550B570729002BA246B346AE01D90001245A7037319E13012D7673A41F37319C1336315E05767336315409373112146671767337319E13042B75735F309D009C009B009A00030037319C13353156097573373112141E2D767337319E13042B75735F309D009C009B009A0003002A3F2A008002CE0024
:80CD80006002CE00E602CD00D802CD00D202CD00A802CD009C02CD009202CE003731A013CD7108007573761F3731D010042B75733531A0133631D2105571657336319C13677337311214042D767337319E137673FA1E3731A213C81F3731D010042B75733531A213CE1FFE70FE0F06310F006D460F2F760D04D0A802CE00CB469B51CD70ad
:80CE00000700853F5A46CE7006006A426A30D246823F823DA446B346EE01840037319E13012B75732646863F863D042C04F0CC02CC003631C0106571002A04F0CC02CC00052B6573D546153100036D730200B5466D730400A5466D730600072D76736C1EFB70FE0F03310F000F2604D0CB700400FA70FE0F423D02310300CC01CB004C1E55
:80CE800037319213012B757337319E13757340F63A1ED6460631030037319813767337319E13012B7573241ECD7004005D46CB46AB51CE700800863F6A46CF7007007A424C1F8A008B003A319E13A771002E08F0012810F003283AF03B310000B2469B009A00030036319813002B65734731FAFF3B310100B70D0670032FA7735B463331a1
:80CF00002C013231D010B401C800B2469B009A000300032E10F0012BA5733B310000B2469B009A0003009801CC003B310000A771072EA8DF3B310100A21F8A0037319E137771012E04F09A0003000231FF00012436F00224F0DF3A319413A771002EE6DF4746173036319A1367733631A6136772873D6F7201003231A813CE01C700A771a9
:80CF80000730A77340F6BE1F3A31A413A771002EB4DF3731E8132A2D7672002D7E72010028293231EA13D21F8A008B008C008D003A319E13A771062E20F0072E04D04A02D000012DA6733B31C010002FB77372469D009C009B009A00030000244AD03B31C010BC7106003D311214D47336312901640D0470D67364463C31D010BF70020031
:80D00000CF720200BB7104003231D310CE01C700D3712330D373C37337319C13C6467673042FA773C2461810012DA67337311214002D767337319C13727163463B31C010B401C8007601C800801F012FA7737601C8003B31C010721F37319E13002D76732E01C8000300012D37319E137673373190137673002F3531A21357733531A013d0
:80D0800056733631A4136773363194136773363192136773E801C7000300002F36319E1367733631901367734201C80003008A0037315409737132311414002604D09E02D100002D34315E053410462A04D03402D20067460730272A48D0414671491570B02A04D0DA02D200B22A04D07A02D30067460730730D04509E02D100764647464d
:80D1000067497570262AC2DF67460730404670490170A02204D06802D200A42204D0B402D20067460730472A04F0E802D100414671491570B12A04D03C02D300B32AB4DF6546153045495070B320A8DF60462030084648498070B3209ADF2F702800873F287027000742177279462F702A00873F2970290017427A46A1468A3D893D813F83
:80D18000194290465072877245466549873D5F72040067465751730D0470FC02D000373156092E703400863F2970330016427E721400863D7E7215002E703600863F2D70350056427E721600863D7E7217002E703800863F2A70370026427E721800863D7E7219009A000300272A04D0AA02D300472A04D09E02D30067460730262A04F070
:80D20000F002D000454675495170C02204F0F402D000163046496070C02004F0F402D00029702C00813F28702B0001425172813D6172C01E67460730404670490170A1224CF0A322B2DF61461130194649499170A322A4DF2E701C00863F2D701B0056420672863D96728C1E61461130194649499170A02204F02202D1002E701600863F85
:80D280002D70150056420672863D9672661E61461130194649499170A12204F0F802D1002E701A00863F2D70190056420672863D9672401E61461130194649499170A42204F0F802D1002E701800863F2D70170056420672863D96721A1E6746173047497070B02004F0F002D0006546253045495070B02004F0F002D00028702400803F7b
:80D30000084628702300084280461072894629702600813F2870250001421A46A0468A3D893D803F094290467072517247466749813D7972040067465751B81D6546153045495070B12004F0F402D00060462030084648498070B12004F0F402D0002F702400873F287023000742177279462F702600873F29702500FA1D6546153045498c
:80D380005070B22004F0F002D00060462030084648498070B22004F0F402D000BC1D67460730414671491570921D67460730414671491570321D27460225412E02F0030037311C0B76710025260DF2DF012D767303008A00042406F000259A0003003A311C0BA771032EF05F32311414CE01C700A771022EE2DF032FA773DC1F37315614e1
:80D4000036318E0A66707672002D7E7201003773012F4773002503003731561436318E096670767237733F2F47730025030037315614363114146D701600853F6A70150025427D720100853D7D7202006D701800853F6A70170025427D720300853D7D7204006D701A00853F6A70190025427D720500853D7D7206006D701C00853F6A706d
:80D480001B0025427D720700853D7D7208006D701E00853F6A701D0025427D720900853D7D720A006D703800853F6A70370025427D720B00853D7D720C006E701F007E720D0045AA45AC263F06310001753D953F5642002B7D720E00863D7E720F003731571437730F254273002503000125030037316082377337310001477300250300ae
:80D5000037315614363114146E701D007672002D7E7201003773012F4773002503000125373190097770202E02F0030037315614202D76723631920966707E720100002D7E7202007E7203007E7204007E7205007E7206007E7207003773072F4773002503000125030037318E0A7671012C0AF03671667076730425030036716670002C50
:80D58000F2DFFF2D7673002503003771767037318E09767337311C0B77710425032E02500025030037318E0977717246B23002307242B230F23702310900223003000025030037717570202A04F00025030007307670002C0CD037319009202D767204250300042CE45F36319009202B657276703731920976730425030000250300373194
:80D600001615002D767303008A0027463A311615A671012C32F0002C20F00025022C12D0AE71020035467446634673080025AE019200002DA6739A000300227034467346B601D3009A0003003231FFFF7670422C0CF0AA018C00002FA7739A0003007A700200823F7F7001007242E61F8A008B008C008D001F303D464C4657462A463B3124
:80D6800000000529002BB346FF73FE0FAE01D900FF71FE0F01240E7002255F309D009C009B009A000300A446243F2400C402D600DA02D600F002D6000602D7009802D6001C02D7007446C346D24634018C005F309D009C009B009A0003007446C346D24638018C005F309D009C009B009A0003007446C346D2465E018C005F309D009C00f5
:80D700009B009A0003007446C346D24684018C005F309D009C009B009A000300C346D2460801D6005F309D009C009B009A0003008A004A46373196147272002F740D08F032319714CE01C700002D012BA44654493331961404258A01C7009A00030004258401C500052404F00425030004258401C5000524F2DF373116157771002EEAFF68
:80D780000425E61F8A008B008C008D002A463C464D465E01D70005240CF0A2469D009C009B009A0003007F2F7D0DEE5F3B311615A7467709BF730200C746BF730400D746BF7306006201DA00BA700200002943463001D700042404F0022FB77300258E01DA00A2469D009C009B009A0003008A008B008C008D002A463C464D465E01D700d5
:80D8000005240CF0A2469D009C009B009A0003007F2F7D0DEE5F3B311615A746BF7302006201DA00A246823F823DD446C3463001D700042404F0012FB77300258E01DA00A2469D009C009B009A0003008A00373114147E702400863F7970230061427E702600863F7A70250062423631561419462A46A5468A3D893D853F594295466D7263
:80D880000100697202007D702800853F7970270051427D702A00853F7A702900524219462A46A5468A3D893D853F594295466D720300697204007D702C00853F7A702B0025425246823D6A7205006D7206007D702E00853F7F702D0075425746873D6F7207006D7208003673082B457300259A00030037717770002E0CD037317809062Da7
:80D90000767200250300373178090B2D767200250300373178097270030000250300373170837771277303008A008B003B464A464029002732315614DC01C70037315714B7733F2FA77300259B009A0003008A008B008C003C464B463A31561440290027A246DC01C700373178097770062E24F037315614012DAE720100002D7E7202008a
:80D9800037315714C7733F2DB67300259C009B009A000300A746002DAE720100DC1F03008A002A46BC01DA00A246A401DA002746530D0AF0350D1270002500270300240DF65F01250027470D04700225002703008A008B003A3172833B3100000610B946B7005A30A7713631FFFF670DF0DF9B009A00030003007E040400400280003F31ab
:80DA00001E153031020031311E1500250263100DFA2F3131020033317E093031C2DA38310000310D0CF0027512632051F4DD1851F01F3E018600B201DA003231BCDA9E01D90000250027002906019F00A001D9000002800003006002DA006002DA000F000200E2467E08823FF23D30317C09017101300173030030317C090171022208008e
:80DA8000002301737E09030041300173030030317C0900230173823F7209E244023180072E44030007000000FA1F080003000B000300CE018300D001D90003007C018300030000000000000002000000FCD30300000018D4040000002ED408000000ECD4090000003A850A000000F0D40C00000000D50D0000001ED50E00000062D5050085
:80DB000001004CD80B0001004ED90F00010028D9100001003A85110001003A8513000100F0D4020000003E85030000003E85070000003E85090000003E850D0000003E850E0000003E850F0001003E85100001003E850B0001003E850200000066D5030000008AD507000000BED5090000003A850D000000C2D50E000000FAD50F000100f9
:80DB80001AD9100001003A850B000100F2D801020200200BA005A005280024000000000068A9050D0902A1018506A40920A100094209440945093C095A093215002501750195068102950281030501093027B0B0B0B047B1B1B1B16511550D751095018102093127B2B2B2B247B3B3B3B38102450065005500050D093026C0C075108102ec
:80DC00000600FF095B16008026FF7F75108102050D095B170000008027FFFFFF7F752081020600FF0900750826FF0015008102050D093B81026514550016A6FF265A0036A6FF465A007508093D8102093E8102C0B485130600FF09C5960001B102C00611FF0902A101850BA40920A100094209440945093C095A09321500250175019506bd
:80DC80008102950281030501093027B0B0B0B047B1B1B1B16511550D751095018102093127B2B2B2B247B3B3B3B38102450065005500050D093026C0C0751081020600FF095B16008026FF7F75108102050D095B170000008027FFFFFF7F752081020600FF0900750826FF0015008102050D093B81026514550016A6FF265A0036A6FF466a
:80DD00005A007508093D8102093E8102C0B40600FF7508150026FF0085050900953A81028510090095148102850F090095278102850F09009507B102851109009509B102850509009508B10285100900963F00B102850B0900963F00B102C005010902A10185010901A1000509190129021500250195027501810295017506810305010912
:80DD800030093126FF7F751095028102C0C0050D0904A101850C9501750826FF001500810309548102050D0922A102094215002501750195018102810309478102950581037510095195018102050175109501550E6511093026A0A0350046A1A1810246A3A3093126A4A48102C0050D0922A1020942150025017501950181028103094778
:80DE00008102950581037510095195018102050175109501550E6511093026A0A0350046A1A1810246A3A3093126A4A48102C0050D0922A102094215002501750195018102810309478102950581037510095195018102050175109501550E6511093026A0A0350046A1A1810246A3A3093126A4A48102C0050D0922A102094215002501a1
:80DE8000750195018102810309478102950581037510095195018102050175109501550E6511093026A0A0350046A1A1810246A3A3093126A4A48102C0050D0922A102094215002501750195018102810309478102950581037510095195018102050175109501550E6511093026A0A0350046A1A1810246A3A3093126A4A48102C0050D12
:80DF000027FFFF00007510950109568102850C09557508950126FF00B102850A0600FF09C5960001B102C00611FF0911A1018503A10209007508150026FF0095278102C0850209009501B10285030900953FB10285040900950FB10285070900960001B10285080900968700B10285090900963F00B102850D09009507B102C0050D090E6c
:80DF8000A101850E0923A102095209531500250A75089502B102C0C012010002000000406A051250030001020001010700000000040000000000000000000800000000000000400000000000000000000000000000004000000000000000000000000000000040000000000000000000000000000000400000000000000000000000010099
:80E00000000080000000000000000000000000000000800000000000000000000000050D0904A101850C9501750826FF001500810309548102050D0922A102094215002501750195018102810309478102950581037510095195018102050175109501550E6511093026A0A0350046A1A1810246A3A3093126A4A48102C0050D0922A1020b
:80E08000094215002501750195018102810309478102950581037510095195018102050175109501550E6511093026A0A0350046A1A1810246A3A3093126A4A48102C0050D0922A102094215002501750195018102810309478102950581037510095195018102050175109501550E6511093026A0A0350046A1A1810246A3A3093126A483
:80E10000A48102C0050D0922A102094215002501750195018102810309478102950581037510095195018102050175109501550E6511093026A0A0350046A1A1810246A3A3093126A4A48102C0050D0922A102094215002501750195018102810309478102950581037510095195018102050175109501550E6511093026A0A0350046A1ef
:80E18000A1810246A3A3093126A4A48102C0050D27FFFF00007510950109568102850C09557508950126FF00B102850A0600FF09C5960001B102C00611FF0911A1018503A10209007508150026FF0095278102C0850209009501B10285030900953FB10285040900950FB10285070900960001B10285080900968700B10285090900963Fc3
:80E2000000B102850D09009507B102C0050D090EA101850E0923A102095209531500250A75089502B102C0C0050D0902A1018506A40920A100094209440945093C095A093215002501750195068102950281030501093027B0B0B0B047B1B1B1B16511550D751095018102093127B2B2B2B247B3B3B3B38102450065005500050D09302691
:80E28000C0C0751081020600FF095B16008026FF7F75108102050D095B170000008027FFFFFF7F752081020600FF0900750826FF0015008102050D093B81026514550016A6FF265A0036A6FF465A007508093D8102093E8102C0B485130600FF09C5960001B102C00611FF0902A101850BA40920A100094209440945093C095A09321500e6
:80E300002501750195068102950281030501093027B0B0B0B047B1B1B1B16511550D751095018102093127B2B2B2B247B3B3B3B38102450065005500050D093026C0C0751081020600FF095B16008026FF7F75108102050D095B170000008027FFFFFF7F752081020600FF0900750826FF0015008102050D093B81026514550016A6FF2627
:80E380005A0036A6FF465A007508093D8102093E8102C0B40600FF7508150026FF0085050900953A81028510090095148102850F090095278102850F09009507B102851109009509B102850509009508B10285100900963F00B102850B0900963F00B102C005010902A10185010901A10005091901290215002501950275018102950175aa
:80E4000006810305010930093126FF7F751095028102C0C0F6031E000001F60302000300400000000000040005006A0512500300000000000A000200060000000000FFFFFFFFFFFFFFFFFFFFFFFFFFFFFFFFFFFFFFFFFFFFFFFFFFFFFFFFFFFFFFFFFFFFFFFFFFFFFFFFFFFFFFFFFFFFFFFFFFFFFFFFFFFFFFFFFFFFFFFFFFFFFFFFFFFFd3
:80E48000FFFFFFFFFFFFFFFFFFFFFFFFFFFFFFFFFFFFFFFFFFFFFFFFFFFFFFFFFFFFFFFFFFFFFFFFFFFFFFFFFFFFFFFFFFFFFFFFFFFFFFFFFFFFFFFFFFFFFFFFFFFFFFFFFFFFFFFFFFFFFFFFFFFFFFFFFFFFFFFFFFFFFFFFFFFFFFFFFFFFFFFFFFFFFFFFFFFFFFFFFFFFFFFFFFFFFFFFFFFFFFFFFFFFFFFFFFFFFFFFFFFFFFFFFFFFFFFF9c
:80E50000FFFFFFFFFFFFFFFFFFFFFFFFFFFFFFFFFFFFFFFFFFFFFFFFFFFFFFFFFFFFFFFFFFFFFFFFFFFFFFFFFFFFFFFFFFFFFFFFFFFFFFFFFFFFFFFFFFFFFFFFFFFFFFFFFFFFFFFFFFFFFFFFFFFFFFFFFFFFFFFFFFFFFFFFFFFFFFFFFFFFFFFFFFFFFFFFFFFFFFFFFFFFFFFFFFFFFFFFFFFFFFFFFFFFFFFFFFFFFFFFFFFFFFFFFFFFFFFF1b
:80E58000FFFFFFFFFFFFFFFFFFFFFFFFFFFFFFFFFFFFFFFFFFFFFFFFFFFFFFFFFFFFFFFFFFFFFFFFFFFFFFFFFFFFFFFFFFFFFFFFFFFFFFFFFFFFFFFFFFFFFFFFFFFFFFFFFFFFFFFFFFFFFFFFFFFFFFFFFFFFFFFFFFFFFFFFFFFFFFFFFFFFFFFFFFFFFFFFFFFFFFFFFFFFFFFFFFFFFFFFFFFFFFFFFFFFFFFFFFFFFFFFFFFFFFFFFFFFFFFF9b
:80E60000FFFFFFFFFFFFFFFFFFFFFFFFFFFFFFFFFFFFFFFFFFFFFFFFFFFFFFFFFFFFFFFFFFFFFFFFFFFFFFFFFFFFFFFFFFFFFFFFFFFFFFFFFFFFFFFFFFFFFFFFFFFFFFFFFFFFFFFFFFFFFFFFFFFFFFFFFFFFFFFFFFFFFFFFFFFFFFFFFFFFFFFFFFFFFFFFFFFFFFFFFFFFFFFFFFFFFFFFFFFFFFFFFFFFFFFFFFFFFFFFFFFFFFFFFFFFFFFF1a
:80E68000FFFFFFFFFFFFFFFFFFFFFFFFFFFFFFFFFFFFFFFFFFFFFFFFFFFFFFFFFFFFFFFFFFFFFFFFFFFFFFFFFFFFFFFFFFFFFFFFFFFFFFFFFFFFFFFFFFFFFFFFFFFFFFFFFFFFFFFFFFFFFFFFFFFFFFFFFFFFFFFFFFFFFFFFFFFFFFFFFFFFFFFFFFFFFFFFFFFFFFFFFFFFFFFFFFFFFFFFFFFFFFFFFFFFFFFFFFFFFFFFFFFFFFFFFFFFFFFF9a
:80E70000FFFFFFFFFFFFFFFFFFFFFFFFFFFFFFFFFFFFFFFFFFFFFFFFFFFFFFFFFFFFFFFFFFFFFFFFFFFFFFFFFFFFFFFFFFFFFFFFFFFFFFFFFFFFFFFFFFFFFFFFFFFFFFFFFFFFFFFFFFFFFFFFFFFFFFFFFFFFFFFFFFFFFFFFFFFFFFFFFFFFFFFFFFFFFFFFFFFFFFFFFFFFFFFFFFFFFFFFFFFFFFFFFFFFFFFFFFFFFFFFFFFFFFFFFFFFFFFF19
:80E78000FFFFFFFFFFFFFFFFFFFFFFFFFFFFFFFFFFFFFFFFFFFFFFFFFFFFFFFFFFFFFFFFFFFFFFFFFFFFFFFFFFFFFFFFFFFFFFFFFFFFFFFFFFFFFFFFFFFFFFFFFFFFFFFFFFFFFFFFFFFFFFFFFFFFFFFFFFFFFFFFFFFFFFFFFFFFFFFFFFFFFFFFFFFFFFFFFFFFFFFFFFFFFFFFFFFFFFFFFFFFFFFFFFFFFFFFFFFFFFFFFFFFFFFFFFFFFFFF99
:80E80000FFFFFFFFFFFFFFFFFFFFFFFFFFFFFFFFFFFFFFFFFFFFFFFFFFFFFFFFFFFFFFFFFFFFFFFFFFFFFFFFFFFFFFFFFFFFFFFFFFFFFFFFFFFFFFFFFFFFFFFFFFFFFFFFFFFFFFFFFFFFFFFFFFFFFFFFFFFFFFFFFFFFFFFFFFFFFFFFFFFFFFFFFFFFFFFFFFFFFFFFFFFFFFFFFFFFFFFFFFFFFFFFFFFFFFFFFFFFFFFFFFFFFFFFFFFFFFFF18
:80E88000FFFFFFFFFFFFFFFFFFFFFFFFFFFFFFFFFFFFFFFFFFFFFFFFFFFFFFFFFFFFFFFFFFFFFFFFFFFFFFFFFFFFFFFFFFFFFFFFFFFFFFFFFFFFFFFFFFFFFFFFFFFFFFFFFFFFFFFFFFFFFFFFFFFFFFFFFFFFFFFFFFFFFFFFFFFFFFFFFFFFFFFFFFFFFFFFFFFFFFFFFFFFFFFFFFFFFFFFFFFFFFFFFFFFFFFFFFFFFFFFFFFFFFFFFFFFFFFF98
:80E90000FFFFFFFFFFFFFFFFFFFFFFFFFFFFFFFFFFFFFFFFFFFFFFFFFFFFFFFFFFFFFFFFFFFFFFFFFFFFFFFFFFFFFFFFFFFFFFFFFFFFFFFFFFFFFFFFFFFFFFFFFFFFFFFFFFFFFFFFFFFFFFFFFFFFFFFFFFFFFFFFFFFFFFFFFFFFFFFFFFFFFFFFFFFFFFFFFFFFFFFFFFFFFFFFFFFFFFFFFFFFFFFFFFFFFFFFFFFFFFFFFFFFFFFFFFFFFFFF17
:80E98000FFFFFFFFFFFFFFFFFFFFFFFFFFFFFFFFFFFFFFFFFFFFFFFFFFFFFFFFFFFFFFFFFFFFFFFFFFFFFFFFFFFFFFFFFFFFFFFFFFFFFFFFFFFFFFFFFFFFFFFFFFFFFFFFFFFFFFFFFFFFFFFFFFFFFFFFFFFFFFFFFFFFFFFFFFFFFFFFFFFFFFFFFFFFFFFFFFFFFFFFFFFFFFFFFFFFFFFFFFFFFFFFFFFFFFFFFFFFFFFFFFFFFFFFFFFFFFFF97
:80EA0000FFFFFFFFFFFFFFFFFFFFFFFFFFFFFFFFFFFFFFFFFFFFFFFFFFFFFFFFFFFFFFFFFFFFFFFFFFFFFFFFFFFFFFFFFFFFFFFFFFFFFFFFFFFFFFFFFFFFFFFFFFFFFFFFFFFFFFFFFFFFFFFFFFFFFFFFFFFFFFFFFFFFFFFFFFFFFFFFFFFFFFFFFFFFFFFFFFFFFFFFFFFFFFFFFFFFFFFFFFFFFFFFFFFFFFFFFFFFFFFFFFFFFFFFFFFFFFFF16
:80EA8000FFFFFFFFFFFFFFFFFFFFFFFFFFFFFFFFFFFFFFFFFFFFFFFFFFFFFFFFFFFFFFFFFFFFFFFFFFFFFFFFFFFFFFFFFFFFFFFFFFFFFFFFFFFFFFFFFFFFFFFFFFFFFFFFFFFFFFFFFFFFFFFFFFFFFFFFFFFFFFFFFFFFFFFFFFFFFFFFFFFFFFFFFFFFFFFFFFFFFFFFFFFFFFFFFFFFFFFFFFFFFFFFFFFFFFFFFFFFFFFFFFFFFFFFFFFFFFFF96
:80EB0000FFFFFFFFFFFFFFFFFFFFFFFFFFFFFFFFFFFFFFFFFFFFFFFFFFFFFFFFFFFFFFFFFFFFFFFFFFFFFFFFFFFFFFFFFFFFFFFFFFFFFFFFFFFFFFFFFFFFFFFFFFFFFFFFFFFFFFFFFFFFFFFFFFFFFFFFFFFFFFFFFFFFFFFFFFFFFFFFFFFFFFFFFFFFFFFFFFFFFFFFFFFFFFFFFFFFFFFFFFFFFFFFFFFFFFFFFFFFFFFFFFFFFFFFFFFFFFFF15
:80EB8000FFFFFFFFFFFFFFFFFFFFFFFFFFFFFFFFFFFFFFFFFFFFFFFFFFFFFFFFFFFFFFFFFFFFFFFFFFFFFFFFFFFFFFFFFFFFFFFFFFFFFFFFFFFFFFFFFFFFFFFFFFFFFFFFFFFFFFFFFFFFFFFFFFFFFFFFFFFFFFFFFFFFFFFFFFFFFFFFFFFFFFFFFFFFFFFFFFFFFFFFFFFFFFFFFFFFFFFFFFFFFFFFFFFFFFFFFFFFFFFFFFFFFFFFFFFFFFFF95
:80EC0000FFFFFFFFFFFFFFFFFFFFFFFFFFFFFFFFFFFFFFFFFFFFFFFFFFFFFFFFFFFFFFFFFFFFFFFFFFFFFFFFFFFFFFFFFFFFFFFFFFFFFFFFFFFFFFFFFFFFFFFFFFFFFFFFFFFFFFFFFFFFFFFFFFFFFFFFFFFFFFFFFFFFFFFFFFFFFFFFFFFFFFFFFFFFFFFFFFFFFFFFFFFFFFFFFFFFFFFFFFFFFFFFFFFFFFFFFFFFFFFFFFFFFFFFFFFFFFFF14
:80EC8000FFFFFFFFFFFFFFFFFFFFFFFFFFFFFFFFFFFFFFFFFFFFFFFFFFFFFFFFFFFFFFFFFFFFFFFFFFFFFFFFFFFFFFFFFFFFFFFFFFFFFFFFFFFFFFFFFFFFFFFFFFFFFFFFFFFFFFFFFFFFFFFFFFFFFFFFFFFFFFFFFFFFFFFFFFFFFFFFFFFFFFFFFFFFFFFFFFFFFFFFFFFFFFFFFFFFFFFFFFFFFFFFFFFFFFFFFFFFFFFFFFFFFFFFFFFFFFFF94
:80ED0000FFFFFFFFFFFFFFFFFFFFFFFFFFFFFFFFFFFFFFFFFFFFFFFFFFFFFFFFFFFFFFFFFFFFFFFFFFFFFFFFFFFFFFFFFFFFFFFFFFFFFFFFFFFFFFFFFFFFFFFFFFFFFFFFFFFFFFFFFFFFFFFFFFFFFFFFFFFFFFFFFFFFFFFFFFFFFFFFFFFFFFFFFFFFFFFFFFFFFFFFFFFFFFFFFFFFFFFFFFFFFFFFFFFFFFFFFFFFFFFFFFFFFFFFFFFFFFFF13
:80ED8000FFFFFFFFFFFFFFFFFFFFFFFFFFFFFFFFFFFFFFFFFFFFFFFFFFFFFFFFFFFFFFFFFFFFFFFFFFFFFFFFFFFFFFFFFFFFFFFFFFFFFFFFFFFFFFFFFFFFFFFFFFFFFFFFFFFFFFFFFFFFFFFFFFFFFFFFFFFFFFFFFFFFFFFFFFFFFFFFFFFFFFFFFFFFFFFFFFFFFFFFFFFFFFFFFFFFFFFFFFFFFFFFFFFFFFFFFFFFFFFFFFFFFFFFFFFFFFFF93
:80EE0000FFFFFFFFFFFFFFFFFFFFFFFFFFFFFFFFFFFFFFFFFFFFFFFFFFFFFFFFFFFFFFFFFFFFFFFFFFFFFFFFFFFFFFFFFFFFFFFFFFFFFFFFFFFFFFFFFFFFFFFFFFFFFFFFFFFFFFFFFFFFFFFFFFFFFFFFFFFFFFFFFFFFFFFFFFFFFFFFFFFFFFFFFFFFFFFFFFFFFFFFFFFFFFFFFFFFFFFFFFFFFFFFFFFFFFFFFFFFFFFFFFFFFFFFFFFFFFFF12
:80EE8000FFFFFFFFFFFFFFFFFFFFFFFFFFFFFFFFFFFFFFFFFFFFFFFFFFFFFFFFFFFFFFFFFFFFFFFFFFFFFFFFFFFFFFFFFFFFFFFFFFFFFFFFFFFFFFFFFFFFFFFFFFFFFFFFFFFFFFFFFFFFFFFFFFFFFFFFFFFFFFFFFFFFFFFFFFFFFFFFFFFFFFFFFFFFFFFFFFFFFFFFFFFFFFFFFFFFFFFFFFFFFFFFFFFFFFFFFFFFFFFFFFFFFFFFFFFFFFFF92
:80EF0000FFFFFFFFFFFFFFFFFFFFFFFFFFFFFFFFFFFFFFFFFFFFFFFFFFFFFFFFFFFFFFFFFFFFFFFFFFFFFFFFFFFFFFFFFFFFFFFFFFFFFFFFFFFFFFFFFFFFFFFFFFFFFFFFFFFFFFFFFFFFFFFFFFFFFFFFFFFFFFFFFFFFFFFFFFFFFFFFFFFFFFFFFFFFFFFFFFFFFFFFFFFFFFFFFFFFFFFFFFFFFFFFFFFFFFFFFFFFFFFFFFFFFFFFFFFFFFFF11
:80EF8000FFFFFFFFFFFFFFFFFFFFFFFFFFFFFFFFFFFFFFFFFFFFFFFFFFFFFFFFFFFFFFFFFFFFFFFFFFFFFFFFFFFFFFFFFFFFFFFFFFFFFFFFFFFFFFFFFFFFFFFFFFFFFFFFFFFFFFFFFFFFFFFFFFFFFFFFFFFFFFFFFFFFFFFFFFFFFFFFFFFFFFFFFFFFFFFFFFFFFFFFFFFFFFFFFFFFFFFFFFFFFFFFFFFFFFFFFFFFFFFFFFFFFFFFFFFFFFFF91
:80F00000FFFFFFFFFFFFFFFFFFFFFFFFFFFFFFFFFFFFFFFFFFFFFFFFFFFFFFFFFFFFFFFFFFFFFFFFFFFFFFFFFFFFFFFFFFFFFFFFFFFFFFFFFFFFFFFFFFFFFFFFFFFFFFFFFFFFFFFFFFFFFFFFFFFFFFFFFFFFFFFFFFFFFFFFFFFFFFFFFFFFFFFFFFFFFFFFFFFFFFFFFFFFFFFFFFFFFFFFFFFFFFFFFFFFFFFFFFFFFFFFFFFFFFFFFFFFFFFF10
:80F08000FFFFFFFFFFFFFFFFFFFFFFFFFFFFFFFFFFFFFFFFFFFFFFFFFFFFFFFFFFFFFFFFFFFFFFFFFFFFFFFFFFFFFFFFFFFFFFFFFFFFFFFFFFFFFFFFFFFFFFFFFFFFFFFFFFFFFFFFFFFFFFFFFFFFFFFFFFFFFFFFFFFFFFFFFFFFFFFFFFFFFFFFFFFFFFFFFFFFFFFFFFFFFFFFFFFFFFFFFFFFFFFFFFFFFFFFFFFFFFFFFFFFFFFFFFFFFFFF90
:80F10000FFFFFFFFFFFFFFFFFFFFFFFFFFFFFFFFFFFFFFFFFFFFFFFFFFFFFFFFFFFFFFFFFFFFFFFFFFFFFFFFFFFFFFFFFFFFFFFFFFFFFFFFFFFFFFFFFFFFFFFFFFFFFFFFFFFFFFFFFFFFFFFFFFFFFFFFFFFFFFFFFFFFFFFFFFFFFFFFFFFFFFFFFFFFFFFFFFFFFFFFFFFFFFFFFFFFFFFFFFFFFFFFFFFFFFFFFFFFFFFFFFFFFFFFFFFFFFFF0f
:80F18000FFFFFFFFFFFFFFFFFFFFFFFFFFFFFFFFFFFFFFFFFFFFFFFFFFFFFFFFFFFFFFFFFFFFFFFFFFFFFFFFFFFFFFFFFFFFFFFFFFFFFFFFFFFFFFFFFFFFFFFFFFFFFFFFFFFFFFFFFFFFFFFFFFFFFFFFFFFFFFFFFFFFFFFFFFFFFFFFFFFFFFFFFFFFFFFFFFFFFFFFFFFFFFFFFFFFFFFFFFFFFFFFFFFFFFFFFFFFFFFFFFFFFFFFFFFFFFFF8f
:80F20000FFFFFFFFFFFFFFFFFFFFFFFFFFFFFFFFFFFFFFFFFFFFFFFFFFFFFFFFFFFFFFFFFFFFFFFFFFFFFFFFFFFFFFFFFFFFFFFFFFFFFFFFFFFFFFFFFFFFFFFFFFFFFFFFFFFFFFFFFFFFFFFFFFFFFFFFFFFFFFFFFFFFFFFFFFFFFFFFFFFFFFFFFFFFFFFFFFFFFFFFFFFFFFFFFFFFFFFFFFFFFFFFFFFFFFFFFFFFFFFFFFFFFFFFFFFFFFFF0e
:80F28000FFFFFFFFFFFFFFFFFFFFFFFFFFFFFFFFFFFFFFFFFFFFFFFFFFFFFFFFFFFFFFFFFFFFFFFFFFFFFFFFFFFFFFFFFFFFFFFFFFFFFFFFFFFFFFFFFFFFFFFFFFFFFFFFFFFFFFFFFFFFFFFFFFFFFFFFFFFFFFFFFFFFFFFFFFFFFFFFFFFFFFFFFFFFFFFFFFFFFFFFFFFFFFFFFFFFFFFFFFFFFFFFFFFFFFFFFFFFFFFFFFFFFFFFFFFFFFFF8e
:80F30000FFFFFFFFFFFFFFFFFFFFFFFFFFFFFFFFFFFFFFFFFFFFFFFFFFFFFFFFFFFFFFFFFFFFFFFFFFFFFFFFFFFFFFFFFFFFFFFFFFFFFFFFFFFFFFFFFFFFFFFFFFFFFFFFFFFFFFFFFFFFFFFFFFFFFFFFFFFFFFFFFFFFFFFFFFFFFFFFFFFFFFFFFFFFFFFFFFFFFFFFFFFFFFFFFFFFFFFFFFFFFFFFFFFFFFFFFFFFFFFFFFFFFFFFFFFFFFFF0d
:80F38000FFFFFFFFFFFFFFFFFFFFFFFFFFFFFFFFFFFFFFFFFFFFFFFFFFFFFFFFFFFFFFFFFFFFFFFFFFFFFFFFFFFFFFFFFFFFFFFFFFFFFFFFFFFFFFFFFFFFFFFFFFFFFFFFFFFFFFFFFFFFFFFFFFFFFFFFFFFFFFFFFFFFFFFFFFFFFFFFFFFFFFFFFFFFFFFFFFFFFFFFFFFFFFFFFFFFFFFFFFFFFFFFFFFFFFFFFFFFFFFFFFFFFFFFFFFFFFFF8d
:80F40000FFFFFFFFFFFFFFFFFFFFFFFFFFFFFFFFFFFFFFFFFFFFFFFFFFFFFFFFFFFFFFFFFFFFFFFFFFFFFFFFFFFFFFFFFFFFFFFFFFFFFFFFFFFFFFFFFFFFFFFFFFFFFFFFFFFFFFFFFFFFFFFFFFFFFFFFFFFFFFFFFFFFFFFFFFFFFFFFFFFFFFFFFFFFFFFFFFFFFFFFFFFFFFFFFFFFFFFFFFFFFFFFFFFFFFFFFFFFFFFFFFFFFFFFFFFFFFFF0c
:80F48000FFFFFFFFFFFFFFFFFFFFFFFFFFFFFFFFFFFFFFFFFFFFFFFFFFFFFFFFFFFFFFFFFFFFFFFFFFFFFFFFFFFFFFFFFFFFFFFFFFFFFFFFFFFFFFFFFFFFFFFFFFFFFFFFFFFFFFFFFFFFFFFFFFFFFFFFFFFFFFFFFFFFFFFFFFFFFFFFFFFFFFFFFFFFFFFFFFFFFFFFFFFFFFFFFFFFFFFFFFFFFFFFFFFFFFFFFFFFFFFFFFFFFFFFFFFFFFFF8c
:80F50000FFFFFFFFFFFFFFFFFFFFFFFFFFFFFFFFFFFFFFFFFFFFFFFFFFFFFFFFFFFFFFFFFFFFFFFFFFFFFFFFFFFFFFFFFFFFFFFFFFFFFFFFFFFFFFFFFFFFFFFFFFFFFFFFFFFFFFFFFFFFFFFFFFFFFFFFFFFFFFFFFFFFFFFFFFFFFFFFFFFFFFFFFFFFFFFFFFFFFFFFFFFFFFFFFFFFFFFFFFFFFFFFFFFFFFFFFFFFFFFFFFFFFFFFFFFFFFFF0b
:80F58000FFFFFFFFFFFFFFFFFFFFFFFFFFFFFFFFFFFFFFFFFFFFFFFFFFFFFFFFFFFFFFFFFFFFFFFFFFFFFFFFFFFFFFFFFFFFFFFFFFFFFFFFFFFFFFFFFFFFFFFFFFFFFFFFFFFFFFFFFFFFFFFFFFFFFFFFFFFFFFFFFFFFFFFFFFFFFFFFFFFFFFFFFFFFFFFFFFFFFFFFFFFFFFFFFFFFFFFFFFFFFFFFFFFFFFFFFFFFFFFFFFFFFFFFFFFFFFFF8b
:80F60000FFFFFFFFFFFFFFFFFFFFFFFFFFFFFFFFFFFFFFFFFFFFFFFFFFFFFFFFFFFFFFFFFFFFFFFFFFFFFFFFFFFFFFFFFFFFFFFFFFFFFFFFFFFFFFFFFFFFFFFFFFFFFFFFFFFFFFFFFFFFFFFFFFFFFFFFFFFFFFFFFFFFFFFFFFFFFFFFFFFFFFFFFFFFFFFFFFFFFFFFFFFFFFFFFFFFFFFFFFFFFFFFFFFFFFFFFFFFFFFFFFFFFFFFFFFFFFFF0a
:80F68000FFFFFFFFFFFFFFFFFFFFFFFFFFFFFFFFFFFFFFFFFFFFFFFFFFFFFFFFFFFFFFFFFFFFFFFFFFFFFFFFFFFFFFFFFFFFFFFFFFFFFFFFFFFFFFFFFFFFFFFFFFFFFFFFFFFFFFFFFFFFFFFFFFFFFFFFFFFFFFFFFFFFFFFFFFFFFFFFFFFFFFFFFFFFFFFFFFFFFFFFFFFFFFFFFFFFFFFFFFFFFFFFFFFFFFFFFFFFFFFFFFFFFFFFFFFFFFFF8a
:80F70000FFFFFFFFFFFFFFFFFFFFFFFFFFFFFFFFFFFFFFFFFFFFFFFFFFFFFFFFFFFFFFFFFFFFFFFFFFFFFFFFFFFFFFFFFFFFFFFFFFFFFFFFFFFFFFFFFFFFFFFFFFFFFFFFFFFFFFFFFFFFFFFFFFFFFFFFFFFFFFFFFFFFFFFFFFFFFFFFFFFFFFFFFFFFFFFFFFFFFFFFFFFFFFFFFFFFFFFFFFFFFFFFFFFFFFFFFFFFFFFFFFFFFFFFFFFFFFFF09
:80F78000FFFFFFFFFFFFFFFFFFFFFFFFFFFFFFFFFFFFFFFFFFFFFFFFFFFFFFFFFFFFFFFFFFFFFFFFFFFFFFFFFFFFFFFFFFFFFFFFFFFFFFFFFFFFFFFFFFFFFFFFFFFFFFFFFFFFFFFFFFFFFFFFFFFFFFFFFFFFFFFFFFFFFFFFFFFFFFFFFFFFFFFFFFFFFFFFFFFFFFFFFFFFFFFFFFFFFFFFFFFFFFFFFFFFFFFFFFFFFFFFFFFFFFFFFFFFFFFF89
:80F80000FFFFFFFFFFFFFFFFFFFFFFFFFFFFFFFFFFFFFFFFFFFFFFFFFFFFFFFFFFFFFFFFFFFFFFFFFFFFFFFFFFFFFFFFFFFFFFFFFFFFFFFFFFFFFFFFFFFFFFFFFFFFFFFFFFFFFFFFFFFFFFFFFFFFFFFFFFFFFFFFFFFFFFFFFFFFFFFFFFFFFFFFFFFFFFFFFFFFFFFFFFFFFFFFFFFFFFFFFFFFFFFFFFFFFFFFFFFFFFFFFFFFFFFFFFFFFFFF08
:80F88000FFFFFFFFFFFFFFFFFFFFFFFFFFFFFFFFFFFFFFFFFFFFFFFFFFFFFFFFFFFFFFFFFFFFFFFFFFFFFFFFFFFFFFFFFFFFFFFFFFFFFFFFFFFFFFFFFFFFFFFFFFFFFFFFFFFFFFFFFFFFFFFFFFFFFFFFFFFFFFFFFFFFFFFFFFFFFFFFFFFFFFFFFFFFFFFFFFFFFFFFFFFFFFFFFFFFFFFFFFFFFFFFFFFFFFFFFFFFFFFFFFFFFFFFFFFFFFFF88
:80F90000FFFFFFFFFFFFFFFFFFFFFFFFFFFFFFFFFFFFFFFFFFFFFFFFFFFFFFFFFFFFFFFFFFFFFFFFFFFFFFFFFFFFFFFFFFFFFFFFFFFFFFFFFFFFFFFFFFFFFFFFFFFFFFFFFFFFFFFFFFFFFFFFFFFFFFFFFFFFFFFFFFFFFFFFFFFFFFFFFFFFFFFFFFFFFFFFFFFFFFFFFFFFFFFFFFFFFFFFFFFFFFFFFFFFFFFFFFFFFFFFFFFFFFFFFFFFFFFF07
:80F98000FFFFFFFFFFFFFFFFFFFFFFFFFFFFFFFFFFFFFFFFFFFFFFFFFFFFFFFFFFFFFFFFFFFFFFFFFFFFFFFFFFFFFFFFFFFFFFFFFFFFFFFFFFFFFFFFFFFFFFFFFFFFFFFFFFFFFFFFFFFFFFFFFFFFFFFFFFFFFFFFFFFFFFFFFFFFFFFFFFFFFFFFFFFFFFFFFFFFFFFFFFFFFFFFFFFFFFFFFFFFFFFFFFFFFFFFFFFFFFFFFFFFFFFFFFFFFFFF87
:80FA0000FFFFFFFFFFFFFFFFFFFFFFFFFFFFFFFFFFFFFFFFFFFFFFFFFFFFFFFFFFFFFFFFFFFFFFFFFFFFFFFFFFFFFFFFFFFFFFFFFFFFFFFFFFFFFFFFFFFFFFFFFFFFFFFFFFFFFFFFFFFFFFFFFFFFFFFFFFFFFFFFFFFFFFFFFFFFFFFFFFFFFFFFFFFFFFFFFFFFFFFFFFFFFFFFFFFFFFFFFFFFFFFFFFFFFFFFFFFFFFFFFFFFFFFFFFFFFFFF06
:80FA8000FFFFFFFFFFFFFFFFFFFFFFFFFFFFFFFFFFFFFFFFFFFFFFFFFFFFFFFFFFFFFFFFFFFFFFFFFFFFFFFFFFFFFFFFFFFFFFFFFFFFFFFFFFFFFFFFFFFFFFFFFFFFFFFFFFFFFFFFFFFFFFFFFFFFFFFFFFFFFFFFFFFFFFFFFFFFFFFFFFFFFFFFFFFFFFFFFFFFFFFFFFFFFFFFFFFFFFFFFFFFFFFFFFFFFFFFFFFFFFFFFFFFFFFFFFFFFFFF86
:80FB0000FFFFFFFFFFFFFFFFFFFFFFFFFFFFFFFFFFFFFFFFFFFFFFFFFFFFFFFFFFFFFFFFFFFFFFFFFFFFFFFFFFFFFFFFFFFFFFFFFFFFFFFFFFFFFFFFFFFFFFFFFFFFFFFFFFFFFFFFFFFFFFFFFFFFFFFFFFFFFFFFFFFFFFFFFFFFFFFFFFFFFFFFFFFFFFFFFFFFFFFFFFFFFFFFFFFFFFFFFFFFFFFFFFFFFFFFFFFFFFFFFFFFFFFFFFFFFFFF05
:80FB8000FFFFFFFFFFFFFFFFFFFFFFFFFFFFFFFFFFFFFFFFFFFFFFFFFFFFFFFFFFFFFFFFFFFFFFFFFFFFFFFFFFFFFFFFFFFFFFFFFFFFFFFFFFFFFFFFFFFFFFFFFFFFFFFFFFFFFFFFFFFFFFFFFFFFFFFFFFFFFFFFFFFFFFFFFFFFFFFFFFFFFFFFFFFFFFFFFFFFFFFFFFFFFFFFFFFFFFFFFFFFFFFFFFFFFFFFFFFFFFFFFFFFFFFFFFFFFFFF85
:80FC0000FFFFFFFFFFFFFFFFFFFFFFFFFFFFFFFFFFFFFFFFFFFFFFFFFFFFFFFFFFFFFFFFFFFFFFFFFFFFFFFFFFFFFFFFFFFFFFFFFFFFFFFFFFFFFFFFFFFFFFFFFFFFFFFFFFFFFFFFFFFFFFFFFFFFFFFFFFFFFFFFFFFFFFFFFFFFFFFFFFFFFFFFFFFFFFFFFFFFFFFFFFFFFFFFFFFFFFFFFFFFFFFFFFFFFFFFFFFFFFFFFFFFFFFFFFFFFFFF04
:80FC8000FFFFFFFFFFFFFFFFFFFFFFFFFFFFFFFFFFFFFFFFFFFFFFFFFFFFFFFFFFFFFFFFFFFFFFFFFFFFFFFFFFFFFFFFFFFFFFFFFFFFFFFFFFFFFFFFFFFFFFFFFFFFFFFFFFFFFFFFFFFFFFFFFFFFFFFFFFFFFFFFFFFFFFFFFFFFFFFFFFFFFFFFFFFFFFFFFFFFFFFFFFFFFFFFFFFFFFFFFFFFFFFFFFFFFFFFFFFFFFFFFFFFFFFFFFFFFFFF84
:80FD0000FFFFFFFFFFFFFFFFFFFFFFFFFFFFFFFFFFFFFFFFFFFFFFFFFFFFFFFFFFFFFFFFFFFFFFFFFFFFFFFFFFFFFFFFFFFFFFFFFFFFFFFFFFFFFFFFFFFFFFFFFFFFFFFFFFFFFFFFFFFFFFFFFFFFFFFFFFFFFFFFFFFFFFFFFFFFFFFFFFFFFFFFFFFFFFFFFFFFFFFFFFFFFFFFFFFFFFFFFFFFFFFFFFFFFFFFFFFFFFFFFFFFFFFFFFFFFFFF03
:80FD8000FFFFFFFFFFFFFFFFFFFFFFFFFFFFFFFFFFFFFFFFFFFFFFFFFFFFFFFFFFFFFFFFFFFFFFFFFFFFFFFFFFFFFFFFFFFFFFFFFFFFFFFFFFFFFFFFFFFFFFFFFFFFFFFFFFFFFFFFFFFFFFFFFFFFFFFFFFFFFFFFFFFFFFFFFFFFFFFFFFFFFFFFFFFFFFFFFFFFFFFFFFFFFFFFFFFFFFFFFFFFFFFFFFFFFFFFFFFFFFFFFFFFFFFFFFFFFFFF83
:80FE0000FFFFFFFFFFFFFFFFFFFFFFFFFFFFFFFFFFFFFFFFFFFFFFFFFFFFFFFFFFFFFFFFFFFFFFFFFFFFFFFFFFFFFFFFFFFFFFFFFFFFFFFFFFFFFFFFFFFFFFFFFFFFFFFFFFFFFFFFFFFFFFFFFFFFFFFFFFFFFFFFFFFFFFFFFFFFFFFFFFFFFFFFFFFFFFFFFFFFFFFFFFFFFFFFFFFFFFFFFFFFFFFFFFFFFFFFFFFFFFFFFFFFFFFFFFFFFFFF02
:80FE8000FFFFFFFFFFFFFFFFFFFFFFFFFFFFFFFFFFFFFFFFFFFFFFFFFFFFFFFFFFFFFFFFFFFFFFFFFFFFFFFFFFFFFFFFFFFFFFFFFFFFFFFFFFFFFFFFFFFFFFFFFFFFFFFFFFFFFFFFFFFFFFFFFFFFFFFFFFFFFFFFFFFFFFFFFFFFFFFFFFFFFFFFFFFFFFFFFFFFFFFFFFFFFFFFFFFFFFFFFFFFFFFFFFFFFFFFFFFFFFFFFFFFFFFFFFFFFFFF82
:80FF0000FFFFFFFFFFFFFFFFFFFFFFFFFFFFFFFFFFFFFFFFFFFFFFFFFFFFFFFFFFFFFFFFFFFFFFFFFFFFFFFFFFFFFFFFFFFFFFFFFFFFFFFFFFFFFFFFFFFFFFFFFFFFFFFFFFFFFFFFFFFFFFFFFFFFFFFFFFFFFFFFFFFFFFFFFFFFFFFFFFFFFFFFFFFFFFFFFFFFFFFFFFFFFFFFFFFFFFFFFFFFFFFFFFFFFFFFFFFFFFFFFFFFFFFFFFFFFFFF01
:80FF8000FFFFFFFFFFFFFFFFFFFFFFFFFFFFFFFFFFFFFFFFFFFFFFFFFFFFFFFFFFFFFFFFFFFFFFFFFFFFFFFFFFFFFFFFFFFFFFFFFFFFFFFFFFFFFFFFFFFFFFFFFFFFFFFFFFFFFFFFFFFFFFFFFFFFFFFFFFFFFFFFFFFFFFFFFFFFFFFFFFFFFFFFFFFFFFFFFFFFFFFFFFFFFFFFFFFFFFFFFFFFFFFFFFFFFFFFFFFFFFFFFFFFFFFFFFFFFFFF81
;
;***********************************************
;* Main FW for ARM core
;***********************************************
:020000021000EC
:80400000006C0020997C0100297D01002D7D0100317D0100357D0100397D0100000000000000000000000000000000003D7D0100417D010000000000457D0100497D01004D7D0100517D0100557D0100D1510100597D01005D7D010015520100617D0100657D0100697D0100875201006D7D0100717D0100B7520100757D0100797D010034
:80408000572A0100A72A0100FB2A01005B2B01002D730100015401007D7D0100817D0100857D0100897D01008D7D01000000000033510100D5500100DFF8640E0021C0F8C41E0121C0F8C81E7047000030B402465FF01903DFF8484E04EB420494F88C5EFF2D05D184F88C0E84F88D1E30BC7047521C192A28BF00225B1EEBD130BC704770
:8041000070B40346FF221924DFF8145E05EB430595F88C6E864207D1C9B221B995F88D2E70BC10467047491E5B1C192B28BF0023641EE9D170BC1046704700002DE9FD4F94B0C8880790488905908888089008890A909DF85000401C049007980128A4BF401E0790DFF8BC1D05980968491E8842BCBF401C059008980128A4BF401E08901d
:80418000DFF8A41D0A980968491E8842BCBF401C0A909DF858000628A4BF05208DF858009DF8581000204FF0000A002900F0AE800391491E159ADFF87C3EDFF8704D1678DFF85C5D05EB8605D5F80480B8F91C50012DB8BF01254026B6FBF5F51D80DFF8586EB8F93250B6F84260B542B8BF35464FF4005696FBF5F5ADB205B90125258001
:80420000DFF8346EB8F93050B6F84460B542B8BF35464FF4005696FBF5F5ADB205B90125A580451C039EB54267DA159E8019461CDFF8F80C00EB8A0000F1280CC8071CD53778DFF8DC0C00EB8700BAF10A0F40680EDAB8F94890B0F94870A7EB0907ACF80070B0F94A00B8F94A70C01BACF802000AF1010A0CF1040C761C5FEA510E3CD0b4
:804280003778DFF89C0C00EB8700BAF10A0F40680EDAB8F94890B0F94870A7EB0907ACF80070B0F94A00B8F94A70C01BACF802000AF1010096F80190DFF8647C07EB89070A287F680FDAB8F948A0B7F94890A9EB0A09ACF80490B7F94A70B8F94A90A7EB0907ACF80670AEF1010EB61C00F1010A0CF1080CBEF1000FC2D12846039D08341c
:804300009B1C521C491EA842FFF659AFDFF8281DDFF8242D0798098FB2F93C2001FB002000F5805080B2109007A80088029008A80088029912909DF85800039005988842C0F22E8202980899029A079B01EBC0100021ADF80410DFF8D41D41189A421CBF11F8802C12F07F0207D0049B9A420CBF40224FF48042ADF80420029A059B9A428a
:804380001CBF91F8802012F07F020AD0049B9A420CBF08224FF40062BDF804301A43ADF80420DFF8943CDFF8904C089ADB8EB4F93A400691800000F1A24003FB02420E9002F5805292B2029807990F92401A129A099280B2119009990A988842C0F2D081069800780A9900F07F000B900998884239D00698407810F07F020AD0049882422d
:804400000CBF01204FF48070BDF804100843ADF804000298079988421EBF069810F87F0C10F07F020AD0049882420CBF20204FF40050BDF804100843ADF804000298059988421EBF069890F8810010F07F020AD0049882420CBF04204FF48060BDF804100843ADF804000B980499884205D0BDF80400C0B2002800F057810E98B0F90000df
:80448000009000240B9818B10B9888420ED005E0BDF804004FF47F41084207D000980099401001EB9070800300140090DFF8880BB0F86A0018B10099081A00B20090DFF8780BB0F86E0060B1DFF86C1B009BB1F85810994205DA5A1A92FBF0F0081800B200900098002848BF009400250521DFF8400C02F04FF99DF858102046002900F0b2
:804500002981159ADFF8281CDFF8203A0D920FF2CC520C92DFF81C2C0E780EB16D1C97E00D9FDFF8FC693F780FF2B05EDDF8309099F8009006EB870677680F9EB7F948C0B7F94A70A6EB0C06DDF840C0ACEB07070FFA87F8039F4743A7EB09073F1A36B24FF0000C7F1EDFF8C89B60453AD084451CDADDF80CA09EF800B00AFB0CFAAAEB9b
:804580000B0A8244AAEB0C0AAAF1010ABAF10A0F28DADFF898B90BEB8A0ABAF928B0BAF92AA0CBF1000BCAF1000A09E00A2F19DADFF878A90AEB870ABAF928B0BAF92AA00FFA8AFA0FFA8BFB0AFB08FA0BFB06AABAF1010F06DA99F800A00AF1010A89F800A06D1CDDF80CA00CF1010C7F1C09F101090EF1010ED445B7DB002E44BF7642c7
:8046000036B2B8F1000F44BFC8F100080FFA88F8DFF8247AFF8E07EB8707B742A1BFDFF8187A3F8F07EB870747450ADBB3F804E01F880EFB08F807FB06867602B60C102E00DB0F260FF29C4757F82660166034190C9E761C0C96401C0D9E761C0D960833039E121D491CB042FFF656AF002C71D09DF85800EDB225B30024DFF8B41ADFF892
:80468000B42AC50706D50D78002D14BF14601468121D491C430812D00D78002D19BF0025156015682C194D78002D19BF0025556055682C195B1E0832891C002BECD1002C48D0099FDDF820C0DFF80C1EDFF8642ADFF8083EDFF8085EDFF8086EA7EB0C071FFA87F852F8047BB1F800E04FEA871CBCFBF4FCE64421F802EB401E009FD3F87b
:8047000000E007FB0CFCE64443F804EBD5F800E008FB0CEE45F804EB119FD6F800E007FB0CEC46F804CBDDD1BDF8040046F66C4108404000ADF804000B9858B10B98049988420CBF02204FF40070BDF804100843ADF804000998DFF8E018C98E401C80B209900F98081880B20F900E980999001D0E900698401C06900A988842BFF630AE14
:804780000298DFF8B418098F401C80B202901098081880B21090029905988842BFF6D2AD9DF85800002800F0958115989DF85850DFF8281DDFF8302DDFF8243DDFF8244D0E6856B3DFF87078B7F836801F68DDF820E008FB07FCDFF86078B7F93A70BCFBF6FC08FB0EC8474407F580571780DFF84878D4F800C03F8F07FB0CFCBCFBF6F6fc
:80480000DDF81CC007FB0C66DFF82C78B7F93C703E4406F58056568001E0FF260670241D1B1D121D091D401C6D1EC9D1159900910020DFF800180291DFF89C1C0491DFF8A81C0591DFF8941C06919DF858100391029A4FF6FF71118000990978FF2900F0C980DFF8BC2602EB8101D1F804800499B8F91C20098802EB4203B1EB430F03DA79
:80488000009AFF211170B5E0411C159A8D18DFF8902602EB410202F68874DFF8842602EB810202F6786302F6747204E0491C121D1B1DA41C6D1C039EB14280F29B802E78FF2EF3D0059E5F887688A6EB070C059E1F883688F61B48BF7642BCF1000F48BFCCF1000CB4454FF07B0E05D2332707FB0CF70EFB067603E033277E430EFB0C66af
:80490000DFF83477B7F89C70F609B6B2BE42CDD2B8F91C60B4F800E066277E43049FB7F800C0F4446645C1DA069E176836685FFA81FCBE4232BFC6B266465FFA80FCDFF8E075DFF8DC9507EB4C0E09EB4609BEF8887FB9F8889F4F44AEF8887FDFF8C0E50EEB86070EEB8C0CD7F8A09FDCF8A0EFF144CCF8A09FDCF8B4EFD7F8B4AFD64405
:80498000CCF8B4EFDCF874AFD7F8747F5744DFF8A8A6CCF8747FBAF836B0DDF820A00BFB09F9B9FBF7F90BFB0A99DFF88CA6BAF93AA0D14409F58059ACF8789EDFF87896B9F8389009FB0EFEBEFBF7FE079F09FB07EEDFF86476B7F93C70774407F58057ACF87A7EFF27DDF854E006F80E70B0427FF45CAF0699091D0691401C0599091Dd9
:804A000005910499891C04910299891C02910099491C009103998842FFF61AAF00201599DFF810260D78431CFF2D4DD0DFF8F04404EB8504D4F80480039CA34244DA039E159CDFF8DC5405EB4305301A1C1905F69475461E2778FF2F32D0DFF8C404B8F94AE000EB87004068B0F94A70B0F94800A7EB0E0CB8F94870C01B48BF4042BCF171
:804A8000000F48BFCCF1000C84454FF07B0E05D2332707FB0CF70EFB007003E0332778430EFB0C00C009B2F800C080B2604598BF8446A2F800C02F88B84288BF38462880AD1C641C761EC5D11846039B921C491C9842A7DB17B0BDE8F08F0000000103060A00000000040000000400000004000064030000640200005E0100008000000052
:804B00003200000020000000140000001000000008000000010000000100000001000000010000002DE9FF4F85B0DFF8F403079B1B7800EB83004FF6FF7140680490002308980A460128C0F2E9801298DDF84C9002904FF07B08029807780598342606FB0700049FB0F91A60B7F94A70B0F91800F61B049FB7F94870C01B48BF4042002Efb
:804B800048BF7642864204D233277E4308FB006003E03327784308FB0600C00980B28242C0F2B480069E0190022EC0F2A780079FDB4E7F7806EB87067668129F039600269E4200F095803D78059C4FF0340E0EFB054E039CBEF91A50B4F94A40A5EB040C039CBEF91850B4F94840B5EB040E48BFCEF1000EBCF1000F48BFCCF1000CF44577
:804C000005D2332404FB0CFC08FB0ECC04E0332404FB0EFE08FB0CEC4FEADC15ACB2A24266DBA042B8BF2046019D2C441FFA84FECDF800E0069C032C50DB079DB84CAD7804EB85044FF0000ED4F804C0129C9E4518BFB6453BD02578DDF814A04FF0340B0BFB05AABCF94AB0BAF91A50BAF918A0A5EB0B05BCF948B0BAEB0B0A48BFCAF142
:804C8000000A002D48BF6D4255454FF0330B39BF0BFB05F508FB0A550BFB0AFA08FB05A5ED09ADB2AA4212DBA842B8BF2846DDF800A055449042B8BF0246ADB28D4206D289F8003089F80160294689F802E00EF1010E089D641CAE45B9DB09E09042B8BF02468E4504D289F80030714689F80160761C089C7F1CA64208DA61E79042B8BF45
:804D000002468842BCBF014689F800300298401C02905B1C08988342FFF61DAF09B0BDE8F08F2DE9FF4F4FF6FF71002283B00846012BC0F2F180109BDDF8448002937B23059D029E2C783678754D05EB8605039E6D68342707FB0466B5F94A40B6F91A70B6F91860B5F948503F1B751B48BF6D423E0048BF7642AE4204D233277E4303FBc2
:804D8000056503E033277D4303FB0655EF09BFB2B842C0F2B980049D0197022DC0F2AC80109E0025954200F0A180059C94F801A096F800E05A4C04EB8E04D4F804C0DDF80CE0BCF94A90BCF948C0342404FB0AE4B4F91AE0B4F91840AEEB090EB4EB0C0C48BFCCF1000CBEF1000F48BFCEF1000EE64505D2332404FB0EFE03FB0CEC04E0ac
:804E0000332404FB0CFC03FB0ECC4FEADC14A4B2A0426BDBA742B8BF2746DDF804E074441FFA84FECDF800E0049C032C54DBDDF840E04FF0000C944518BFAC4544D0059C94F802A09EF80090354CDDF80CB004EB89044FF03409646809FB0ABAB4F94AB0BAF91A90BAF918A0B4F94840A9EB0B09BAEB040448BF6442B9F1000F48BFC9F131
:804E80000009A1454FF0330A39BF0AFB09F903FB04940AFB04F403FB0944E409A4B2A04212DBA742B8BF2746DDF800904C448742B8BF3846A4B28C4206D288F8002088F80150214688F802C00CF1010C069C0EF1010EA445AFDB09E08742B8BF38468E4504D288F80020714688F801506D1C069C761CA54208DA55E78742B8BF38468F42cc
:804F0000BCBF394688F80020029D6D1C0295521C069DAA42FFF614AF07B0BDE8F08F0000142E0020806700207C670020546000202DE9F14FDFF8088DDFF8FCB0D8F8D00E0024332582B008F570664FF07B09002800F06D8096F800A008EB8A077868B0F94610B0F94400002848BF4042002948BF4942814239BF694309FB0010684309FBb8
:804F80000100C009BBF8AA1080B2884208D201F0EDFE002814BF03200220BBF8A61007E001F0E4FE002814BF03200220BBF8A410484300EBD070401080B20090029BD8F8D42E08F61C71504601F07EFAFF2821D04044192290F81C0F4FEA000108EB410393F88CCEBCF1FF0F06D0491C192928BF0021521EF2D103E083F88C0E83F88DAEfc
:805000003422029902FB00114A78521C4A707968C87005E0D8F8C00E40F02000C8F8C00E641CD8F8D00E761CE4B2844292D303B0BDE8F08FA83D0020FC4F00202DE9F041804682B00025002008F1010209E013782BB9DFF8EC3BEB186D1C83F8540F401C3432C0B28842B8BF192DF0DB012D59DBDFF8CC6BD6F8CC3E9D422CD3042B24BF07
:805080000320C6F8CC0E06F57760019006F6547000902B46D6F8CC1E06F6E4624046FFF741FDD6F8CC0E00273424D8B3B91991F8700F91F8E41E801990F8540F04FB008200F061FC7F1CD6F8CC0EFFB28742EDD302B0BDE8F081042DA8BF032506F57760019006F6547206F6E460009029464046FFF717FE00273424012D13DBB91991F8c4
:80510000540F91F8701FD6F8CC2E914206D2891904FB008291F8E41E00F035FC7F1CFFB2AF42EBDB02B0BDE8F0810000E8040020A4600020AC6000202DE9F34F82B0DFF8001B9DF80C300F8801930020C1F8CC0EC1F8D00E0022081DDFF8E83A4FF033084FF07B09002F75D00668FF27F7703778052F18BF062F64D0032F12D1B778002F07
:805180005FD1B6F848E0B3F8AC40B3F8AE50ADF800E00027B6F84A60BDF900B0ADF802500CE0042FEDD1D1F8CC6E7718761C87F8E42EC1F8CC6E44E07F1CFFB2019DAF423FDADDF808C0342505FB07CC36B2BCF91A50BCF918A0AD1BBAEB0B0A48BFCAF1000A002D48BF6D42554539BF08FB05F509FB0A5508FB0AFA09FB05A5ED09BDF8ab
:8052000002A0ADB2554514D3BCF81C502D1B7545BEBFBCF820506519AE45CDDABCF81E502D1BB6B2B542BEBFBCF822C0A4446645C2DAD1F8D06E7718761C87F8002FC1F8D06E521C0F88001DD6B2BE428CD3D1F8D00E28B9D1F8C00E40F00100C1F8C00E0020C1F8D40E00279DF80C00019026E0ED09B3F8AEA0ADB2554516D3B3F8AC5087
:80528000BCF81CA0AAEB050AB245BEBFBCF820A0AA44564525DABCF81E60761B8642BEBFBCF82260AE19B0421BDA0EEB010080F81C7F0EF10100C1F8D40E7F1CFFB2019887423DDAD1F8D4EEBEF1190F38D20298342202FB070C00208CF8010000220C1D01E0521C241D0E88D0B2B042E5D226683078052818BF0628F3D0032802D1B078d3
:805300000028EED1B6F84A00BCF91A50B6F84860BCF918A000B22D1A36B2BAEB060A48BFCAF1000A002D48BF6D42554539BF08FB05F509FB0A5508FB0AFA09FB05A597E7D1F8D40E28B9D1F8C00E40F00200C1F8C00E04B0BDE8F08F2DE9F14FDFF8E08882B0192208F5706108F6547002F07CFB08F6387000900025D8F8D80E4FF03409c6
:80538000002870D00098077800E01F46FF2F61D00298D8F8D02E09FB070408F65471204601F054F9FF2855D000EB0802FF2192F8540F82F8541F08EB80025368DB78FF2B22D0DDF808C009FB03CC9E469CF80160761E8CF80160192608EB4E0A9AF88CBE9B4504BF9AF88DBE834509D00EF1010EBEF1190F28BF4FF0000E761EECD103E03c
:805400008AF88C1E8AF88D1E4FEA070C4FF0190E08EB4C0191F88C6EFF2E0AD00CF1010CBCF1190F28BF4FF0000CBEF1010EEFD103E081F88C7E81F88D0E6078401C6070FF2B5068C77005D0029809FB0300407800289AD00098401C00906D1CD8F8D80EEDB285428ED303B0BDE8F08F4278032ABFBFB0F91A20FA32B1F90E309A4229DAd5
:80548000B0F94820B1F91830D21A48BF5242B52A06DBB0F94420002A48BF5242782A0FDBB0F94A20B1F91A30D11A48BF4942B52910DBB0F94600002848BF4042782809DADFF87C07D0F8C01E41F00401C0F8C01E01207047002070479C3D0020883D0020B43D0020C83D00208C3C00202DE9F04F044683B09246342000FB0A4000900D46f7
:805500004078002842D1009800F018FF060000F03782EAB22146504600F092FA0146FF290CD0DFF81C0700EB81004068B0F84410A6F84410B0F84600A6F846000098007809280EDBF08840F40040F080DFF8F806016841F0020101600020A6F84400A6F846000098B6F94410008B0818A6F848000098B6F94610408B0818A6F84A00DFF80a
:80558000B80D018800EB81004660D1E00098DFF8B0464078012859D100215046FEF7B0FD014604EB8105FF296868814618BF002800F0E68100980078092867DA00994846FFF754FF002861D0208819285EDA009800F0B4FE060059D0009800994078401C4870B9F84400A6F84400B9F84600A6F846000098B9F84810008BC1EB4000A6F8c6
:8056000048000098B9F84A10408BC1EB4000A6F84A000098B9F81C10008A401AB0830098B9F81A10C089401A7083B9F832007086B9F83000308650462588E9B2FEF746FD04EB850046602088401C20801425D4F8C00E40F01000C4F8C00E142104F6747001F098F8294604F57A6001F093F8294604F6B47001F08EF80A2104F6887001F0c6
:8056800089F800252F462E46284676E00098B9F92410B0F91800441A0098B9F92610B0F91A00461A99F8040020B1002089F804000024064609F14C0009F12801082202F0C3F90099B1E88C5509F10C00A0E88C55B1E88C51A0E88C510098007809280DDBB9F8060040F40040A9F806000024DFF85805016841F0020101600026A9F8444062
:80570000A9F84660B9F824002018A9F84800B9F826003018A9F84A0000206860484600F0F5F9DFF8140C018800EB8100C0F8049003B0DFF8040CDFF8001C0088401C0880BDE8F08F92F88D2EFF2A14D001ABEA546D1C04EB8202EDB25368B3F944209619B3F94620D719009A1278092A03DBDA8842F40042DA80401CC0B2009A5278904279
:80578000B8BF052D19DA84464FEA0A034FF0190E04EB430292F88C8ED04506D15FFA8CFCBCF1000FCED0ACF1010C5B1C192B28BF0023BEF1010EEBD1DDE71DB196FBF5F697FBF5F70020012D10DB01A9415C04EB8101401C4A68918C7118A2F84810C0B2D18C7918A2F84A10A842EEDB00992B4601AA5046FEF7A2FC4FF00008012DC0F280
:80580000BF8001A818F80000FF2800F0B28004EB800104EB8802D1F80490B2F8780EB9F84830181800EBD070C0034FEA104AB2F87A0EB9F84A30181800EBD070C0034FEA104BB9F92600ABEB000000B2C31BB9F92400AAEB000000B2801B48BF4042002B48BF5B4283424FF07B0C4FF0330E39BF0EFB03F30CFB00300EFB00F00CFB03003e
:80588000C00980B2B0F5C87F73DC0020486009F128010098007889F80C00D2F8740F20308009A9F81A0008220120A9F81C0009F14C0002F0C9F804EB4800B0F9941FA9F83010B0F9940FA9F8320000EBD070AAEB6000A9F82800B9F9320000EBD0700AEB6000A9F82C00B9F9300000EBD070ABEB6000A9F82A00B9F9300000EBD0700BEB8a
:805900006000A9F82E000099B9F806000978092901DA010408D5002340F4004051465A469C46A9F8060005E03346BC4603EB0A010CEB0B02A9F84A20A9F84810A9F846C0A9F84430A9F824A0A9F826B089F80450484600F0DBF8DFF8E009018800EB8100DFF8D419C0F80490DFF8CC090088401C088008F101005FFA80F8A845FFF641AF48
:8059800003B0BDE8F08F2DE9F04304468846DFF8B09209EB880081B04568B5F94A101646B6F91A00B5F94820401AB6F91810891A48BF4942002848BF404233227B23884239BF504303FB0100514303FB0010C70901F0CCF9002814BF032002209949B1F8A8104843B9B200EBD070B1EB600F1EDA41462046FEF76AFB7078401C7070EC70c5
:805A0000B6F91800B5F94810401AA5F84400B5F94A10B6F91A00401AA5F84600308BA5F84800708BA5F84A0001B0BDE8F083D9F8C00E40F01000C9F8C00E01B0BDE8F0832DE9F0468946342606FB009081B0048B458B924601F08AF9002814BF032002207849B1F8A410484300EBD0704010FF220021332324B22DB24FF07B0CBAF1000F7b
:805A800005D1FF2001B0BDE8F086714521D006FB0197B7F91AE0B7F91870A5EB0E0EE71B48BF7F42BEF1000F48BFCEF1000EBE4539BF03FB0EFE0CFB07EE5F430CFB0E7E4FEADE1E1FFA8EF780B287423CBF38460A46491CC9B296465145D6DBFF20BEF1FF0F1EBF06FB0E91497800290BD000211046FEF705FBFF2805D0514A02EB80015c
:805B0000496801B9FF2001B0BDE8F08630B5044681B020784B4D012812D002D3032831D02AD3B5F85610B4F9182091420BDA444A6178D2F8E02E914202DB0220207006E06178491C6170022818BF012844D1DFF8281CE0880978C1B9010402D5217B0A293AD1B5F89E10B4F9322091421CDBB4F93020914230DA17E06078401C6070012063
:805B80002070E4E701202070E1E7010402D5217B0A2921D1B5F8C012B4F932209142A4BFB4F93020914217DA2549D1F8C02E42F48062C1F8C02E40F40040E0800020A4F84400A4F84600606AA064092020731E48016841F002010160287DC0072DD52078042814D1B5F89620032304F1240104F1540001F0BBFFB5F8962004F1240104F117
:805C0000540001B0BDE83040002301F0AFBF6078DFF8685B009003222B6804F1240104F1540001F0D8FF6078009000222B6804F1680104F1540001F0CEFF01B030BD0000142E0020FC4F0020045F00202DE9F34FDFF8F4B9DFF8E0560220CBF8E00E83B0DBF8C40E18BB28806860062105F108005FF0000240F8042B40F8042B40F8042Bb1
:805C800040F8042B491EF5D1ABF86E200BF1FE005FF0060120F8902B20F8902B20F8902B20F8902B491EF5D10120CBF8C40E29460498CBF8DC0E6822584601F0D5FEBBF8001000260BF1040061B10168CA8812045CBF0A6CC1F88A20BBF80010761C001D8E42F2DB002028806860062105F108005FF0000240F8042B40F8042B40F8042Bb2
:805D000040F8042B491EF5D10498012850DB01460398243011F0030200F01080B0F90030002B44BF10230380B0F90230002B44BF10234380521E3430002AEFD1890837D0B0F90020002A44BF10220280B0F90220002A44BF10224280B0F93420002A44BF10228286B0F93620002A44BF1022C286B0F96820002A44BF1022A0F86820B0F9d8
:805D80006A20002A44BF1022A0F86A20B0F99C20002A44BF1022A0F89C20B0F99E20002A44BF1022A0F89E20491ED0300029C7D10020CBF8C00E039800281CBF0498002800F0F38103F028FABBF8000000260BF1040780B13A6842B1107B092805DB049902F1280003F0B6F90490BBF80000761C3F1D8642EEDBFF2232210BF68C6003F0fa
:805E00000DFA04990398C9B2FFF796F904990398FFF78EF8DBF8D40E002100285FD00BF61C7200F0030734239FB11678DDF80CE003FB06EE9EF80140002C06D1192904D201EB0B04491C84F8386F7F1E521C002FEBD1860843D01778DDF80CC003FB07CC9CF80140002C06D1192904D201EB0B04491C84F8387F5778DDF80CC003FB07CCc0
:805E80009CF80140002C06D1192904D201EB0B04491C84F8387F9778DDF80CC003FB07CC9CF80140002C06D1192904D201EB0B04491C84F8387FD778DDF80CC003FB07CC9CF80140002C06D1192904D201EB0B04491C84F8387F761E121D002EBBD1CBF8D81EDBF8D01E81423EBF401ADBF8D81E88423CBF0398FFF72FFADBF8CC0E18B108
:805F000004990398FFF79AF8049800260128C0F2D9800398018AADF80010BDF90010002900F0B580417801910229C0F2B08000235FF000025FFA86FC1746E6464FF0FF084FF019090BEB4E0A9AF88C4E644502D1FFB25FB17F1E0EF1010EBEF1190F28BF4FF0000EB9F10109ECD101E09AF88D8EB8F1FF0F0AD00BEB88077C682778022F2f
:805F800013BF012FB4F91C70FB185B1C521C8A42D0DBBDF900209A4279DA002300220BE07F1E0CF1010CBCF1190F28BF4FF0000CBEF1010E08D1521C019FBA4249DAF4B21746A4464FF0190E0BEB4C0999F88CAEA245E6D1FFB2002FE2D199F88D7EFF2FE9D00BEB870CDCF8044094F800C0BCF1020F18BFBCF1010F29D1B0F81AC0B4F8cc
:806000004AE0B4F84840ACEB0E0EB0F818C0BCEB040C48BFCCF1000CBEF1000F48BFCEF1000EE6454FF07B044FF0330939BF09FB0EFE04FB0CEC09FB0CFC04FB0ECC4FEADC14A4B2A342B6DA23463946B3E7394600E0E3B1F2B213465FF019070BEB430494F88CEE964504BF94F88DEE8E4506D05B1C192B28BF00237F1EEFD104E0FF21a2
:8060800084F88C1E84F88D1E4178491E4170761C049934308E42FFF63DAF03985FF0000600F11007B7F9000038B12888192804DA04990398F2B2FFF719FA0498761C34378642EFDB288802286FDB0026281DDFF8B0A607E0E1888904890CE18001212173761C001D29888E425FDA0468227B0A2AF6D104F1280200232F1D1FE0BAF8C29289
:806100000EEB490EC645A1BFB2F804E0BCF80080A8EB4908C6450FDBBCF806E0B2F802800EEB490EC645A1BFB2F806E0BCF802C0ACEB490CE645D3DA5B1C3F1D8B42C9DA9E42F9D0D7F800C0BCF806E05FEA0E4EF2D5DFF82496B2F8008099F800900CF1280CB9F1000FBCF804E0C7D1BAF8A0900EEB490EC645A1BFB2F804E0BCF80080a8
:80618000A8EB4908C645D7DBBCF806E0B2F802800EEB490EC645A1BFB2F806E0BCF802C0ACEB490CE645C7DB9AE7BBF80000DFF8CC85DFF8D095DFF8C8A500260BF10407002800F07D803C68002C72D02078401E05286ED8DFE800F003034A6A5D6A03202070E088000404D50020A4F84400A4F84600207948B1B4F84800B4F84A20002156
:80620000A4F84610A4F8441011E0B4F94410A08CB4F848C0B4F94630E28C08186144A4F848109A18B4F84A105918A4F84A10E284A0849AF81400C00715D5607800900322D8F8003004F1240104F1540001F0C3FC607800900022D8F8003004F1680104F1540001F0B8FC0020A0700EE0E088000404D5A078411CA1700A2806DB99F801001c
:80628000042814BF0620052020702888192805DB0FE006202070288819280ADA288805EB800044602888401C288002E000202070E080761CBBF800003F1D8642FFF683AF2888421E0021281D00F093F8BAF8A200298888421DD200212A1DD0B113681E78042E10D100E0401C2E88B0420BDA05EB800677683C78042CF5D0176073603E89eb
:806300001C893C811E81491CBAF8A230121D9942E4DBDFF87414DBF8C00E09688A0748BF40F48070C90748BF40F40070CBF8C00E05B02846BDE8F08FC0600020F0B5C249B1F86E3081B001F168040022C3B1012201F1F804E3887BB19034521CE3885BB19034521CE3883BB19034521CE3881BB1521C9034192AEDDB192A08BF002036D0de
:80638000D1F8C83E13B90123C1F8C83E521CE280D1F8C82E2281521CC1F8C82E04F10C01B0E8EC50A1E8EC50B0E8EC10A1E8EC100420207000206070A0702071A4F84400A4F846000323DFF8B853B5F8962004F1240104F1540001F0C9FBB5F89620002304F1240104F1540001F0C0FB204601B0F0BDF0B5154681B00446A94262DA0E4643
:806400002B4654F826709E4253DA00E05B1E9E421DDA54F823003A890089904217D35B1E9E4214DA54F82300008990420FD35B1E9E420CDA54F823000089904207D35B1E9E4204DA54F8230000899042DED254F8232044F8262004EB860C00E0761C9E4221DA5CF804EB3A89BEF8080082421AD3761C9E4217DA5CF804EBBEF80800824212
:8064800011D3761C9E420EDA5CF804EBBEF80800824208D3761C9E4205DA5CF804EBBEF808008242DAD254F8262044F823209E42ADDB44F82670721E2046FFF79AFF711CA9429CDB01B0F0BD2DE9FC4F024688465D4800EB820181B04968019D0091FF2200234FF6FF71012DC0F2A980DFF89C5298F800A0BAF1FF0F00F09A80029C342692
:8065000006FB0A4A009EBAF81840B6F8486024B20FFA86FBB4EB0B0654BFA4EB0B04ABEB0404009EB6F84A601FFA84FCBAF81A4024B20FFA86FEB4EB0E0654BFA4EB0E04AEEB0404C5F800C0A4B26C60009EB6F944703E46002E48BF7F42BFB2AF60EE60874EB6F8AA602E61BE4205DA06FB0CFC9CFBF7FC1FFA8CFCC5F814C0009FB7F96c
:806580004670002F48BF7F42BFB2AF61BE42BCBF744394FBF7F4C5F81CC0A4B2BCF1000F48BFCCF1000C002C48BF644264454FF07B0704D23326744307FB0C4C04E0332606FB0CFC07FB04CC4FEADC14A6B22E62BDF83040A64216DB694CBAF81C70B4F8AC403F1B5F45BEBFBAF82090A144CB4518DABAF81E703F1B7745BEBFBAF822A006
:806600005444A6450EDA5E4CB4F8AE40A642B8BF8E4202DA31461A460AE0D0F8C04E44F0400A03E0D0F8C04E44F0800AC0F8C0AE019C5B1C08F10108A342FFF659AFD0B203B0BDE8F08F0000142E00202DE9F44FFF2782B005464FF6FF7B4FF00008012AC0F286800C462078FF287AD0484901EB80004068B0F93220B0F84810A1EB62032a
:806680001FFA83F94A44ADF8022009B2B0F93030B0F84A20A2EB63061FFA86FA5344ADF800302B8B1BB25E1A54BF591AC91A6B8B1BB212B29E1A54BF9A1AD21AB0F94430002B48BF5B422E4EB6F8AA609BB29E4203D289B2714391FBF3F1B0F94600002848BF404280B2864203D292B2724392FBF0F288B292B2002848BF4042110048BFea
:806700004942814205D233237B22594302FB001004E033237B22584302FB0100C60900F025FB002814BF032002201549B1F8A4104843B2B200EBD070B2EB600F0DDB288B81453CBFBDF8021088420AD2688B82453CBFBDF80010884203D25A453CBF93464746029808F10108641C8045FFF67BAFF8B203B0BDE8F08FF81F0020586700206f
:80678000FC4F002090660020045F0020D8630020142E0020002202F045BD50F8041B61B150F8042BD30744BFA9F101039A18002342F8043B091FFAD1EFE7704710B50400DFF8C0090068206002F0B1FDA0600020E073002060750020E0820020207600202073012060730020C4F857000020C4F847000020607410BD80B5DFF84C1D416024
:80680000002142681268904701BD80B54160002142681268904701BD10B504002000616849688847C4F8530010BD73B50400E57BA07B002802D0DFF8506901E0DFF80C6D60688068002805D02000616889688847009001E030680090A07CC00712D5BDF9000010F5004F0AD1BDF90400ADF80000EDB2012D03D1206830F080002060BDF823
:8068800000003080A07C800712D5BDF9020010F5004F0AD1BDF80600ADF80200EDB2012D03D1206830F080002060BDF802007080009876BD10B5040020006168C9688847D4F857100843C4F8570010BD80B541680969884702BD38B504000D00200061684969884768602068C009296860F3C7112960210028006A6812689047E87B0228ad
:8069000003D1D4F84B00C5F84B00A07BA87331BD2DE9F04184B00400D4F8575000263700DFF8040DDFF8041D09685D2202FB0108DFF8580D0068C0F3C03000280ED06068806900280AD00B2200A9200063689B699847012802DB00A802F08EFEDFF82C0D0068C0F34030002817D0DFF818080068C0F30010002806D1DFF8100D0068C0F331
:80698000801000283BD00127DFF8000D006830F04000DFF8F81C086031E0DFF8E8070068C0F30010002810D015F00C0F27D000F0DBFEDFF89C1B0860DFF8D00C006850F04000DFF8C81C086019E0C5F34000002815D0DFF8B80C0068C0F38010002808D0DFF8A80C006830F04000DFF8A01C086005E098F8080050F0010088F80800280906
:806A0000DFF88017096860F34511DFF878070160C5F30010002827D0DFF8700C006830F00800DFF8681C086035F01005DFF85C0C0068C0F38010002812D000F095FEDFF8101B0968401AA168498F884208D30126DFF8380C006830F04000DFF8301C0860D4F84300C8F8000056EA0700C0B2002809D098F8080050F0100088F80800002098
:806A8000DFF8CC1A0860C5F3C000C00702D4FFB2002F2ED003F0E2F804F050F9DFF8E406006830F00800DFF8DC160860DFF8D406006830F01000DFF8CC160860DFF8C406006840084000DFF8BC160860DFF8B406006830F00200DFF8AC160860DFF8A406006830F00400DFF89C16086035F0080543E0C5F3800000281CD003F0AFF8DFF8ba
:806B00008406006830F01000DFF878160860DFF87406006830F00200DFF868160860DFF86406006830F00400DFF85816086035F0040522E0C5F34000002812D0DFF84406006850F00800DFF83C160860DFF83406006850F01000DFF82C16086035F002050BE0E80709D5DFF81C06006850F00800DFF8101608606D086D00280004B0BDE8e1
:806B8000F08180B5417B002901D004F05EFA01BD80B5DFF8F81A0968C1F3C02100290ED0DFF8B40BB0F90010012004F01CFDDFF88C0CB0F90010022004F015FD01E004F0EEFA01BD10B50020DFF8B81508600020DFF8B81A08600020DFF8A41B086004F0E3FB02F039FB48220021DFF8980B02F0A0FB2E220021DFF8C80B02F0BDFB05F038
:806C00000FFADFF8840BDFF8781B09685B2202FB01042000FFF7D2FD2000FFF7EDFD002005F02DFC14F1080005F052FA2000FFF7AFFF05F054FE0020DFF8F01908600020DFF8E419DFF8E42912685D2303FB02110872DFF86C0B06F051FADFF8541C4FF4806006F077FB10BD10B50400DFF8880B007864F30000DFF8801B087005F051FBaf
:806C8000C00655D4DFF8040A007810F0060F4FD1E4B2002C02D0012005F0F1FB07F01EFD04280CD105F0D1FB00F0D4FDC0B2DFF8DC19096860F3C711DFF8D0090160DFF8CC090068C0F3C01010F00101DFF8B80ADFF8AC2A12685B2303FB02008173DFF84829DFF848391B685D2404FB0322127A61F38612DFF83019DFF830391B685D2486
:806D000004FB03110A72FFF743FF002005F044FADFF87809006850F00800DFF87019086005F08AFB012005F037FA002005F0A7FB10BDDFF8C40A007810F00100704780B505F0EFFAC0060AD5022005F025FADFF83C09006830F00800DFF83019086001BDDFF828090068C0F3C0007047DFF814040068C0F30010002807D1DFF81009006823
:806D8000C0F3801010F0010000E00120C0B27047DFF8E0090068C0F3C0007047DFF8D409407810F00F00704770B582B0DFF8D809DFF8CC1909685B2202FB0104E57B05F082FA06000F2005F083FAB00702D5EDB2012D09D0700702D5EDB2022D04D0300770D5EDB2032D6DD114F1430005F0CBF9DFF8440B0068002804D0206850F040002e
:806E0000206003E0206830F0400020602000FFF703FDEDB2022D31D0A07B002802D0DFF81C6B01E0DFF84C6B607C00280BD03068009000992000FFF7F8FCC4F84B00D4F84B00306002E03068C4F84B0005F06EFA4FF4407108420CD014F1430114F1080007F028FFC4F84F004FF4407005F063FA04E0DFF8480B0068C4F84F00EDB2012D1e
:806E800004D017D3032D08D00ED313E0BD48006850F00100BB4908600CE0BA48006850F00200B849086005E0B648006850F00400B4490860DFF8D407006850F00100DFF8CC170860DFF8180B0068401CDFF8101B086073BD80B5DFF8B4070068C009DFF8AC17096860F30821DFF8A007016007F0F5FB002806D0022826D00ED3042815D0bf
:806F00002BD340E0DFF88407006830F08000DFF87C17086000F094FC35E0DFF87007006830F08000DFF8641708602CE005F08DFA00F090FCC0B2DFF85417096860F3C711DFF8480701601EE0DFF84007006830F08000DFF83817086015E0DFF89C08007810F00100DFF890180978C9B2490811F001010840C0B2DFF81417096860F3C71175
:806F8000DFF80807016001BD2DE9F04182B00600002400255FF00008002700F0E8FB002820D000F0F3FB0600C6F3012080B2C0B2002802D0022802D002E0012400E00125C6F3C01080B210F00107C6F301281FFA88F800F0D1FB010009B2300080B206F0B9F99FE007F07AFB012800F09B8007F075FB042800F09680DFF890060068C0F3f6
:807000004020002806D05F480068C0F3001010F0010700E00027DFF87406006830F40070DFF868160860DFF8D0070078C0F30110C0B210F10108B8F1040F01DB5FF0000807F05CFB00909DF80000FF284DD09DF8000010F00F000F281AD04A48407810F00F00032810D1DFF87C090078401CDFF874190870DFF86C090078022190FBF1F230
:8070800002FB1102002A03D1012501E05FF00008B8F1000F07D0B8F1020F14D00BD3B8F1030F18D0F4E79DF8000010F0110011281BD15FF001089DF8000010F02200222813D15FF002089DF8000010F0440044280BD15FF003089DF80000C0F3C000C00703D59DF800000006D0D400F045FB10F5004F02D000F040FB0600EDB2002D01D0b5
:80710000022000E00120310009B210F0030018F00302120252EA8020FFB250EAC71080B206F018F9DFF8D0060068DFF8BC180860DFF8C406007810F0FE00DFF8BC160870DFF8B406007867F34100DFF8AC160870DFF8A406007864F38200DFF89C160870DFF89406007865F3C300DFF88C160870DFF88406007868F30510DFF87C160870fe
:80718000BDE8F381C0660020A404002038B5DFF8FC040078C00740F1B181DFF8EC05DFF8E01509685B2202FB0104DFF8E0040068C0F3003000282ED0DFF8D004006830F48050DFF8C8140860DFF8C0040068C0F38030002808D1DFF8B404006850F40050DFF8A814086016E06068DFF80018884211D005F074FBDFF89404006830F48040cc
:80720000DFF888140860DFF88404006850F40050DFF8781408602000FFF74CFB2000FFF755FB002830D0DFF864040068C0F34030002829D125002000FFF76AFBC5F857002000FFF79EFC207C00280BD0DFF83C040068C0F3C000002840F0E580022004F09BFFE0E0DFF824040068C0F3C000002800F0D9802800FFF78BFC002004F08CFF85
:80728000012004F089FFCEE0207C002802D0022004F082FF2000FFF73BFBDFF8E4040068401CDFF8DC140860DFF8D4040068022803DB0020DFF8C8140860DFF8CC04DFF8C01409685B2202FB01052800FFF776FA2000FFF756FCDFF8B4030068C0F34030002819D00020DFF88C140860DFF8FC162800FFF78AFADFF89403006830F4005087
:80730000DFF888130860DFF88403006850F48040DFF8781308601EE029002000FFF7DBFADFF868030068C0F38030002813D007F028FE002808D1DFF85403006830F48040DFF84813086006E06068DFF8A016884201D105F0E5FA15F1080004F0B9FECB480068C0F3C000002809D02800FFF710FC002004F011FF012004F00EFF53E0AB485a
:807380000068DFF86C160860A8480068401CA7490860A6480068022802DB0020A34908600020A149A14A12685D2303FB02110872DFF8C0030068C0F3C000002802D003F0F5FB00E00020DFF8AC13497860F30301DFF8A003417007F0D4FD002814D1DFF894030068C0F3C00000280DD0DFF8E0050078042808D1DFF87C03407810F00F0069
:80740000042801D000F014F9DFF86803407810F00F00002807D0DFF85C03407810F00F00DFF8AC15087099480068C0F3C00000285ED1D0480068C0F3C000002802D1012005F01DF8FFF746FDCA480068C0F3C000002807D007F095FD002803D1B4F94D00401001E0DFF8480400B2FFF78DFD87480068C0F34010002805D0012002F0F5FB6d
:80748000022002F0F2FB07F07CFD002830D107F009FF00282CD109F063F9002803D009F03BF9012820D1DFF84C050078401CDFF844150870DFF83C050078032818DB00F03FFA002814D10020DFF8281508706F48006850F010006D4908606C48006830F400706A49086003E00020DFF8081508706648006840084000644908606348006876
:80750000C0F3400000281ED004F00BFFC0070CD5022004F041FE012004F0B1FF5B48006830F00800594908600DE004F041FF5748006830F00200554908605448006850F004005249086031BD207A0100A8040020D466002010B5A048DFF8941409685D2202FB0104207AC0B2000910F0010000282ED1200003F03AFB44480068C0F38030c1
:80758000002808D0207A10F0FD002072207A10F0FB00207207E0207AC0B2800910F00101200002F076FBDFF84004007884F85B00DFF84404007884F85C00DFF82C040068DFF834140860DFF834040068606004E0206800F53850E0302060200010BD80B504F09FFEC0070FD5022004F0D5FD2748006830F00800254908602448006850F08c
:807600000200224908600DE004F0D2FE1F48006850F004001D4908601C48006830F002001A49086001BD0000D05A0020C866002080B51648006850F01000144908601348006850F0200011490860012002F00DFB022002F00AFB01BD32480068C0F3001070473048006830F010002E4908602D48006830F020002B490860704729480068d9
:8076800050F480502749086070470000D066002010B582B004F0EFFF040041F2883100A805F009F800283BD00098642817D2E4B2002C07D0DFF848030068401CDFF84013086020E0DFF83803006801281BDBDFF830030068401EDFF82813086013E0E4B2002C07D1DFF818030068401CDFF81013086008E0C2480068012804DBC04800687f
:80770000401EBF490860BE480068052808DB94F001040020BA4908602000C0B204F0AAFF13BD0000D066002010B500F01DF80400B4480068201A33280CD3A9480068B2490968884202D104F09DFF01E0AE490860AC48046010BD0000A6670020AB480068401CAA4908607047A84800687047A84800787047C0660020A648B0F9000070479f
:80778000C4660020207701008C5B0020A248007800280ED0A1480088010001F2575111F03F02C1F3851151EA82119C4A118080B201E09A48008870470F48006870470000207801009549088001209149087000209149087070470000D05A002001208C49087001208C49087070470020884908700020894908707047D86600208848006818
:8078000050F400708649086070478348007870477F4800787047C0B27E490880704724487C49088070477B48B0F9000010F5004F01D0012000E00020C0B27047A867002000207849086000207749086000207749086070477649086072490968401A002805D471490968714A126891420FD100201DE06D49096801F5AF3128316A4A11609b
:807880006A49096801F5AF312831684A1160674909688842EDDA64490968884205DB63490968884201DA012000E00020C0B270470080FFFF80B55E4909685A4A1268891AC0B2002831D0002905D457480068574A1268904201D1012016E05648814201DA002011E05448814201DB01200CE0080001E0524A1018524A9042FADA4D4A904299
:8079000001DB012000E00020C0B2002812D04548006808184349086045F648504249086048F628404149086004E04648814201DBFFF786FF01BD000060670020E466002080B506F0CBFE36490968C1F3803100290CD1C0B2032802D0C0B2042806D13048006810F4C07F01D0012000E00020C0B202BD0000E8660020704710B582B00400f3
:8079800027480068C0F3C030002801D1002014E001F079FE052801D200200EE001F069FE0090200000A9032200F04EF8E01C052101F06EFE0B214843C01C16BD007D01001749096860F3CF311548016070470000E067002012480068C00B10F001007047E0660020E1670020DC660020AC7A0100CC660020E2670020EC6600201C670020ae
:807A0000F0660020F4660020F8660020FC660020E3670020DC040020E4670020AA670020D066002004670020086700200C67002000670020CC230100D4540400D8A1FEFF849801002411070062B38B0708D0521E11F8013B00F8013B00F024808B07F6D1830740F0208000BF103A07D330B4B1E83810103AA0E83810F9D230BC530724BF36
:807A8000B1E80810A0E8081044BF51F8043B40F8043BD20724BF31F8022B20F8022B44BF0B7803707047083A07D3B1E80810083A40F8043B40F804CBF7D25307E4E7000070B481B0B1F90020B0F91830B1F90240D31A428B1BB2A41A24B2002B4CBF5D421D46002C4CBF6642264675192D04868B6D0C7619F603360C8683C82DB8BFC82E99
:807B000023DA0FF21421715C002B06D55B424B4340335B021B145B4203E04B4340335B021B14058B5B19ADF80030002C07D5634259434031490209144C42A11809E0614340314C022414A11803E00A88ADF800204988ADF80210BDF800100183BDF802104183009801B070BC70470000032B31D8DFE803F0022121230123838652080B8815
:807B800003834B88438300238383C3830B8803804B88438002860B889A1A0285038E0A889A188285038E4A88D21A42854988028E5118C1857047002282860FF258120B68126843608260C260002280F83220096841610160704710B582B00446032A12D0A08E0028204605D100F012F86069206002B010BDFFF764FF009000A9204600F070
:807C000042F802B010BD00F003F802B010BD000070B40B884A88002400EB8405641CAE88ED88F318AA18E4B2032C09DA00EB8405641CAE88ED88F318AA18E4B2032CEBDB90F83240641C80F83240E4B2062CA4BF032480F8324090F83240032C02DB9B08920804E0661CB3FBF6F3B2FBF6F2032CA8BFE41EE4B2096800EB840461608382dc
:807C8000C28270BC704770B40A88038D4988858D9342B8BFAA4205DA468D8E42BCBFC68DB14234DB934204DB048E134603EB44040EE0AA4204DB038E1446A4EB430307E0AE1AD41AA642B9BF2C1D1B1D2C1F1B1F84850385438DC58D1C468B4204DB048E0B4603EB44040EE0A94204DB038E0C46A4EB430307E06E1ACB1A9E42B9BF231D23
:807D00002C1D231F2C1FC48543850280418070BC70470000000000000808080808080808080808080808090A0A0B0C0C0D0E0E0F101011111213131415151617171818191A1A1B1C1C1D1E1E1F202021212223232425252627272828292A2A2B2C2C2D2E2E2F303031313233333435353637373838393A3A3B3C3C3D3E3E3F40404141424e
:807D800043434445454647474848494A4A4B4C4C4D4E4E4F505051515253535455555657575858595A5A5B5C5C5D5E5E5F606061616263636465656667676868696A6A6B6C6C6D6E6E6F707071717273737475757677777878797A7A7B7C7C7D7E7E7F802DE9F0430446DFF82C5D0FF604310120C5F8380581B02A465FF00500B1E8C85326
:807E0000A2E8C853B1E8C851A2E8C8513439B1E8C853A2E8C853B1E8C851A2E8C8513439B1E8C853A2E8C853B1E8C851A2E8C8513439B1E8C853A2E8C853B1E8C851A2E8C8513439401ED9D1DFF8CC0CDFF8CC3C00681E68DFF8C82CC01DC0100021012E65DB164601285DDB10F0030C13D0002706F8017B06F8017B06F8017B06F8017B00
:807E800006F8017B06F8017B06F8017B06F8017BBCF1010CEBD1870800F044804FF0000C06F801CB06F801CB06F801CB06F801CB06F801CB06F801CB06F801CB06F801CB06F801CB06F801CB06F801CB06F801CB06F801CB06F801CB06F801CB06F801CB06F801CB06F801CB06F801CB06F801CB06F801CB06F801CB06F801CB06F801CBa6
:807F000006F801CB06F801CB06F801CB06F801CB06F801CB06F801CB06F801CB06F801CB7F1EBBD11E68491C8032B14299DB4FF44F6105F23C50FEF72DFC256001B0BDE8F08300002DE9FD4F8CB0DFF8D80B0C9A02EB820300EB83025088059090880690D0880790108909900598009008B1401E009007980290DFF8A00B0668029B741E62
:807F8000A3423CBF5B1C0293069C04B1641EDFF88C5B099B2D6804936D1EAB423CBF5B1C0493079B059D069FDFF868CB9CF810C45B1B099DED1B5B1C6F1CDFF86C5BBCF1000F14D1B5F84AC09C45A4BFB5F84CC0BC4520DBB5F84EC07B439C45BEBFB5F85030B2F90A70BB4280F29A8013E0B5F8B8C29C45A4BFB5F8BAC2BC450BDBB5F870
:80800000BCC27B439C45BEBFB5F8BE32B2F90A70BB4280F28580DFF8FC0ADFF8F81AD0F8140440F48070C1F814043423D1F8380503FB0011A1F134060FF6B401B1E89853A6E89853B1E89851A6E89851343E9189F181401C9189B1810599B180079931810699F18009997181EB8E0599B5F93A4003FB014101F58051B183EB8E079C03FBae
:808080000433B5F93A40E31803F580533384069C2F8FB5F93CC007FB04C404F58054F48389B22C8F099FB5F93C5004FB07449BB22C19591804F5805401EBD171748449103183738CF18B591801EBD17149107183B6F91C30B6F92010C91AF184B6F91E30B6F92210C91AB184518931820921317014280C993163DFF8341A0A6842F001023f
:808100000A60DFF8101AC1F83805C0F0EA831320C1F838050FB0D1F83805401EBDE8F08F009B029A9A420ED3DFF8E82902EB830202F583624FF0FF3742F8047B5B1CDDF808C09C45F8D2009A06FB04220A922646049AB242C0F0D981009A02EBC412920002F1A24201920C464FF0FF37019A0A9BDDF808C008923946DFF898299A18009B9a
:8081800002F23C524FF00008BCEB030FC0F0B081DFF880C90CEB830C0CF5836E4FF0000C82F800C0DDF820C0BCF900C0BDF93490B9F1000F02D0E145B8BFCC461BB9644572DA002176E0B5F8629009EB0C0AC24531DA11F1010F67D0A2F10108994263D2591A11F0030908D0B9F1010998F800A04AF0400A08F801A9F6D1890854D0491Ee4
:8082000098F8009049F0400908F8019998F8009049F0400908F8019998F8009049F0400908F8019998F8009049F0400908F80199E5D139463EE0C844E04502DA644533DA37E0A44532DA11F1010F33D0A2F10108994229D2591A11F0030908D0B9F1010998F800A04AF0400A08F801A9F6D1890800F01A8098F8009049F0400908F80199dd
:80828000491E98F8009049F0400908F8019998F8009049F0400908F8019998F8009049F0400908F80199E5D1394603E011F1010F00D119463EB96445ACBFB8464FF00008CEF80080C7E0DDF82080A8F50078B8F90080BDF93490B9F1000F02D0C145B8BFC846B5F8629009EB0C0AC24552DADEF8009019F1010F00F0AE80D0F80080A2EB32
:808300000808B14580F09D80A6EB090919F0030A00F00D8098F800B04BF0800B88F800B0BAF1010AD0F800B0A8EB0B08F2D15FEA990900F0868000BF98F800A04AF0800A88F800A0B9F10109D0F800A0A8EB0A0898F800A04AF0800A88F800A0D0F800A0A8EB0A0898F800A04AF0800A88F800A0D0F800A0A8EB0A0898F800A04AF0800Abc
:8083800088F800A0D0F800A0A8EB0A08D4D1CEF8007060E0C844E04506DA6445B4BFB046B846CEF8008056E0A4454DDADEF8009019F1010F4FD0D0F80080A2EB0808B1453FD2A6EB090919F0030A0CD098F800B04BF0800B88F800B0BAF1010AD0F800B0A8EB0B08F2D15FEA99092AD098F800A04AF0800A88F800A0B9F10109D0F800A086
:80840000A8EB0A0898F800A04AF0800A88F800A0D0F800A0A8EB0A0898F800A04AF0800A88F800A0D0F800A0A8EB0A0898F800A04AF0800A88F800A0D0F800A0A8EB0A08D4D1CEF8007006E0DEF8008018F1010F08BFCEF80060E046DDF820C00CF10409DDF808C05B1C521CCDF820900EF1040E9C45BFF493AE0268029BA2F1010C6345c6
:8084800036D111F1010F33D0DDF808C0DFF8843606FB02CC634403F23C58914280F0288098F8002042F0400288F80020491C0268A8F1010391421BD21A7842F0400203F80129491C0268914212D21A7842F0400203F80129491C0268914209D21A7842F040021A70491C0268A3F101089142D7D30A99026851180A91761C019901F50071e2
:8085000001910499B142BFF431AEDFF8102604991268521E914254D1009B0299994250D3DFF8F01501EB830101F58362116811F1010F41D00568049EDFF8D84506FB05352C1904F23C58DFF8D4452468A14233D298F8004044F0800488F80040491C0468A8EB0405DFF8B4452468A14224D22C7844F080042C70491C04682D1BDFF89C45a0
:808580002468A14218D22C7844F080042C70491C04682D1BDFF884452468A1420CD22C7844F080042C70491C0468A5EB0408DFF86C452468A142CBD302995B1C121D9942B4D20699059A0368059C02EBC11203FB014104910699099B0191019CDFF84015A342C0F071815318920002F1A2420A930B920B9A049B079C0892DFF818259A182f
:808600000A9B009302F23C52059B9C42C0F04981DFF800451578D4F8384505F0C005C02D40F02D81002503951427059DAB421FBF009D15F8015C8DF80C50002D02D0142DB8BF2F46019D069EB54222D0009D15F8805C8DF80E5015B1BD4238BF2F46059DAB421FBF009D15F8815C8DF80D50002D02D0BD4238BF2F46079DAB421FBF009D47
:8086800015F87F5C8DF80F50002D02D0BD4238BF2F46089DB5F90050002D48BF00253E46142E00F0C580DFF86CC44FF0340E0EFB06C6343E0296B6F80EC0AC44A6F80EC0B6F804C0634538BFB380B6F808C09C4538BF3381DDF804C0B6F806E0F44538BFA6F806C0B6F80AC0DDF804E0F44538BFA6F80AE0B6F810C00CF1010CA6F810C028
:80870000B6F90CC0AC45B8BFAC46A6F80CC00426009D2F700DF10C0595F800C0BCF1000F18BFBC4500F08080DFF8E8E34FF0340808FB0CEE17B9AEF1340E63E0DDF80880AEF1340E08F10409BEF80EB0B9F80AA0DA44A9F80AA0BEF810B0B9F80CA0DA44A9F80CA0B8F804B0BEF804A0DA4588BFDA46A8F804A0BEF808B0B9F804A0DA4542
:8087800038BFDA46A9F804A0B9F802B0BEF806A0DA4588BFDA46A9F802A0BEF80AB0B9F806A0DA4538BFDA46A9F806A0B9F908B0BEF90CA0D345B8BFD346A9F808B0BEF80680BEF80A90C145C0F21C80BEF804A0BEF808B00AEBC819D3450DDB19F801B0E34508BF09F80170BEF808B00AF1010A09F10109D345F1DABEF80A9008F1010835
:80880000C145E3DA0FF2E80CBCE8000FAEE8000FBCE8000FAEE8000FBCE8000FAEE8000FDCF80080CEF800806D1C761E2AD073E7B84E342707FB04660FF2B407B7E8005F343EA6E8005FB7E8005FA6E8005F3F6846F83079F581B3803381019FF780019F778101273782022737700C9F3763B581009D2C70641C142C04D3132402E0009E0f
:80888000002535705B1CA34DC5F83845521C089C241D0894009C641C0094079C9C42BFF4B7AE019A0368521C0192049A9A1804920B9A019B02F500720B920A9A80320A92099A9A42BFF495AE9248924AD0F83805431EBDF9380000F025F88E49401CC1F838050FB0D1F83805401EBDE8F08F00000000000048002E0000000000000000003d
:808900000000000000000000000000000000000000000000000000000000000000000000FFFFFFFF2DE9F04714461D46064627464FF00008012DC0F28D80DFF8F091DFF8E8A13878022840F07F80B7F90E00B7F91010002808BF002920D06E4890F8102432B9BAF846208A421ADABAF8482005E0BAF8B4228A4213DABAF8B62291420FDAf2
:808980003246394608F1010000F0D2F89AF81400800744BF384600F0A5FB0120387053E0B988BAF83620BAF93A3002FB013101F58051B983BAF836203B8902FB0322BAF93A309A1802F580523A84FB88BAF838C0BAF93CE00CFB03E303F58053FB83BAF838C0B7F80AE00CFB0ECCBAF93CE0F44489B292B202EB010E0CF5805C0EEBDE7Eac
:808A0000A7F822C04FEA6E0EA7F818E09BB21FFA8CFC0CEB030E0EEBDE7E4FEA6E0EA7F81AE0511AF984ACEB0301B98409213970D9F8001041F00101C9F80010D0F8141441F40071C0F8141408F101083437A845FFF677AF00202146012D59DBEA0713D50A78012A01D0092A0DDBB1F92000B1F91C20801AC8843434B1F92200B1F91E2020
:808A8000801A8884012034316A0841D00B78012B01D0092B19DBB1F92030B1F91C505B1BCB84B1F91E50B1F922305B1B8B848C4209D0B1E8E851A4E8E851B1E8E850A4E8E8503439343C3434401C11F8343F012B01D0092B19DBB1F92030B1F91C505B1BCB84B1F91E50B1F922305B1B8B848C4209D0B1E8E851A4E8E851B1E8E850A4E893
:808B0000E8503439343C3434401C3431521EBDD1BDE8F087E81B00207C67002080670020E8040020C0540020FC4F0020045F00202DE9F74F92B0C8880090139840890290139880880490139800890390009800281FBF401E80B20090002802D0401E80B20090DFF89C060068401E0F900F990298884203DA0298401C80B2029002988842f3
:808B800002DA401C80B20290049800281FBF401E80B20490002802D0401E80B20490DFF864060068401E0E900E990398884203DA0398401C80B203900398884202DA401C80B2039003A80021B0F800C0ADF8441004A8ADF82610B0F800E002A80188069100A80021ADF824100188029805910021ADF822108DF820100A910D91ADF81C10d1
:808C000089468A4600990191CDF8309001998842C0F2FB800846049901EBC0110B91DFF8E805B0F86A10ADF81E100198009A0B99002790421FBFDFF8D405081810F8800C10F07F0005D0129A90420CBF40274FF480470198029A90421FBFDFF8B005081890F8800010F07F0006D0129A90420CBF08204FF400600743049A0398002390427d
:808C8000C0F2B480DFF884050818A0F17F04880000F1A24801A80688CDF84060DFF86C05085C00F07F06039882422AD094F8800010F07F0006D0129DA8420CBF01204FF4807007430198009DA8421CBF207810F07F0006D0129DA8420CBF20204FF4005007430198029DA8421CBF94F8000110F07F0006D0129DA8420CBF04204FF480602b
:808D000007431298864202D0F8B2002850D0B8F90050002D4CD44BD01298864254D1BDF91C00A842B8BFADF81C503EB94FF47F40074203D005EBD570C0030514BDF95000A84220DA01208DF820009445A4BF1FFA82FCADF844107245A4BF1FFA82FEADF826100698DDF804B0584503DB10980690ADF824100198DDF814B0584503DB1098f1
:808D80000590ADF82210BDF81E0018B1BDF91E00281A05B2012D0BDB0A98DDF830B028180A90A9440D9805FB03AA05FB0B050D9546F66C403840470076B1129886420CBF02204FF4007006E0002EAFD0681005EB90708003B1E707430398521C5B1C491C641C08F104089042BFF658AF0198411C01910C98411C0C910B9800F180010B9159
:808E0000029801998842BFF610AFB9F1000F1398A0F80E901399BDF81C008881DFF8E803C08E04D000FB0AF0B0FBF9F006E01399139A09899288891A4843401013990883DFF8C4030A99008F29B10D9948430A99B0FBF1F006E01399139A4989D288891A484340101399DFF8A023488313980499008BD28E02FB01001399DFF88C23088361
:808E800013980099408B128F02FB010013994883DD491398B1F93A10008B01F58051081813990883D8491398B1F93C10408B01F580510818139948839DF82000002800F0EE80049860450DDABCF1000F0AD0BDF84410BDF95020880000F1A24030F9043C9A4208DAC848C18E0CFB01F0A0EB51001FFA80FC17E0890030F9042C01F1A241d4
:808F0000ACF10104B1F90030BF49BDF95060C98E30F9040CB21A4A43181A92FBF0F004FB010C1FFA8CFC039886450DDA0E9886450AD0BDF82610BDF95020880000F1A240B0F904309A4207DAAF48C18E48080EFB010E1FFA8EFE17E08900B0F9042001F1A2410EF10104B1F90030A749BDF95050C98EB0F904004C43AA1A5143181A91FBf2
:808F8000F0F0201A1FFA80FE0098069988420DDA60B1BDF82410BDF95020880000F1A240A0F50073B3F900309A4206DA9648018F06984843A0EB510119E0A0F500728900B2F9004001F1A241A0F50070B1F900208D49069B098FBDF95060B0F90000341B4C43101A5B1E94FBF0F003FB010189B206910598029988420DDA0F9988420AD01c
:80900000BDF82210BDF95020880000F1A240B0F900329A4206DA7C48018F05984A0800FB012115E08900B0F9002201F1A241B1F900307549059C098FBDF95050B0F90002641C4C43AA1A5143181A91FBF0F0211A89B26D48B0F93A0005916044139900F5805088836848B0F93A001399704400F58050088464490698B1F93C100818139987
:8090800000F58050C88360490598B1F93C100818139900F58050488415B0BDE8F08F13985949008BB1F84210139AA0EB510191835549B1F8421000EB51001399088452491398B1F84410408B139AA0EB5101D1834D49B1F8441000EB51001399488415B0BDE8F08F30B44849CA8C038B02F58052934205DACC8DD21A92FBF4F29A1A02837d
:809100004C8D028B04F58055954207DA131B4C8EA3F5805393FBF4F39A1802830A8D438B02F58052934205DA0C8ED21A92FBF4F29A1A42838C8D428B04F58055954207DA131B898EA3F5805393FBF1F18918418330BC70472DE9F04102462D4C256808462C490B46012847DB0646DFF89C801F78092F3ED091F810C4B3F81CE09788BCF11c
:80918000000F19D1B8F8A0C067447745A1BFB3F820E01788A7EB0C07BE452ADBB2F806E0DF8BE644BE4524DB5788B3F822E0A7EB0C07BE4519DA1CE0B8F8C2C267447745A1BFB3F820E01788A7EB0C07BE4510DBB2F806E0DF8BE644BE45A1BFB3F822E05788A7EB0C07BE4503DB0A271F7045F001053433761EBAD12560BDE8F0810000d2
:80920000806700207C670020FC4F0020E8040020045F0020E81B00207047000062F30F2262F31F4200B500BF130096469446103928BFA0E80C50FAD85FEA417C28BF0CC048BF40F8042BC90728BF20F8022B48BF00F8012B00BD00003A20DFF8601308802520DFF85813488342F22830DFF84C13C1F802004FF47A60DFF84013C1F80600a5
:809280004FF41070CD49C1F80A0040F6B830CB49C1F80E004020C94988749920C749C8740020C64908750020C44948754FF40070C249C8824FF40070C049088342F22830BE49C8614FF47A60BC4908624FF41070BA49486240F6B830B84988624020B74981F82C009920B54981F82D000120B34981F82E000120B14981F82F004FF4007024
:80930000AE4908864FF40070AC4948860920AB4981F834000120A94981F835004FF41070A649C1F836003220A44948877047A348704770B45FF0A44100291BD00024002314E01BB230F813501BB211EB830616F5904635601BB211EB830515F590452D68C5F30025002D00D0641C5B1C1BB212B29342E6DB70BC704770B45FF0A441002977
:809380001BD00024002314E01BB230F813501BB211EB830616F5944635601BB211EB830515F594452D68C5F30025002D00D0641C5B1C1BB212B29342E6DB70BC704701887E4AC2F8021041887C4AC2F8061081887A4AC2F80A10C188784AC2F80E10017A764A9174417F754AD174417A11F00F01724A1175417AC9B20909704A5175817Aaa
:8094000009021931322291FBF2F16C4AD182C17A09021931322291FBF2F1684A11838189664AD161C189654A1162018A634A5162418A624A9162017D604A82F82C10817F5E4A82F82D10417D11F00F015B4A82F82E10417DC9B20909584A82F82F10817D09021931322291FBF2F1544A1186C17D09021931322291FBF2F1504A5186017Ee5
:80948000C9B2C909C9B2002904D001214B4A82F8351003E00021494A82F83510B0F91910464AC2F83610B0F81B0044494887704710B504004148D0F8020020803F48D0F8060060803D48D0F80A00A0803B48D0F80E00E0803948807C20723848C07C60773648007D617A60F303016172607A10F00F003249497D50EA011060722F48B0F979
:8095000016003221484380300012A0722B48B0F918003221484380300012E0722748C069A0812648006AE0812448406A20822348806A6082214890F82C0020751F4890F82D00A0771D4890F82E00617D60F303016175607D10F00F00184991F82F1050EA011060751548B0F930003221484380300012A0751148B0F932003221484380302f
:809580000012E07500220121012007F0A3FE217E60F303012176207E10F07F00074991F8351050EAC11020760448D0F83600A4F819000248408FA4F81B0010BD1864002008B478B504000D00286862F302002860012A01D0022A1AD13A4EFEF7EDF800909DF800003070307810F0010000280AD002F02BFF060002F038FF301A00123149f7
:80960000A1F8010003E000202E49A1F80100B4F81300296860F3C7012960DDE9050102112B6862F313232B600811296860F31F51296014F14300B0F9081049102971B0F90A0040106871200001F0F2FC0090BDF80000A871BDF80200E871D4F843000012A5F80900D4F8570028720B2072BC5DF808FB14480068704780B50B220100124818
:8096800007F036FF01BD80B50F4807F083FF02BD70B504000D0000260BE00B210A4807F064FF01000B2000FB06400B22FEF7CCF9761CAE4204DA044807F06CFF0028ECD1300070BD3C6700207804002010B410F14301827C807BD3073CD5B1F9083013F5004F03D0B1F90C30032B0DDBDFF87836DFF87846A380DFF874361B7813F0FE0350
:80970000DFF8684623700DE0B1F908305B10DFF85C46A380DFF854361B7853F00103DFF84C462370DFF844361B7813F0FD03DFF83C462370DFF834361B7813F0FB03DFF82C462370DFF824361B7860F34513DFF81C46237092073CD5B1F90A2012F5004F03D0B1F90E20032A0DDBDFF8FC15DFF800269180DFF8F815097811F0FE01DFF83f
:80978000F02511700DE0B1F90A104910DFF8E0259180DFF8DC15097851F00101DFF8D0251170DFF8CC15097811F0FD01DFF8C0251170DFF8BC15097811F0FB01DFF8B0251170DFF8AC15097860F34511DFF8A005017010BC704730B4D0F84710827CB0F813408368D3F83630457D002D03D0A4B2032C00DBA41EA4B26343807BD40727D53f
:80980000DFF868452478E4B2640914F00104C0B2844208D0DFF85445247854F00804DFF84C552C700CE00C689C4204D20024DFF83C55EC6004E00C68E41ADFF83055EC60DFF82845247854F00204DFF820552C70920726D5DFF818251278D2B2520912F00102C0B2824208D0DFF80405007850F00800DFF8FC1408700BE0D1F8000498428b
:8098800001D2002002E0D1F80004C01ADFF8E014C860DFF8DC04007850F00200DFF8D014087030BC704700B203001BB2181809B212B25318984207DA09B212B2914200DB1100080000B206E012B209B28A4200DB1100080000B2704710B5040009B211F5004F3DD0207810F00100002827D0B4F90400B4F90620521F904206DBB4F90600dc
:80990000401DB4F90420904203DA207850F010002070B4F9040009B24A1E904205DB09B2481CB4F9042090421ADA0A0012B2B4F90410B4F90600FFF7B6FFA08010E0B4F9060009B24A1E90420ADB09B2481CB4F90620904204DB207850F001002070A18010BD2DE9F84F0C00150010F14306776810F1120890F81290B0F813108268D2F867
:8099800036A0427D002A03D089B2032900DB891E89B201FB0AFA90F80EB05FEAC97050D5B6F90C0005284CDADFF8C0030078C0B2400910F001005FFA8BFB584508D0DFF8AC03007850F00800DFF8A013087031E0B8F80A00DFF894130882002009E057F82010B1EB0A01DFF8842312EB80025161401C062805DA57F820105145EFD200213b
:809A0000F1E73068DFF86413C8622000DFF85C1388605FFA8BFBBBF1000F0BD1BDF90010DFF84803FFF758FFDFF840038088DFF83C13C880DFF83403007850F00400CB4908705FEA897049D5B6F90E00052845DAC7480078C0B2400910F001005FFA8BFB584506D0C248007850F00800C04908702EE0B8F81A00BE49088200200AE017EB61
:809A80008001D1F80014B1EB0A01B94A12EB80025161401C062807DA17EB8001D1F800145145ECD20021F0E73068B149C8622800AF4988605FFA8BFBBBF1000F08D1BDF90210AB48FFF708FFA9488088A849C880A748007850F00400A5490870BDE8F18FF0B48DB0B1F90420B1F91030D31ACC68002208E011EB82056D69A54202DA11EBe3
:809B000082046469521C062AF4DB002500220BE011EB82067669A61B00AF47F8226000AE56F822607519521C062A07DA561C9E42EEDA11EB82067669361BEDE70A78D2B2520912F00102002A21D1022B0EDA029A019B9A4208DB009A012A05DA019A012A02DA029A012A12DB002074E0072B0EDB049A039B9A4208DB059A002A05D4049Ae0
:809B8000002A02D4039A002A01D5002063E0002500220692002208E000AB53F822305D1906AB13EB82035D60521C062AF4DB002505220BE000AB53F82230ED1A06AB53F82230EB1806AC44F82230521E002AF1D5069B012208E006AC54F822409C4202DA06AB53F82230521C072AF4DB00255FF0FF34002210E006AE56F82260F61A06AF65
:809C000047F8226006AE56F82260B54203DA06AC54F822501400521C072AECDB002207E006AB53F8223010EB8205C5F80230521C072AF5DB427864F3030242700A8A521C0270427812F00F0252F0200242708968C0F81E1001200DB0F0BC70470020434908600020424908607047C0B2012806D13E48007850F008003C49087008E0C0B286
:809C8000022805D13A48007850F0080038490870704770B504000D0034480078C0B2000910F00100002807D131480078C0B2000910F00100002803D0207A50F02000207214F1090629480078400723D52748007880071FD525480078C0071BD523480078C0B2C00810F00100002810D11F480078C0B2400910F00100EDB2A84207D11B4917
:809D00003000FFF7EDFE217A60F34101217200201649086016480078400724D514480078800720D512480078C0071CD510480078C0B2C00810F00100002811D10C480078C0B2400910F00100EDB2A84208D1084916F12200FFF7C4FE217A60F38201217200200349086070BD0080FFFF546400208464002010B5040000202070002060703b
:809D8000002020710020E080012084F83C00002020830020207204F0A1FC012809D004D303280AD009D3042811D0002084F8270010E0012084F827000CE0FCF7BAFF002801D0022000E0002084F8270002E0042084F82700002084F82400002084F84E0010BD2DE9F0470400B4F9140000282DD1608D1588401B000428D594F83C00002891
:809E00000AD0206B002805D0087810F0030F01D101200CE000200AE0206B002806D1087810F00300032801D1012000E0002000280CD094F83C0090F0010084F83C00A08E116808184010E0860120B5E05D1E9B1E0020B4F9146052F8267006E03700B4F814C01CF1010CA4F814C0B4F914C02DB2AC450EDAB4F9146012EB86067668B4F8b9
:809E80002AC0B6461FFA8EFEBCEB0E0C5FEA0C4CE4D5B4F914C05FEA2C1C51F82CC05FF0010E94F8148018F00F081EFA08FE1EEA0C0CB4F914E01EF1010E5FEA2E1E51F82EE05FF00108B4F8149019F1010919F00F0918FA09F818EA0E0E0AE0A78A7F1CA782F446C6463700B4F9146012EB86067668B4F914802DB2A84554DAB4F9140001
:809F00001BB2984212DAB4F91400801C001151F820005FF00108B4F8149019F1020919F00F0918FA09F818EA000800E0F04694F83C0000280AD0BCF1000F05D058EA0E00002801D101200DE000200BE0BCF1000F07D1BEF1000F04D0B8F1000F01D0012000E00020002801D0012000E00020C0B2002809D094F83C1091F0010184F83C1028
:809F8000F1194910E1860EE0B4F82E90B2461FFA8AFAB9EB0A095FEA09499FD5012161706787A18DE186B4F914102DB2A94202DBC4F830C0A786C0B2BDE8F087F0B45C1E0023B0F914502D1151F825500126077D17F00F07BE403540B0F9146052F82660B0F91470002F14D1078DB4461FFA8CFCB7EB0C073F040CD5016B2943002901D002
:80A00000012100E0002180F83C10018D0187012341E003E02E00858A6D1C8582B0F9145024B2A5420CDAB0F9145012EB85056D68078DAC461FFA8CFCB7EB0C073F04E9D5B0F91420121151F822200125077D17F00F07BD401540B0F9142024B2A24218DAB0F91420521C121151F822100122838A5B1C13F00F039A4011402943002901D095
:80A08000012100E0002180F83C10018D0187012301E0056386861800C0B2F0BC7047B0F9162012F534525143028B11F0FF03803B9A180283B0F91820FF2A06DD11F58071028BB2F5807202830AE0B0F9182012F1FF0F05DAB1F58071028B12F58072028311F18000010A0800704770B504001500E68E2000FFF7D3FF8619A685B6EB5506e3
:80A100006685AE19E68570BD38B50400258F94F825102000FFF7C3FF4519258531BD2DE9F04782B004000D0016001F00E088002831D13078C00708D494F82700002804D1012084F84E00002093E038686083608BE08694F82700801E012802D9801E07D00DE041F22C022E212000FFF7BEFF0CE041F2FC2236212000FFF7B7FF05E041F607
:80A18000C6324F212000FFF7B0FF012084F83C00A08A401CA082BDF9288043461BB23A0031002000FFF71DFE002854D0B4F83690A4F81C904FF4877206212000FFF795FF02F053F9824602F04AF9BAEB0000042190FBF1F010EB09006084FCF7AAFD002808D0608CA0F6D37040F25721884201D2012000E0002084F8240001202071A08Ab2
:80A20000401CA082B4F914000FFA88F840450ADA0FFA88F8CDF800803B0032002900200000F029F825E00FFA88F8B8F10100001156F8200001214246521E12F00F029140084020630FFA88F817EB880050F8040CA08601200DE06078002809D0022084F84E00002084F8270000206070002000E00120BDE8F6872DE9F04182B004000D00b4
:80A2800016001F00BDF9208043461BB23A0031002000FFF7A6FD00287AD0E08EE083B4F91E0000B2B4F91C1009B2401A94F82710002913D194F82410002905D0E12803DA022084F8270009E0B0F59D7F03DC012084F8270002E0042084F8270094F82700002806D002280FD005D3042815D00BD31BE000205AE0042084F82500022084F843
:80A3000026002820207210E0042084F82500042084F826000C20207207E0022084F82500022084F8260014202072B42203212000FFF7DBFE02202071A08A401CA082B4F914000FFA88F840450ADA0FFA88F8CDF800803B0032002900200000F03BF825E00FFA88F8B8F10100001156F8200001214246521E12F00F029140084020630FFA49
:80A3800088F817EB880050F8040CA08601200DE06078002809D0032084F84E00002084F8270000206070002000E00120BDE8F68110B4037A10331B11002421F813405B1E002BF9D500218170017A491E4182C27010BC70472DE9F04782B004000D0016001F00BDF9288043461BB23A0031002000FFF7F7FC81465FFA89F9B9F1000F46D095
:80A40000E08E2084B4F9200000B2B4F91E1009B2B0EB010A04F062F9002838D194F82700022803D094F8270004280ED1BAF1690F0BDA042084F82500022084F8260028202072012084F8270021E094F8270001281DD1BAF1A60F1ADB94F8240000280BD0042084F82500042084F826000C202072022084F827000AE0022084F82500022042
:80A4800084F8260014202072042084F8270094F82700022860D15FFA89F9B9F1000F1BD0022084F82500022084F8260019202072032084F82700E08B218C08185FEA60091FFA89F905212000FFF7E9FD10EB090020850420207113E06078002801D10120F0E000206070E08B2084B4F81E9006212000FFF7D4FD10EB090020850320207109
:80A50000A08A401CA082B4F914000FFA88F840450ADA0FFA88F8CDF800803B0032002900200000F0D1F8CDE00FFA88F8B8F10100001156F8200001214246521E12F00F029140084020630FFA88F817EB880050F8040CA0860120B5E094F8270001284ED15FFA89F9B9F1000F3AD0E08B218C0818401020872000FFF7C7FD05202071012259
:80A5800029002000FFF714FFA08A401CA082B4F914000FFA88F840450ADA0FFA88F8CDF800803B0032002900200000F0F7F889E00FFA88F8B8F10100001156F8200001214246521E12F00F029140084020630FFA88F817EB880050F8040CA086012071E06078002809D0042084F84E00002084F8270000206070002064E0012062E094F897
:80A600002700042857D15FFA89F9B9F1000F43D0E08B218C08185FEA60091FFA89F903212000FFF73CFD10EB090020872000FFF76BFD05202071012229002000FFF7B8FEA08A401CA082B4F914000FFA88F840450ADA0FFA88F8CDF800803B0032002900200000F09BF82DE00FFA88F8B8F10100001156F8200001214246521E12F00F027b
:80A680009140084020630FFA88F817EB880050F8040CA086012015E06078002809D0042084F84E00002084F8270000206070002008E0012006E0082084F84E00002084F827000020BDE8F6872DE9F84304000D0016001F00BDF9208043461BB23A0031002000FFF76BFC002801D1012054E05FF00109207904282CD194F83C00002801D041
:80A700005FF00009052020712000FFF7FDFC4A46D2B229002000FFF74BFE5FFA89F9B9F1000F02D1052084F84E00A08A401CA082B4F914000FFA88F8404516DA0FFA88F8CDF800803B0032002900200000F026F822E02079032806D194F83C000028D1D15FF00009CEE7002016E00FFA88F8B8F10100001156F8200001214246521E12F0b1
:80A780000F029140084020630FFA88F817EB880050F8040CA0860120BDE8F2832DE9F04182B004000D0016001F00BDF9208005E0608A401E60822000FFF7A6FC43461BB23A0031002000FFF7F9FB002801D1012074E0A08A401CA08294F83C0000280FD0B4F912000011B4F91210091135F811100122A37C13F00F039A40114325F810108a
:80A80000B4F912000128D3DA94F82700012806D035D3032828D027D304282AD02FE0002084F83C00652206202071208FE08694F8250094F82610022391FBF3F1D1EB40012000FFF752FCB4F914000FFA88F840451DDA0FFA88F8CDF800803B0032002900200000F02DF829E0012084F83C002422D9E7072020710120A07001201EE008202c
:80A8800084F84E00002084F82700002016E00FFA88F8B8F10100001156F8200001214246521E12F00F029140084020630FFA88F817EB880050F8040CA0860120BDE8F68110B5040011001A00BDF908302000FFF788FA002820D005F047FF00280FD194F8270004280BD0B4F9360000B2B4F92C1009B2401A042808DBE08A401CE0820720ec
:80A9000020710120A070012010BD10F1030FF6DAE08A401EE082F2E76078002809D094F827000128EBD1062084F84E000020E070E5E70120E8E710B5040011001A00BDF908302000FFF74DFA002802D16078002801D0002000E0012010BD70B582B005002878002801D0002088E00020A882069C287900280CD0022827D01FD304282BD073
:80A980002AD3062836D02ED308283CD039D341E024B200942800FFF7C2FB0600F6B2002E3AD00798072806D12879072803D0072085F84E000026002068704DE024B200942800FFF758FC0600E8E724B200942800FFF700FD0600E1E724B200942800FFF773FE0600DAE724B200942800FFF7D6FE0600D3E724B200942800FFF761FF06003e
:80AA0000CCE701203AE024B200942800FFF793FF0600C3E7002031E0287908281CD095F82700032803D095F82700022814D10126688BE886688C032190FBF1F00F2190FBF1F0D0F1A4015A222800FFF74EFB012085F83C0008202871F6B2002E09D1012028700020E87095F82700002801D00120A870E8882018E8803000C0B276BD80B54e
:80AA8000DFF8DC03FFF776F9DFF8D803FFF772F901BD1CB5020011F108034331D879022837D10020D2B2012A16D1DFF8B4432478002C11D1DFF8AC0300790190B3F80B000090486810F500634A68DFF89C13DFF89003FFF742FF1AE0D2B2022A17D1DFF884231278002A12D1DFF8740300790190B3F80B000090486810F50063486810F58c
:80AB00008062DFF86813DFF85C03FFF726FFC0B200E0002016BDC0B201280ED1DFF840030078002806D1DFF838030079072801D0012000E00020C0B210E0C0B202280CD1C8480078002805D1C6480079072801D0012000E00020C0B200E00020704730B491F82720037862F30203037091F84E20037862F3C6030370CA78037813F07F03e1
:80AB800053EAC21202700A7A0F321211002307E011EB4304648910EB4305A5F801405B1C9342F5DB0020887030BC7047AD4890F82700002803D1AA4890F8270015E0A84890F82700002803D1A64890F827000CE0A34890F82700A34991F82710884203D19F4890F8270000E00020704710B504009B4880789B49897808420FD0207A50F0a1
:80AC000008002072964914F14D00FFF7A8FF954914F15400FFF7A3FF012000E0002010BD401AD2B200FB02F0803000120818834200DB180070477FB50400B4F81300617D002902D0032800DB801ED4F8471009680291D4F84710D1F800140391029BB4F92310491C012208E0D4F8473053F82230029DAB4200DA0293521C8A42F4DB039Bf5
:80AC8000B4F93310491C01220AE0D4F8473013EB8203D3F80034039DAB4200DA0393521C8A42F2DB80B20190DDE9020100910300A27B022102A800F0CBFAFCF76FF80500A668F07C002807D0EDB2032D02D0EDB2042D01D1F27C00E0B27CD6F80E30D2B2D6F80A100298FFF79BFF6149086096F82D00002808D0EDB2032D02D0EDB2042Df3
:80AD000002D196F82D2001E096F82C20B36AD2B2716A0398FFF784FF55494860A07B554908707FBD38B55249D1E900450095230050490A78022100F0D9FA32BD0020484908830020474908834548B0F916004549B1F91610884227D04148C08A4149C98A40B2002802D049B2002906D100223D4BDA823C4AD28A3A4BDA8240B2002801D5c6
:80AD800040B2404249B2002901D549B2494240B249B2884204DA3248C08A3249C88203E03048C08A2E49C88270473EB504000800856800F03DF90290D5F80E10BDF9080000F06FFA00900098D5F80A10884202DAD5F80A000090A96ABDF90A0000F061FA01900198696A884201DA686A0190200000A90822FCF728FE3EBD7047184890F899
:80AE00004E00052801D0072801D1012027E0154890F84E00052801D0072801D101201EE00F4890F82700002815D10E4890F82700002810D110480078052804DA0E480078401C0D4908700C480078052806D100200949087002E00020074908700020704778610020C861002082610020D26100205C660020EA670020EB670020C9B20029bb
:80AE800002D0DFF8D41401E0DFF8D014012200E0521C052A0AD2142303FB02131B78C0B28342F5D1142000FB021000E008007047DFF8AC040068704770B582B0DFF8A4140968009110F10804D0F84750B4F80B60607B002803D0B6B2032E00DBB61EA07AC00709D5320092B2B4F91210D5F8D40300F050FBADF80000A07A800709D5320087
:80AF000092B2B4F92210D5F8E40700F043FBADF80200009876BD70B582B0DFF84C140968009110F10804D0F84750B4F80B60607B002803D0B6B2032E00DBB61EA07AC00709D5320092B2B4F91210D5F8D40300F02BFBADF80000A07A800709D5320092B2B4F92210D5F8E40700F01EFBADF80200009876BD70B582B0DFF8F0130968009188
:80AF800010F10804D0F84750B4F80B60607B002803D0B6B2032E00DBB61EA07AC00709D5320092B2B4F91210D5F8D40300F007FBADF80000A07A800709D5320092B2B4F92210D5F8E40700F0FAFAADF80200009876BD70B582B0DFF898130968009110F10804D0F84750B4F80B60607B002803D0B6B2032E00DBB61EA07AC00709D5320022
:80B0000092B2B4F91210D5F8D40300F0E2FAADF80000A07A800709D5320092B2B4F92210D5F8E40700F0D5FAADF80200009876BD80B5027B817BC9B21000C0B2FFF71EFFD0F801000090009802BD70B586B00600347BB17BC9B22000C0B2FFF70FFF05003000296988470190D5F805000390D5F801000290D6F84F000490D5F8090000902d
:80B08000BDF90000BDF904100818BDF91010B0EB4100ADF80000BDF90200BDF906100818BDF91210B0EB4100ADF80200E4B2022C1ED1BDF90000002806D5BDF90000401C4010ADF8040003E0BDF90000ADF80400BDF90200002806D5BDF90200401C4010ADF8060022E0BDF80200ADF806001DE0BDF90000012806DBBDF90000401C401054
:80B10000ADF8040003E0BDF90000ADF80400BDF90200012806DBBDF90200401C4010ADF8060003E0BDF80200ADF80600BDF80000BDF80410401AADF80000BDF80200BDF80610401AADF802000098C5F80900BDF80800BDF804100818ADF80800BDF90C00BDF90810884203DABDF90C00ADF80800BDF80A00BDF806100818ADF80A00BDF968
:80B180000E00BDF90A10884203DABDF80E00ADF80A000298C5F80100029806B070BD38B5047B817BC9B22000C0B2FFF767FE0500D5F801000090BDF90010012000F013FAADF80000BDF90210022000F00CFAADF80200E4B2042C03D0BDF9020000F05EFA0098C5F80100D5F801000090009832BD10B51400C9B2C0B2FFF740FEC0F8014079
:80B2000010BD10B5040092B291FBF2F024B214F11F0120291BD206F0E3F90022554B06F0F5F906F067FA002802D54FF410700EE0514924B2624231F812104843001206F0CFF900224D4B06F0E1F906F053FA10BD08B4F0B584B0070008001100C9B2C0B2FFF70CFED0F801000090DDE909450B9E320092B22100BDF90000FFF7C2FF019035
:80B28000320092B22900BDF90200FFF7BAFF0290380001A90822FCF7D7FB04B0F0BC5DF808FB10B50400080024B214F11F0120291BD206F095F900222E4B06F0A7F906F019FA002802D54FF410700EE02C4924B2624231F812104843C01306F081F90022264B06F093F906F005FA10BD08B47EB5060008001100C9B2C0B2FFF7BFFDD0F869
:80B3000001000090DDE907452100BDF90000FFF7C8FF01902900BDF90200FFF7C2FF0290300001A90822FCF78FFB7EBC5DF808FB0011002100E0491E11F11F0F08DB114A4B4232F813208242F5DB080000B201E07FF01E007047000018030020B4020020147D0100187D01001C7D0100207D0100247D0100000082C0CC7801000000824028
:80B380000C7901004C79010038B504000D002000FFF7CEFFADF800002800FFF7C9FFADF80200009832BD00005FF0FF30DFF8381308605FF0FF30DFF834130860FF20DFF8301308605FF0FF30DFF8281308605FF0FF30DFF824130860FF20DFF8201308600020DFF81C1308600020C64908605FF0FF30C549086043F6FF70C44908605FF0b8
:80B40000FF30C349086043F6FF70C2490860C248006850F00400C0490860C048006830F01000BE490860BD48006830F44030BB490860BA48006830F47040B8490860B748006830F4E060B54908600220B449096860F31141B2480160B248006830F01000B0490860AF48006830F44030AD490860AC48006830F47040AA490860A9480068db
:80B4800030F4E060A74908600220A749096860F31141A5480160A148006830F470009F490860A048006830F470009E4908609F48006850F480109D4908609C48006850F400109A4908609A48006850F48010984908609748006850F4001095490860704780B589B2112913DB89B2212901DA40000EE089B2412901DA800009E089B2812963
:80B5000001DAC00004E089B2B1F5807F00DC000189B290FBF1F006F063F80022854B06F075F806F0E7F8012800DA002002BD10B453185B10804C34F91240844211DA511E00E0491E002907D47B4A32F911208242F7DBC81A00B21BE07FF00100C01A00B216E0754A32F91120824210DB491C00E0491C0E2907DA704A32F911208242F7DAcc
:80B58000C81A00B204E0D3F1100000B200E0002010BC704780B5110089B2FFF7A1FF01220321FFF7C4FF02BD80B5110089B2FFF797FF03220521FFF7BAFF00B202BD80B5110089B2FFF78CFF05220721FFF7AFFF02BD80B5110089B2FFF782FF01220521FFF7A5FF02BD0200080000B2002803D40023002100202FE000B210F11E0F04DA42
:80B600000F2304217FF01E0026E000B210F1030F03DB002100B243421EE000B210F1070F04DB01217FF003031B1A15E000B210F10B0F04DB02217FF007031B1A0CE000B210F10F0F04DB03217FF00B031B1A03E004217FF00F031B1AD2B2012A0ED11BB22E4A126863F30F322C4B1A6009B22B4A126861F30A2229490A600DE01BB2294Ac9
:80B68000126863F30F32274B1A6009B2254A126861F30A2223490A6000B2704727490968C1F3006100291ED000B210F1040F06DB1E48006830F0F0001C49086013E000B210F1120F09DB00B2001D40421749096860F307111548016005E01448006850F0F0001249086070476C3101507031015074310150083001500C30015010300150c5
:80B70000084001500C4001501040015014400150184001501C4001500440015004500150085001500C50015010500150185001501C500150000082C0E87901001C4C005212B2C0B2B2EB4012881812B2202A02DA00B2012801DA002010E000B2202802DB5FF0FF3003E0012111FA00F0401E12B2012A03DB01219140491E484070472DE93e
:80B78000F04F83B0040015001E00BDF93070BDF93480BDF938B0C9B201290DD0C0F02A8103294CD008D3052900F08880C0F08680062900F0FB801DE1C9B2012904D1B8EB0B00B0EB070904E0C14617EB08001BEB00084A4612B2390009B20020FFF7B0FF28604A4612B2390009B20120FFF7A8FF6860424612B2390009B20020FFF7A0FFa0
:80B800003060424612B2390009B20120FFF798FF7060E4B2012C0FD14A4612B2390009B20220FFF78DFFA860424612B2390009B20220FFF785FFB0603FB23800DBE017EB08001BEB0009424612B2390009B20020FFF776FF2860424612B2390009B20120FFF76EFF68604A4612B2390009B20020FFF766FF30604A4612B2390009B201205f
:80B88000FFF75EFF7060E4B2012C0FD1424612B2390009B20220FFF753FFA8604A4612B2390009B20220FFF74BFFB0603FB20FFA8BFB1BEB07003FB238189CE0C9B2042907D13FB2781C5FEA60093FB25FEA670A06E03FB25FEA67093FB2781C5FEA600A19EB08001BEB0000ADF80400BDF8040038181BEB000B424612B2494609B2002017
:80B90000FFF71EFF00905A4612B2514609B20020FFF716FF009908432860424612B2494609B20120FFF70CFF00905A4612B2514609B20120FFF704FF009908436860BDF90420390009B20020FFF7FAFE3060BDF90420390009B20120FFF7F2FE7060E4B2012C18D1424612B2494609B20220FFF7E7FE04005A4612B2514609B20220FFF7f1
:80B98000DFFE2043A860BDF90420390009B20220FFF7D6FEB0600FFA8BFB0FFA8AFA1AEB0B000FFA88F8B0EB080024E00020286000206860424612B2390009B20020FFF7BFFE3060424612B2390009B20120FFF7B7FE7060E4B2012C09D10020A860424612B2390009B20220FFF7AAFEB0603FB2380000E07F20BDE8FE8F1EB49BB21C00e0
:80BA0000012C02D0022C14D025E000238DF80030B1F57A6F01DA019102E04FF47A610191B2F57A6F01DA029202E04FF47A61029153E000238DF80030B1F57A6F01DB4FF47A6149000191B2F57A6F01DB4FF47A625100029141E0049C002C00D09B1EB1F57A6F01DB4FF47A619BB259430191B2F57A6F01DB4FF47A629BB203FB02F1029104
:80BA80009BB2112B03DA00218DF8001025E09BB2212B03DA01218DF8001014E09BB2412B03DA02218DF800100DE09BB2812B03DA03218DF8001006E09BB2B3F5807F02DC04218DF8001001999DF80020D140019102999DF80020D140029100A91CC91CC00C390C381EBC704710B586B00400E0780090B4F80130D4F82320D4F8131003A8f1
:80BB0000FFF77BFFE078B4F80110491EC9B2090451EA00609DF80C1011F0070150EAC110217911F0030150EA01102178491E11F003010843DFF8D81A086000BF00BFA079002879D12078C0072DD5B4F90800B4F90A10B4F90D2012B2029209B2019100B20090DFF8DC3ADFF8DC2AE1790120FFF706FEE17B11F00301E27B12F003021202c7
:80BB800052EA0131627CD2B21143DFF8E42A116000BF00BF0499DFF8E82A126861F30F02DFF8DC1A0A60207880072ED5B4F91800B4F91A10B4F91D2012B2029209B2019100B20090DFF8DC3ADFF8DC2AE17D0220FFF7D5FDE17F11F00301E27F12F00302120252EA013194F82120D2B21143DFF8BC2A116000BF00BF0599DFF8842A1268d3
:80BC000061F31F42DFF8781A0A60B4F82700401E10F00F00D4F829100C22514389B251EA0040DFF88C1A086000BF00BFD4F82D0080B2DFF8181B086006B010BD1FB50400E0780090B4F80130D4F82320D4F8131001A8FFF7D2FEE078B4F80110491EC9B2090451EA00609DF8041011F0070150EAC110217911F0030150EA01102178491Eac
:80BC800011F003010843DFF8C81A086000BF00BFA079002850D12078C00724D5B4F90800B4F90A10B4F90D2012B2029209B2019100B20090DFF89C3ADFF89C2AE1790120FFF75DFDE17B11F00301E27B12F00302120252EA0131627CD2B21143DFF87C2A116000BF00BF2078800725D5B4F91800B4F91A10B4F91D2012B2029209B201919c
:80BD000000B20090DFF8583ADFF8582AE17D0220FFF735FDE17F11F00301E27F12F00302120252EA013194F82120D2B21143DFF8382A116000BF00BF1FBD10B586B00400002000900123D4F82320D4F8131003A8FFF753FEB4F80100401EC0B29DF80C1011F00701C90151EA00402178491E11F003010843DFF8F419086000BF00BFA079ad
:80BD800000285BD12078C0072AD5B4F90800B4F90A10B4F90D2012B2029209B2019100B20090DFF8CC39DFF8CC29E1790120FFF7E6FCE17B11F00301E27B12F00302120252EA0131DFF8B029116000BF00BF0499DFF8A829126861F30F02DFF8A0190A60207880072AD5B4F91800B4F91A10B4F91D2012B2029209B2019100B20090DFF8f3
:80BE00008039DFF88029E17D0220FFF7B8FCE17F11F00301E27F12F00302120252EA0131DFF86429116000BF00BF0599DFF84C29126861F31F42DFF844190A6006B010BDDFF84809007810F00300022818D0DFF83C09006830F0300050F020008008800050F00200DFF82419086000BF00BFDFF82009006880B250F01670DFF8141908608a
:80BE80007047DFF80809007810F00300012818D0DFF8F808006810F0300050F001008008800050F00100DFF8E418086000BF00BFDFF8DC08006880B250F47000DFF8D0180860704780B50020DFF8C818086000BF00BFDFF8C408006830F47F00DFF8B818086000BF00BF00F0E5FBDFF8AC08006800BF00BFDFF8A418096830F480504008d0
:80BF0000400050F0807050F0100050F0200030F440703222DFF888381B6862F30703DFF8802813603222DFF878381B6862F30F23DFF86C281360DFF86C28126852F0FF02DFF860381A60DFF85C28126852F47F42DFF850381A60DFF85028DFF850381A6089B251F4480151F4805151F48071DFF84028126832F48052DFF834381A60DFF803
:80BF80003028126852F40052DFF824381A6051F001010222DFF8F4371B6862F30513DFF8EC27136000BF00BFDFF8EC27106000BF00BFDFF8E807016000BF00BF0020DFF8F417086000BF00BF0020DFF8EC17086000BF00BF0020DFF8E417086000BF00BF01BDDFF8B807006840084000DFF8AC17086000BF00BFDFF8A007006840084000a7
:80C00000DFF89417086000BF00BFDFF88007006830F03000DFF87417086000BF00BF704780B543F2113000F086F90F2000F050F9DFF88C070068C0F30010002802D0022000F0AAF84FF48870DFF87817086000BF00BFDFF87407DFF87417086000BF00BFDFF86C07DFF86C17086000BF00BF5FF48A30DFF86417086000BF00BFDFF85C0754
:80C08000DFF80C17086000BF00BFFFF71BFFDFF85007006850F00100DFF84417086000BF00BF0120DFF8E416096860F30101DFF8DC06016000BF00BFDFF82807006850F00050DFF820170860002000F065F801BD80B502000F20DFF810170860137A12F10A001168D279012A04D002D3032A32D018D347E0DBB2002B01D0102200E0002276
:80C1000052F48072DFF8BC361A6000BF00BFFFF7EBFCDFF8D406006830F00200DFF8C81608602FE0DBB2002B01D0102200E0002240F201131A43DFF88C361A6000BF00BFFFF7FBFDDFF8A006006830F00400DFF89816086016E0DBB2002B01D0102200E0002252F48172DFF85C361A6000BF00BFFFF764FDDFF87006006830F00800DFF855
:80C180006816086001BD10B5040000F05EF920605FF0A440606010BD10B400BF00BFDFF8FC15097811F00101C0B2022802D0C0B2012857D1DFF834261268DFF834361B681B031B0B9A18DFF824361A60DFF824261278002A04D00022DFF818361A700BE0DFF814261268DFF808361B681B031B0B9A18DFF804361A60DFF8F4251268120Dca
:80C200001205DFF8EC351A6000BF00BFDFF8EC251268DFF8EC351B6812EB1362DFF8DC351A6000BF00BFDFF8DC251268DFF8D0351B68C3F30723DFF8C8452478E4B2E318DFF8BC452468C4F30744E3189A18DFF8B4351A6000BF00BF0022DFF8A4351A6000BF00BF002908D0C0B2DFF89C15086000BF00BF00BF00BF21E0C0B2DFF888150b
:80C280000860DFF814150968C1F30031012901D1002200E00122DFF800351B6862F30C33DFF8F424136000BF00BF00BF00BFDFF8E824126861F30C32DFF8DC140A60C0B2012810BC7047DFF844050068C0B27047C10707D5DFF83415096851F00101DFF82C251160810707D5DFF82015096851F00201DFF818251160410707D5DFF80C1518
:80C30000096851F00401DFF804251160000707D5DFF8F804006850F00800DFF8F01408607047DFF89C04006800B27047DFF8E004006800B27047C10707D5DFF8D414096849084900DFF8C8241160C10607D5DFF8C014096831F01001DFF8B4241160C10507D5DFF8AC14096831F48071DFF8A0241160810507D5DFF89814096831F40071f6
:80C38000DFF88C241160C10407D5DFF88414096831F48051DFF878241160800407D5DFF87004006830F40050DFF864140860704780B50F20FFF78CFFDFF82804006830F00050DFF820140860DFF8F4030068C0F30010002803D00220DFF82C140860FFF700FEDFF8A803006880088000DFF89C13086000BF00BFDFF8E80300684008400029
:80C40000DFF8DC1308600020DFF8E01308600020DFF8E41308600020DFF8F81308600020DFF8F41308600120DFF8F01308600120DFF8EC13086001BD0120DFF8B81308700020DFF8B41308607047DFF8A0030068DFF89C1309680903090B08187047DFF8900300680003000B7047DFF88C030068DFF87C1309680903090B0818704780B546
:80C48000C0B2002802D0FFF7DBFC01E0FFF7F9FC01BD0322104201D0002014E080B289B210EB8102B2F5037F0BD980B2B0F5037F01D9002007E080B2D0F50370800880B201E0080080B270470322104201D000201DE080B2B0F5A04F01DA002017E080B289B210EB810247F20D039A420DD380B247F20D01884201D3002008E047F20C0183
:80C5000080B2081A800880B201E0080080B2704770B51500C34A914231D1049CA4B2002C2DD09BB21E180220FFF736FE002004E055F8201046F82010401CA4B2A042F7DB0020FFF729FE0120FFF726FE92480068C0F30030012801D1002100E001218E4A126861F30C328C490A6000BF00BF00BF00BF8949096860F30C318748016070BD72
:80C5800018B492B21018002909D000229BB29A4212DA50F8224041F82240521CF6E700210091002105E050F82120009C12190092491C9BB29942F6DB11BC704770B582B004000D0016001800010089B2300080B2FFF75FFF80B2009033009BB22A0021007848FFF795FF73BD38B504000D001000010089B2280080B2FFF74BFF03009BB2fb
:80C600002A0092B221006F48FFF7BAFF31BD0000404C005270B582B004000D0016001800010089B2300080B2FFF74EFF80B2009033009BB22A0021007B48FFF769FF73BD444C0052504C005238B504000D001000010089B2280080B2FFF736FF03009BB22A0092B221007048FFF78AFF31BD00006C4C005270474948007810F0010070477f
:80C680007C4C005280B54E48007810F0110F02D00220FFF781FD0020FFF77EFD0120FFF77BFD01BD5C4C0052644C0052704C0052744C005270470020704700B585B04C4909680903090B00913A490968ADF8041038490968090CADF8061037490968ADF8081035490968090CADF80A1033490968ADF80C1000994D4A1268891A0903090B31
:80C700000160BDF80410494A9288891A8180BDF80610464AD288891AC180BDF80810434A1289891A0181BDF80A10404A5289891A4181BDF80C103D4A9289891A81813B4800A91022FBF790F905B000BD784C0052404D0052444D0052504D00526C4D00525C4D0052644D0052704D0052C04C0052C44C0052D04C0052EC4C0052F44C005266
:80C78000DC4C0052E44C0052F04C0052C04D0052104C0052204C00521C4C00522C4C0052085001501050015007070704304C005218500150344C0052384C00523C4C0052004E0052004C005200180012044C0052060C2448084C00520C4C005276005802044E005200300145C84D0052B0660020084E0052DF670020B4660020BC660020fb
:80C80000244C0052B8660020C44D0052CC4D0052FC4D00520020015004200150082001501C2001506A056A050000015014660020C0B2002803D0022805D002D305E0032004E0042002E0052000E006207047417811F00301002941D1017811F0FE010170017811F0FD010170017811F0FB010170017811F0EF010170017811F0DF0101702c
:80C88000017811F0BF010170017811F07F010170417811F0FC0151F002014170417811F0F3014170417811F00F014170817811F0F00151F001018170817811F0CF018170817851F0800181700021C1700021017164214171002181710021C171704780B50020DFF8B01708700120DFF8AC1708700020DFF8A8170870DFF8A4074021F9F73e
:80C9000049FFDFF8A007FFF7A2FFDFF89C070068DFF89817086001BD80B502F032FB02BDF8B5DFF870070078002840F09A8002F02BFB0090BDF80040BDF802501123DFF85C070278DFF86817DFF84C07007802F0D4FAC0B2002800F08480DFF840170978461800270F21DFF84C271170DFF828170978012912D1DFF83C174C70DFF8341727
:80C98000C97811F07F01DFF82C27D170F6B2E4B2A64201D301271AE0002718E0DFF8F8160978022912D1DFF80C174D70DFF80417C97851F08001DFF8FC26D170F6B2EDB2AE4201D3012702E0002700E00127DFF8E416C97860F30401DFF8D806C170DFF8BC060078DFF8CC168870DFF8AC06007802F0ABF94042DFF8BC1681F82600DFF8e7
:80CA0000B40690F8270010F07F00DFF898160978C9B2890950EAC110DFF8981681F82700FFB2002F14D0DFF870060078012804D10220DFF86416087005E002F09AFA0120DFF8541608700020DFF85016087002E0DFF8480606700120DFF838160870012000E00020F2BD10B50C00DFF82816097800290BD0DFF83C162822FAF7E5FF2820f9
:80CA800020700020DFF80C16087001E00020207010BD38B504000D002878C0F34000C0B200280AD0207810F0FE00207002F0E8F9FAF79BFE02F04AFCB1E0287810F00100002838D0207810F00100002833D1FAF7D5FD207850F0010020706078C0F38100C0B2FFF7A5FE217A00916178C9B20B09DBB21BB2617811F0030212B20100C9B280
:80CB0000032002F09BF9A078C0B2C209A078C0F30111C9B289B2A07810F00F0080B202F051F994F90700414209B294F90600404200B202F0F3F82878C0F38000C0B200286DD068786070287A20726078C0F38100C0B2FFF76DFE0100207A00906078C0B20309DBB21BB2607810F0030212B2C9B2032002F063F9287810F03000102811D15a
:80CB8000207850F010002070E01CE91C0322FAF75BFF627992B2217909B2E07800B202F0EFF818E0287810F03000202813D1207810F0EF002070A878A070A078C0B2C209A078C0F30111C9B289B2A07810F00F0080B202F0F7F8287810F0C000402806D1207850F04000207002F0C1F817E02878000614D52878C0F38010C0070FD42078fb
:80CC000010F0BF002070E888E08094F90700414209B294F90600404200B202F07FF831BD10B50C00C0B202280AD1A08880B2030BA0880205120DA11D2068FFF7BFFC0FE0C0B203280CD1A08880B2030BA0880005000D10F5A04292B2A11D2068FFF7DAFC10BD10B50B00110000221A608A881205120D9C8862F30B049C808A8892B2120Bbf
:80CC80009C8862F30F349C80C0B2022809D1888880B2020B88880105090D981DFFF7A4FC0EE0C0B203280BD1888880B2020B88880005000D10F5A04189B2981DFFF7C4FC10BD80B5C0B2002805D0012807D10120FFF7D0FC03E00020FFF7CCFCFFE701BD80B5C0B2002805D0012807D10120FAF767FE03E00020FAF763FEFFE701BD80B5b8
:80CD0000C0B2002805D0012807D1012001F0FEFC03E0002001F0FAFCFFE701BD10B50400208880B2C00BC0B200F05FFD2088C0F3803080B2002802D0FAF750FD0DE02088C0F3003080B2002805D020880005000DFAF738FD01E0FAF748FDB4F80100C0F3052080B200F047FDB4F8010080B2800B80B200F046FD6088C0F3803080B200280b
:80CD800007D0608880B2000A10F03F00FAF743FD01E0FAF744FD2068C449086010BD10B5040000F025FDC0B2218860F3CF312180FAF72BFDC0B2218860F38E312180FAF727FDC0B2218860F30C312180B7480088218860F30B01218000F010FDB4F8011060F30D21A4F8011000F01BFDB4F8011060F38F31A4F80110FAF715FDC0B26188be
:80CE000060F38E316180A948408880B2000A618860F30D21618010BD80B50220FFF7BCF9FFF7FEF8FEF7C0FA0020FFF7B5F90120FFF7B2F9FCF710FA0020FAF7C1FD01BD30B583B00400C9B2092901D2002052E002F08FF82078924908702078C0B2C009C0B200281CD0207810F07F00C0B2012812D0022840D003283ED0042843D00528e7
:80CE800045D0082871D00A2873D00B2875D00C2877D0102879D07BE0611C8248FFF7F9FD207810F07F00C0B201281ED0022871D003286FD0042800F0A580052872D0072800F09880082800F09980092800F0A7800A2800F098800B2800F0A5800C2800F0A680102800F08E80ADE073486D490922FAF7AAFD01203EBD611C207810F07F00e5
:80CF0000FFF78EFECCE76078FFF7DBFEC8E7651C2800FCF754FA694800680090E87F9DF8001060F300018DF80010E87FC0B240089DF8001060F341018DF8001095F820008DF8010095F821008DF8020095F822008DF8030000A804F0A1FAE87FC0B2800810F0010002F0A3F99AE7601C02F060FA96E76078FFF7B4FE92E7601CFFF7CEFEeb
:80CF80008EE76078FFF7BBFE8AE7FFF745FF87E70020B0E7621C4849207810F07F00FFF760FEA7E7444C2000FCF782FA01A804F079FA9DF80400E17F60F30001E1779DF80400C0B24008E17F60F34101E1779DF8050084F820009DF8060084F821009DF8070084F8220002F069F9E17F60F38201E1777FE73048FFF760FB7BE72E4802F066
:80D00000EBFA77E776E7FAF7E5FC002803D001202349487002E00020214948706AE72648FDF7EBFE66E72448FFF7B9FE62E701F070FB002803D001201949487002E000201749487056E7002055E710B50400C9B23F2901D200201CE001F08BFF1048007810F07F00C0B2401E022809D9C01E0BD0401E05D0801E052802D9093804D007E07b
:80D0800007482060012004E005482060012000E0002010BDDD670020E4040020DE670020C003002048660020F87C0100AC6600203404002030040020C1030020FC7C0100F0B4DFF88067D6E9004505E0012717FA06F62E433500521C9A420BDA5756002FF9D4B7F12006002EF0D50126BE4026433400F0E7C0E90045F0BC70471CB50021d4
:80D1000014E030F811204FF47F431A420DD092B2D2B22E2A09DADFF83037D154DFF82C271278521CDFF824371A70491C2E29E8DBDFF8180790F900300022DFF80C1700A8FFF7BEFFDDE90001DFF80427C2E9000100200AE0DFF8FC265268012313FA01F11143DFF8F0265160401CDFF8E01691F90010884223DADFF8E016096888420ADB7d
:80D18000DFF8C81691F90010491EDFF8CC261268891A8142E8DADFF8B0164256002AE3D4B2F120010029D5D5DFF8A8160968012313FA02F21143DFF89C261160D4E713BD80B5DFF898060078002840F0AB8072B6DFF88C06006850F00100DFF884160860DFF87C06006850F00200DFF874160860DFF86C06006850F00400DFF8641608601b
:80D20000DFF85C06006850F00800DFF854160860DFF84C06006850F01000DFF844160860DFF83C06006850F02000DFF834160860DFF830060068DFF830160860DFF824064068DFF828160860DFF818060068DFF820160860DFF80C064068DFF818160860DFF814060068DFF8141608600620DFF808160860DFF8080600884FF6EF710840a9
:80D28000DFF8FC1508800020DFF8F8150880DFF8F80504F05BFADFF8E4050068DFF8D81508600020DFF8E4150860DFF8D405008850F01000DFF8C8150880DFF8A405006840084000DFF898150860DFF89405006830F00200DFF888150860DFF88405006830F00400DFF878150860DFF87405006830F00800DFF868150860DFF86405006877
:80D3000030F01000DFF858150860DFF85405006830F02000DFF8481508600020DFF86415088062B601BD10B40023DFF864459BB25A40135DDFF858259BB259408B5CDFF850159BB25840435C93F00F039BB2180010BC70472DE9FF410C00DFF83815098860F30301DFF82C251180DFF82815097811F00F050100C9B20909C9B2DFF8142589
:80D38000128861F30712DFF80C150A80DFF804150988C1F30316B6B280B2000ADFF8F414098860F30B21DFF8EC040180DFF8E4040088C0F30327BFB23A0031002800FFF7B2FFDFF8D014098860F30F31DFF8C4040180DFF8C004008880B25FEA10381FFA88F802A8DFF8B0140522FAF72DFBDFF8AC0402A90522FAF727FBDFF88C0402A92b
:80D400000522FAF721FBDFF89804DFF89814052202FB05110522FAF717FBDFF88C04DFF88414052202FB06110522FAF70DFBDFF87C04DFF87014052202FB07110522FAF703FBDFF86C04DFF85C14052202FB08110522FAF7F9FADFF85C04006801284BDB24B2002C48D424B2DFF848040068401CB4EB600224B2DFF83C04006814EB600392
:80D48000002A0FD5DFF82C0403680022DFF8B81300A8FFF715FEDDE90001DFF8C823C2E9000135E0DFF8A40390F90000984217DADFF8980390F90030DFF8900390F90000DFF8F0130968421ADFF87C1300A8FFF7F7FDDDE90001DFF88C23C2E9000117E0DFF8641300A8FFF7EBFDDDE90001DFF87423C2E900010BE00020DFF8BC13087090
:80D50000DFF84C03D0E90023DFF85803C0E90023BDE8FF81DFF8A0030078401CDFF898130870DFF894030078022190FBF1F202FB1102012A08D1DFF81C03D0E90023DFF82403C0E9002307E0DFF80403D0E90023DFF81003C0E9002370470020DFF8581308707047BE480068DFF850130860DFF850030088DFF844138880DFF848030088d6
:80D58000DFF83813C880DFF840030088DFF82C130881DFF838030088DFF820134881DFF830030088DFF814138881DFF828030088DFF80813C881DFF820030088BF490882DFF818030088BD494882DFF814030088BA498882C3480088B849C882C2480088B6490883C1480088B44948830120B34908777047B148007F002836D00020AF4970
:80D600000877AE48006896490860AC488088AC490880AA48C088AB490880A8480089AA490880A6484089A9490880A4488089A8490880A248C089A7490880A048008AA64908809E48408AA54908809C48808AA44908809A48C08AA34908809848008BA24908809648408BA1490880704780B5FFF779FF7B48006850F001007949086078485e
:80D68000006850F00200764908607548006850F00400734908607248006850F00800704908606F48006850F010006D4908606C48006850F020006A49086040F60C408449088000208349088000208349088000208249088061480078002806D000208049088000207F4908802BE03B207C49088049F6A1607249088041F2EC507149088004
:80D700004AF236107049088040F69E406F4908802720744908807648002110E00022028000228280002202814FF6FF7202824FF6FF7282824FF6FF720283491C20301429ECDB012068490880684800884FF6FE7108406649088000204A49088004F010F901BD5648007F704780B5614800210AE04AF6BF2202804AF6AA2282804AF6AA22ad
:80D780000281491C1030574A127812F03F028A42EEDA04F0DDF8FFF72DFF31480068400840002F4908602E48006830F002002C4908602B48006830F00400294908602848006830F00800264908602548006830F01000234908602248006830F020002049086000202749088001BD1C49087070471A48007870472F49086070472D48006813
:80D800007047022805D0032807D102203949086006E001203749086002E0002035490860704734480068002803D0022805D002D305E0012004E0022002E0032000E0002070470000907C010000040020F66700206C66002074660020C8040020F7670020043001507C66002000410150044101500042015004420150004001506C67002079
:80D8800090700551987005515865002008410150607C010070670020757C01005D650020626500207C780100676500206C65002071650020C4040020F5670020786500200020055104200551082005510C200551047005510C7005511070055114700551187005511C700551B87005519C70055100000551CC04002070B4039C012500EB4f
:80D90000E10005FA04F4641E01F00701056804FA01F6B543DE0803F00703B258DA40224002FA01F12943016070BC704711B14178491C41700178491C0170C9B220292DD1C17A082903DA491CC172818905E0827A818912189278891A8181427851188181B0F90C10FF29C4BFFF218181827A417812189170002141700170817A491C817275
:80D98000C9B2082904BF00218172B0F90C1021B1C27AC90091FBF2F1091F8173704730B44378057813401140D4432A405A4081EA03052A4322438578D2B2154021EA02022A438270027822401A430270427822401143417030BC7047F8B51646044630790D46002741094A0744D4002942D0F378B1780FF6D8024FEA911C4FEA131E03F0d9
:80DA00000F031CF802C01EF802E09B5CF44463444FEA101C00F00F001CF802C0805C6344C01800F00300C1F30112904222D1880900F001012846FFF779FFB078F178800900F0020001F001010843410001F0020141EA500080F00301032205F11000FFF79EFF3079F17800F01F00490841EAC010208000E001273846F2BD2DE9F843089D19
:80DA800090462A780E460FF6440102F00C077F5CBF181209525CD2196F7807F00F07795C891801F00301032918BF012040F08380002101806878C0F34102000721D507244FF0020952B1022A14D00DD3032A01BF187840F008001870152710E0187840F00100187000270AE0187840F002001870072704E0187840F0040018700E273170d1
:80DB000028E02878800800F0010106244FF003092AB1022A17D00BD3032A1DD043E0187840F0100018701C2701B10221022205E0187840F0200018702227012206F11000FFF72DFF2FE0187840F040001870282701203070717026E02E27187840F080001870307840F0020030700328727842EA4101717017D1012904D009D3032905D043
:80DB800002D305E0202004E0402002E0FF2000E01020B17B0A001CBF401A01EBE000B07300203070707000944B462A4639464046FFF7A2FE0020BDE8F2832DE9F04100240C704C700FF2047C069C94F800E0A5786778E6784FEA5E1818F80C80C64407F00F083F0918F80C8017F80C70C644774405F00F0E1EF80CE077444FEA151E1EF8fe
:80DC00000CE0774406F0010E1EF80CC0674407F01F071F2F18BF012040F09980AF09F60748D52FB1022F11D009D3032F15D01AE0197841F01101197000251C2113E0197841F022011970072522210CE0197841F0440119700E25282105E0197841F08801197015252E2102EBE50305F007051E687F27AF40BE43D4F80170C7F3460707FA0e
:80DC800005F53543C9B21D6002EBE102A478136801F007013F258D4004F03F04AB4304FA01F119431160018800294AD14FF48071018048E06A0902F0010217B1012F1CD036E002B1022210314B780D7803F002035D4082EA030635438E7845F0FD052E4022EA050535438D700D7805F0FD052B430B704B7803F0FD0318E010314B780D7887
:80DD000003F001035D4082EA030635438E7845F0FE052E4022EA050535438D700D7805F0FE052B430B704B7803F0FE031A434A70A178627801F01F01D20042EAC12109090180008810B10020BDE8F0810320BDE8F08100034FF40001DFF8F029DFF8F03904E0084218BF5040490852081942F8D1704700002DE9F047154682B01A46AF78d5
:80DD800088464FF0000905F1040E0723092460B9DEF800001168400AC1F3C81141EA402047F00107CEF8000030E0401E052828D8DFE800F00314181C20240EF10100136801689B0921F00E0103F00E031943016047F002070A230624002112E047F0040706210EE047F008070F210AE047F01007182106E047F02007212102E047F04007c7
:80DE00002A210094C9B24046FFF776FD7F2F34D198F80600AC88302600F00700FFF799FF0421DFF82C29DFF824394FF4000C0C3EF6B24FEAD60E06F0070A5EF808E02EFA0AFE4FEA0E5E80EA1E500003E6469A4608E010EA0E0F18BF8AEA00004FEA5E0E4FEA5A0A1EEA020FF3D1491EDFD1A04214BF4FF0040947F08007AF704846BDE88c
:80DE8000F6872DE9F0470D46089F97F802E097F800C011461A467B7804460FF230404FEA1C1903F00F0A19F800901AF800A0D1444FEA131A00261AF800A0D1440EF00F0A1AF80080C84408F00F000CF00F09484533D15FEA0E7E16D44FEA1C1151EA03100FD02080B87800F0030080F00301032205F11000FFF753FDB878800800F0010000
:80DF00001DE003261AE0CCF3021007280DD1A97B4FEADC1040EA430000291ABFA1EBD1014018C000A8732680DCE73B46FFF722FF0646002020800EB9D4E70126FF20E8743046BDE8F087F0B4DFF8080800210180817081800022DFF80018002314461CC10CC11439F8C9DFF8F427DFF8F417F8C200220A700B724FF6FF72A1F801204FF0dc
:80DF8000FF32C1F80320FF22DFF8D8371C78CA711CB970C970C3002181810023DFF8C81703810B70A1F80130CB700A71F0BC70472DE9F04F04461E4685B00020307091462078C00900F03781DFF888B7BBF80E00DDF83C80ADF8040002ADB8F801008DF80800B8F80100000A6870D8F80300A870D8F80300000AE870D8F80300000C28711e
:80E00000D8F8030098F80710000E00F03F0040EA8110687198F8081098F80700C900C0F3820001F008010843A8712078DDF838A0109F00F00700012809D006D3032800F07F8073D3042800F0888006209FE0621C514601A8FFF7C0FC002840F098800120621C307000205178009113780FF25C2103F0080C4FEA131E1CF801C01EF801E0ec
:80E08000F444DDF800E00EF00F0E03F007031EF801E0F444DDF800E04FEA2E1E1EF801E0F44492F802E00EF00F0E1EF80110614401F00701994235D111794909012922D02ED3032901D00ED32AE069681268DFF89C366FF3920103EA520211436960397841F004011AE0D5F802101268DFF880366FF3510103EA92021143C5F8021039785e
:80E1000041F002010AE002991268490CC2F3D00242EA41410291397841F00101397002E0022000E0012090BB01212EE0601C00907B1C02AA514601A8FFF79FFC38BB08E0601C00907B1C02AA514601A8FFF735FDE8B901213170022117E0601C00903B4602AA514601A8FFF78CFE80B9B9F1000F08D09AF81310012904D1FF208AF81300e7
:80E18000022001E00121317004218BF80810BDF80410A6F80110BDF80410ABF80E109AF81210F1709AF80E1031716A789DF8081041EA0221A8F80110AB78EE786A7943EA06232E7943EA064302F03F0643EA0663C8F80330AE79B60006F01C0646EA921288F80720AE79C6F3C00688F8086078B9DFF86C653578002D0AD0B6F801508D42aa
:80E2000001BFD6F803109942F179914200D00520119A002A53D02378002103F00703012B07D00DD3032B0AD007D3042B08BF142106E0282104E00620EAE70C2100E01921CE1D00250023F6105170012E24DB012701F0070807FA08F74FEAE10804F1010B02F1020CA7F1010E0FF260019BF800A0434508BF0EEA0A0A0CF801AB0AF00F0733
:80E280004FEA2A1A7F5C1AF801A057445B1C3D440BF1010BB342E9DB15722378117803F0070301F0F00143EAC9031943117001F00F012378DB0841EA031111705072411E8941C80F05B0BDE8F08F0000000101020102020301020203020303042DE9F04304460FF29040DFF87874DFF868549146D0E9002393B00FF28440CDE90623884643
:80E30000D0E90023CDE9042308A80ECF0EC008A9B1E80C10A0E80C10D5E90001CDE91001CDE90E010C3FA87A08B105F11000039006AB0EA802904A460BA801904146DFF8180400902046FFF733FE0646A87A08B105F11A00039004AB10A802904A4608A801904146DFF8F4030090E01DFFF720FEA97A09B10121E972697A02290ADA9DF8a6
:80E380001010002904BF9DF81810002904D00221697201E0032900DA1EB9697A032903DA10B10321697201E004290BDA9DF8181011B39DF81010002918BF064202D00421697202E0697A052916DA9DF8181000291CBF9DF8101000290ED0BDF81910BDF81120914202BF9DF81B109DF81320914202D1052169721BE0697A052916DA064281
:80E4000041D0BDF82D20BDF821309A4202BFDDF82F20DDF823309A4202BF9DF833209DF827309A4202D10521697203E006292ADA064228D0BDF82D10BDF82120914202BFDDF82F10DDF82320914202BF9DF833109DF82720914216D19DF8181000291CBF9DF8101000290ED0BDF81910BDF81120914202BF9DF81B109DF81320914202D176
:80E480000621697202E0697A072903DA3978F9B1072169723978D9B1002E43D1002847D19DF8180000281CBF9DF8100000280BD0BDF81900BDF81110884202BF9DF81B009DF8131088422DD0A749002008703EE036B1217801F00701032908BF01210ED030B1E17901F00701032908BF012100D0002126B1227802F00702022A05D030B1dd
:80E50000E07900F00700022801D1012000E00020084314BF02200620697A81420EDB9DF8180010B1DDE9060104E09DF8100028B1DDE904018C4AC2E9000108E08A4800210170C170FF2101710021A0F801103878002840F0AE80BDF82D00BDF82110884202BFDDF82F00DDF82310884218D19DF833009DF82710884202BF9DF834009DF8b1
:80E580002810884202BFBDF83C00BDF84410884206D10BA80EC80EC7BDF83C00A8800C3F9DF838009DF84010084028709DF839109DF84120114069709DF83A209DF842301A40AA7000233B70072818BFFF2922D164480178B1B1B7F80110B0F80120914202BFD7F80310D0F8032091420AD1F979C279914202BF397A027A914202D10120bc
:80E60000387006E00ECF0EC0012100F80C1D0020288000202CE05348037813B301F00F010F291ED1B7F80110B0F80120914214D1D7F80320D0F803101205120D0B05B2EB135F0AD1FF226A70C7F80310C179007A3872F9710120387001E000210170002006E0FF2A06D1012139700ECF0EC0A888A8811EE0EBB102F00301032919D1A9886b
:80E68000AA89914212D1FF21A97013B0B0F80110A7F80110D0F80310C7F80310C179007A3872F97101203870BDE8F08300210170A98113B0BDE8F0832B4870472848704726482549C07CC97C814218BFFF2904D0FF2801D108467047FF2070471D484178027812B141B90120704729B1FF2901D10320704702207047007A704715484078cd
:80E7000081B08DF80000009801B070471149887270471048807A70470E4A937A92F80BC013EA0C0F10D00023D372152928BF14211032012906DB0B4612F801CB00F801CB5B1EF9D108467047002070470078C00000F0FF0034650020DC650020F0650020246600203066002054660020FCFF0700FEFF030000000000000000000000000012
:80E78000000000002DE9F04F0400581C131A80184D1E54F822C00A9FBCEB070617EB6606BCEB070C17EBAC0EDFF864C50027B2F1010801E0B8F10108B8F1000F36D414EB8809D9F8049054F828A0D14526DA5FF0010918F1010C54F82870B8F1010803E054F82870B8F10108B8F1000F10D454F828A0BA45F4DAB7420ADA5FF0000900270f
:80E80000B8F1000F02D15FF0000C01E0DFF800C55FFA89F9B9F1000FCCD007E0B8F1000F02D15FF0000C01E09845C3DADFF8E0945FF0000A12F1010801E018F1010888452EDA14EB880353F8043C54F828B05B4520DA0123B8F1010954F828A018F1010803E054F828A018F1010888450EDA54F828B0D345F5DAB24508DA00235FF0000A77
:80E88000A84501D1A94601E0DFF88494DBB2002BD3D005E0A84501D1A94601E04045CCDADFF86C04BE4201DA564526DBBE4203DAD64501DB604620E0BE4503DB564501DA48461AE00B9B5FEAC37E0AD5082A08DA564512DB002A02D15FF0FF300DE060460BE09B0709D5EB1F9A4206DBBE4204DBAA4201D1080000E048460999002910D0e0
:80E9000010F5004F0DD001280BDBA84209DA14EB8001496814EB800252F8042C914200DA401CBDE8F08F3EB504000800B4F90A10491CB4F90130B4F9065015EB430563790293069B0193A37913F0010393F00103DBB200930723FFF715FF10F5004F02D1DFF8AC0309E0B4F90310B4F9082002FB001015EB4000401E00B23EBDB0F90310fa
:80E98000B0F9083003FB0211B0F90120B0F906309A1852004078C00704D50098002802D1921E00E0521E12EB410000B27047F0B4B0F90350B0F90140B0F90AC0002A36D0624534D211EB820656F8046C11EB82077F68B74214DA022A12D311EB820151F8081C8E4206DA5FF0030C0CFB03FCB1EB9C0F03D27118FB18994218D3521E16E082
:80EA0000BE4214DABCF1010C624510D211EB820189688F4206DA5FF0030C0CFB03FCB1EB9C0F03D2C9199B19994200D3521CB0F9080000FB025014EB4000401E00B2F0BC704780B54968437C012B24D037D3032B04D02AD3052B14D009D330E00092D1F8D433D1F8D0231130FFF75DFF28E001220092D1F8D433D1F8D0231130FFF77EFFe6
:80EA80001EE000220092D1F8D433D1F8D0231130FFF774FF14E001220092D1F8D433D1F8D0231130FFF783FF0AE000220092D1F8D433D1F8D0231130FFF779FF00E0002002BD80B5496811F5806190F82130012B24D037D3032B04D02AD3052B14D009D330E00092D1F8E433D1F8E0232130FFF71AFF28E001220092D1F8E433D1F8E023d2
:80EB00002130FFF73BFF1EE000220092D1F8E433D1F8E0232130FFF731FF14E001220092D1F8E433D1F8E0232130FFF740FF0AE000220092D1F8E433D1F8E0232130FFF736FF00E0002002BD70B582B004000D00B4F80B00032803DB617B002900D0801E4FF4107101FB00F6320029002000FFF768FFADF80000320029002000FFF7A1FF00
:80EB8000ADF80200009876BD10B409B211F5004F11D0B0F90320B0F90830B0F90140B0F9060010EB440009B203FB012110EB4100801E00B200E0564810BC7047F4B584B005000C00534800680390BDF9100010F5004F2AD0B5F80B00032803DB697B002900D0801E4FF4107101FB00F2687C03281BD115F111066068B6F90A10491CB37941
:80EC000013F0010393F00103777902970192DBB200930723BDF91020FFF7B4FD010009B23000FFF7B1FFADF80C00BDF9120010F5004F2CD0B5F80B00032803DB697B002900D0801E4FF4107101FB00F295F8210003281CD12135606810F58060B5F90A10491CAB7913F0010393F001036C7902940192DBB200930723BDF91220FFF782FD6d
:80EC8000010009B22800FFF77FFFADF80E00039805B0F0BD30B40023002405E050F82450954200DB5B1C641C8C42F7DB180000B230BC704770B582B004000D00164800680090B4F80B0080B2032803DB617B002900D0801EE189401A80B240F6D27101FB00F668683200B4F91B10491CFFF7D2FFADF80000686810F580603200B4F92B108c
:80ED0000491CFFF7C7FFADF80200009876BD00000080FFFF0C7D0100107D0100DFF83C25126832F00402DFF834351A60DFF830251080DFF82C054180DFF82005006850F00200DFF8181508607047C0B2012804D1DFF80C05B0F9000008E0C0B2022804D1DFF8FC04B0F9020000E000207047DFF8EC04006850F00400DFF8E0140860704798
:80ED8000DFF8E0341880DFF8E004018092B2F12A03DADFF8D804028003E0F120DFF8CC140880DFF8B804006850F00800DFF8AC140860DFF8A804006850F00200DFF89C1408607047DFF8A8341880DFF8A8040180DFF8A4040270DFF88404006830F00800DFF878140860DFF87404006850F00200DFF8681408607047017042808380C9B285
:80EE0000032906D011D3052909D008D306290AD00BE012B21BB213EB4201C18005E099184900C18001E0C280FFE7DFF83004006850F00200DFF8241408607047F8B504000D0016001F00E00709D53B001BB2320012B22900C9B2DFF82404FFF7CDFFA00709D53B001BB2320012B22900C9B2DFF81004FFF7C1FF0698DFF808140870F1BD1d
:80EE8000DFF8D803006850F00100DFF8D0130860704730B4DFF8C4331B68C3F3C003002B08D00023934225DA51F8234020F813405B1CF7E7DFF8B8331C88DFF8BC331B78002B04D0A4B2032C05DBA41E03E0DFF8A4331B88E41AA4B2002C0BD0002307E031F82350A4B295FBF4F520F813505B1C9342F5DB100030BC704710B504000800c6
:80EF000011001A00DFF854331B7813F0030F01D000202DE0E4B2012C13D1DFF86C331B68002B0ED0F1290CDA5318F22B01DBD1F1F102DFF854331B6813EB8101FFF7A9FF16E0E4B2022C12D1DFF840331B68002B0DD0F5290BDA5318F62B01DBD1F1F502CA4B1B6813EB8101FFF793FF00E0002010BD0020C5490860C4480068C249086021
:80EF80007047C34800787047C248006870472DE9F04184B0060016F1080816F112070120BB490870012088F80700042088F80400002088F80800012088F8090003203870A6480068800810F0010088F80500AB480078F871A9488088A7F80D00A74840883881A7480078F875A5488088A7F81D00A3484088388399480068C0F3C000002811
:80F0000060D00120A7F801009648B0F90000012804DA00207881012038731BE09148B0F900009649B1F906100818D8F80010B1F90010884209DBD8F8000000888F49C988401A78810220387304E0864800887881002038738448B0F90000012804DA00207883012038771BE07F48B0F900008449B1F906100818D8F80010B1F91A1088420c
:80F0800009DBD8F80000408B7D49C988401A78830220387704E0744800887883002038770020A7F81F00B7F81F00A7F80F006F48B0F90000401EA7F82100B7F82100A7F8110032E06A480088A7F8010069480088B88069480078F87000207883788B78810120A7F81F00B7F81F00A7F80F0003203877387F3873D8F80000B0F900005F4955
:80F10000B1F90610401A012190FBF1F0A7F81100D8F80000B0F91A005949B1F90610401A012190FBF1F0A7F82100B7F81100401C58490880B7F82100401C564948800120A7F8270041F28830C7F8290042F21070C7F82D00707B00280AD040480068C0F38000002804D03000FBF762FF3C4908603B480268B17B0420FCF73AF8D8F80000ba
:80F18000D0F806000400D8F80000006A050000952300B27B012101A8FCF7A8F80198C7F813000298C7F823000020384908603748006835490860FEF7D0F9BDE8FF810021304A1278002A03D0022A07D002D306E0012104E0817B91F0010100E0817BC9B2002907D0D0F847002749086010F58060264908600020704780B510F14301083033
:80F20000FFF7A2FC0090009802BD80B52249C96888470090009802BD002070470F480078C0070AD50D480068400840000B49086000201749087018480EE008480068C0F34000002807D00548006830F0020003490860124800E01248704700002C67002030670020B2670020B4670020E0040020DE040020B0670020E76700209404002038
:80F280009C040020E86700203467002038670020E9670020BC040020207A0100AC7A0100587A0100DFF8C806C06D000A0AE0DFF8C016CA6D60F34922CA657047DFF8B006C06D400A00F00100704710B5DFF89C4604F1140003F086FD04F1300003F082FD04F1840003F07EFD04F1A00003F07AFD04F1F40003F076FD4FF000430322642191
:80F3000004F14C0003F00CFD4FF000430322642104F1BC0003F004FD4FF00040C4F8800020610020206720604FF0FF30C4F8E000C4F8F000C4F8E4000020C4F8E800C4F8DC00E066BDE8104004F019B970B58AB00FF2AC017CC905A80FF2B8017CC07CC900A87CC0FEF7EFFDDFF80046DFF8005604F22710002101718170012084F826119b
:80F38000A4F827112876FFF7A0FF04F15C0002F021F904F1CC0002F01DF904F5887002F019F904F5A27002F015F904F59A7002F011F905A804F038FB00A804F05FFB0FF26800006804F087FB0020687647F23050606044F6206060670FF25000006803F0B8FFE86DDFF8AC1C084040F01000E8650AB0002068652862A86270BD0000000044
:80F400003A00960100000000735A0000060000004007400725009201000000008838000000000000C007C00700000000000000002DE9F0418EB00FF27815B5E8C051044609ABA078E178B4F90020A3E8C0510001ADF8340009010C92ADF8361009A804F0E3FA0FF26015A079E179B4F90420B5E8C05104AB0001A3E8C051ADF82000090149
:80F480000792ADF8221004A804F0F8FA217AC809C1F3800201F0010383F00103C1F340018DF80030002914BF0021042119438DF80010002A14BF002102219DF8002002F0FD0211438DF8001000B108209DF8001001F0F70108438DF80000009804F0FBFADFF88804B4F809104160B4F819104167DFF87C0494F82A10C26D81F0010161F33e
:80F500000002C26522F0040194F82920C2F3C00241EA8201C16594F82910C26D090961F30512C265C16D94F8292021F00801C2F3801241EAC201C16594F82900C0F3800100F00102C0F340008DF80020002814BF0020022010438DF80000002914BF002004209DF8001001F0FB0108438DF80000009803F0EEFEB4F82B00ADF80400642174
:80F580004043029094F92D008002323090FBF1F0ADF80C0094F92E008002323090FBF1F0ADF80E0001A804F000F80EB0BDE8F0813A00960100000000735A00000000000000000000250092010000000088380000000000000000000010B58AB0044601A804F08AFABDF91400BDF91610049A22800011A0700811E07001A804F080FABDF957
:80F600001400BDF91610049AA2800011A0710811E07100A804F06BFA9DF80010207A81F0010100F0780001F0010108439DF80010490881F0020101F0020108439DF80010490081F0040101F0040108439DF80010C90840EAC1102072C4484168A4F80910406FA4F81900C248C06D94F82A2080F0010161F3000284F82A20C0F3800294F87a
:80F68000291001F0F70141EAC20184F82910C0F3011201F0CF0141EA021184F82910C0F3C00001F0BF0141EA801084F8290000A803F052FE9DF800109DF8002094F8290081F0040101F0040102F0010211439DF8002082F0020202F0020200F0F8001143084384F8290006A803F065FFBDF81800A4F82B006420BDF92010414301F500715d
:80F70000891284F82D10BDF92210484300F50070801284F82E000AB010BD30B5934C04F11C0187B04A7E002A1EBF04F18C02537E002B16D0637E002B1CBF94F88930002B0FD0C969411A0CD40D46D169411A08D44D19E169411A04D44D19D4F88C10411A02D5002007B030BD49194A1001EB9271A0EBA1052A4600A904F1300003F06CFDd5
:80F7800000B3019802902A4600A904F1A00003F063FDB8B1019803902A4600A904F1140003F05AFD70B1019804902A4600A904F1840003F051FD28B10198059002A904A803F093FE07B030BD4168012912DB684A0368127E8B4206DA62B10A2A0ADAC16E41F0040105E02AB1062A03DAC16E49084900C166704730B44468012CA4BF0568d7
:80F80000A5420EDB594CD4F8F05055B994F82651002D2FD0B4F827416CB1C16E41F0020127E0524CD4F8F05025BB94F826510DB3B4F82741F4B90469B4F1004F1CBFB3F1004FB1F1004F15D0E31A48BF5B42B3F5967F0FDD464B1B7E63B1092BBFBFA1F54871A14202F548718C4203DAC16E41F00401C16630BC70472DE9F047089C82466d
:80F880000D0016461F4621D00AF130084FF4C8723146404603F0FAFA6FB1002C14BF4FF4C872FA2200233146404603F0A2FA10B94FF0004070603146404603F010FB404603F068FB4FF00040706009E07068B0F1004F05D0D6E900010AF10C02C2E90001DFF88C8098F85C00400601D4002D39D10AF1140964223146484603F0C7FA012577
:80F90000BFB1002C07BF0F23FA2246234FF4C8723146484603F06DFA58B91448D0F8F00020B9484603F05EFA002502E04FF0004070603146484603F0D2FA484603F02AFB28420FD0D8F85C00C0F3C00008B10AF1300900223146484603F055FC10B10120BDE8F0870020BDE8F087000000000020CC0100202DE9F04F050087B0287A0490ad
:80F9800018BF002800F08383DFF80C67D6F8F000012804DB012005904FF0010A15E000200590D6F8E4000128F6DA96F8260150B1B6F82701B0F1010A6AEB0A0A6FEA0A004FEAD07A01E04FF0000AFEF787FE04469DF81000DFF8847DC00727D50FF2BC62D2E90001CDE9000108222868009000A906F5A27001F07CFD0020F876002301202a
:80FA0000B87678630020B8630120F8630020B8650246014600F0B8FE44B1012C0CBF04200820307686F8880086F8F8009DF81000C0061CD50FF26C62D2E90001CDE9000108222868009000A906F5A27001F050FD0820B8760023012078630020B8630120F8630020B8650246014600F08DFE9DF8100080060BD5BAF1000F08D1FFF725FCf5
:80FA8000B6F820017065B6F82201C6F8C400F86DC0F3400121B120F00200F865002007E09DF8100000F00601481E8041C043C00F042C13D14FF0010900218DF804109DF8041051EA090101D1022C0DD19DF8101089094FF0010B01F0010808E04FF00009032CE9D10121E8E74FF0000BD846F96D68F38A21F965002800F0EC800FF2AC52ab
:80FB0000D2E90001CDE90201286802909DF81000800731D54FF0004405F1090103A803F0FFFF80B197F85C00C0070DD5DDE9020106F10C02C2E90001082202A906F15C0001F0D6FC00E00394B8F1000F14D1D5F827003060059810B13046FFF735FEDFF8100C0068002807BF2246214682880188039B3046FFF73FFE97F85C00C00733D433
:80FB8000F06EC0F3800078BB0398B0F1004F2BD0B8F1000F02D1F86401203877F86B02281CBF0328082801D1386C16E0B9F1000F1DBFF06EC00800F001030123CDF800A002AA41463046FFF757FE68B12868396902900398081803F0DAFF0390082202A906F15C0001F084FC286802904FF000449DF810000394400731D505F12B0103A81e
:80FC000003F092FF80B197F85C00C0070DD5DDE9020106F17C02C2E90001082202A906F1CC0001F065FC00E00394B8F1000F16D1D5F849003067059818B106F17000FFF7C3FDDFF82C0B0068002807BF22462146C2884188039B06F17000FFF7CCFD97F85C00C00736D4D6F8DC00C0F3800088BB0398B0F1004F2DD0B8F1000F02D138658b
:80FC800001207877F86B02281CBF0328082801D1786C18E0B9F1000F1DBFD6F8DC00C00800F001030123CDF800A002AA414606F17000FFF7E1FD68B12868796902900398081803F076FF0390082202A906F1CC0001F00EFCBBF1000F21D09DF81000800723D59DF8100040071FD5B8F1000F12D02868FFF712FD002838460DD003F015FCc5
:80FD0000F06E40F00800F066D6F8DC0040F00800C6F8DC0009E0384603F007FC05E000200021024607C707C7183FB86886F82401F86DC0F380000028F86818BF404286F825014FF0FF0A9DF81000000740F11B81287A7B7E800900F0010205F15B0105F14D00FEF7BBFAFEF7A7FC014604A80522F7F76AFEFEF7A4FC8246FEF79FFC01462a
:80FD800006F22B100922F7F75FFE9DF8100000281EBF9DF8130000F0030103291BD086F82901012296F82B319DF814000021002B18BF002824D0B6F82C11C90811F03F010BD001291CBF0429062908D18C2808DBB42814DA09E000224DE0014610E0182801DA10210CE0302801DA202108E06028B8BF402104DBC028B8BF802100DBFF21b0
:80FE0000F87E86F82A11202805DA401CF876BDF8110018B100E00020C6F8E400D6F8E80030B9BDF81100C6F8E000C6F8E82004E0C828BCBF401CC6F8E800BDF81100D0B13069B0F1004F07D030687168884203DAF06E40F00400F066D6F88000B0F1004F09D0306F716F884205DAD6F8DC0040F00400C6F8DC0000240FF68C33D3E9000114
:80FE8000CDE902012868FB6D0290980900F0010080F0010008EA000E22B3BDF81100039006F1EC02DDE90201C2E90001D80706D5082202A906F5887001F01AFB2BE0BEF1000F28D106F1F40B642202A9584602F0DDFF02A9584603F002F8584603F0CBF890B918E0BEF1000F15D106F1F40B029A02A9584603F0B0F902A9584602F0EFFF48
:80FF0000584603F0B8F830B1002202A906F1F40003F079F90446B8F1000F03D10398B8640120B877F86B022818BF032804D008281CBFB86D012804D1B86D401CB86500201AE0811E032907D2401CB8650528A4BF0020B86500200FE097F85C0000F0010084F00101084304BFB87E01280BD128680290039880F30C000390082202A906F5e9
:80FF8000887001F0B5FA9DF8040018B3786E0024012805DB29683A6E8C1AA0421CDA04E0F86DC0F30110012816DBF7F727FC786E241AA042FCDB2868001B3866F86DC0F301100128A6BFDFF8AC1791FBF0F00020786601E028683866B9F1000F0AD0BAF1000F04D0BAF1010F04D1012000E00020F7F760FC387F797F80F0010040EA0800a5
:020000022000DC
:8000000081F001010843B97F81F0010108430ED17B6B3A6DF96CDBB2012000F0B5FB786B0328BCBF401C78630020B877B883F06EC0F38000002802BFD6F8DC00C0F38000002824D00020C6F8DC00F066FFF73DF906F15C0001F0BEFA06F1CC0001F0BAFA06F5887001F0B6FA387E002818BF012807D0022818BF0A2803D00B281CBF0320d0
:800080003876F7F7D5FAF86D40F00200F86500F0B8BC000052FCFFFF000000200000000001000000000000000800000000000000000000802DE9F04FDFF8BC8683B008F15C0001F069FA044608F1CC09484601F063FA064608F58870029001F05DFA0746256830680190D7F800B05D4508BF58451ED16068ADF80000082108F15C0001F09c
:8001000034FA7068ADF802000821484601F02DFABF880298082101F028FA0098A8F8277108F5907103B0086001208871BDE8F08FA0EB0B0AA5EB0B0010F0004F21D06068ADF80000082108F15C0001F00EFA1AF0004F0DD07068ADF802000821484601F004FA7868B8F827110818C7033F0CD4E77868B8F827110818C7033F0C24D100203b
:8001800088E21AF0004F0ED07068ADF802000821484601F0EAF97868B8F827110818C7033F0C2AD1EBE7BF880298082101F0DDF95D4516D16068ADF80000082108F15C0001F0D3F9002FDAD0B8F827010028D6D008F590717068498808184010ADF802009BE70198584514D17068ADF802000821484601F0BAF9002FC1D0B8F82701002814
:80020000BDD06068B8F8201108184010ADF8000083E78542B3D1002F1CBFB8F827010028ADD06068B8F8201108184010ADF80000CEE700002DE9F04FDFF83CA583B000240AF15C0001F0A6F906460AF1CC0B584601F0A0F980460AF58870009001F09AF981460AF5A270019001F094F90546DFF8EC74387E401E0A2800F20282DFE810F036
:800280000B0025006F006F006F009C00AB00C000C000B701CD015DB1019801F086F90479019801F097F9012C08BF022000F082800AF15C0001F08EF9584601F08BF9009803B0BDE8F04F01F085B90AF1DC00C06801282FDB002E18BFB8F1000F2AD00AF15C0001F059F90446584601F055F905460AF590760120B0710AF2271100208870b6
:80030000F6F74CFD03280DD00AF15000C069C0F34000002801BFDAF8DC00C0F340000028AAF827016068AAF820016868708003203876A4E1002D00F0AD81FDF704FE0AF227140AF59071002020718871AAF82701A07001203876FEF7B8FF01202AE0002E1CBFB8F1000FB9F1000F0ED0FFF7A2FE58B10AF15000BAF8201141600AF590764f
:80038000718841670620387679E1002D00F082810821019801F0E9F80079082840F07A810AF227108078002805BFBAF8270100280A200B2038766DE10AF15000C069C0F3400000281EBFDAF8DC00C0F34000002815D0082038760AF15000C169C1F3400100291EBFDAF8DC10C1F34001002906D0012179760321CAF85010016700E07C7699
:80040000002E1CBFB8F1000FB9F1000F00F0D680FFF750FED8B9387E082840F03B81FEF754FF0AF15C0001F0D5F8584601F0D2F8009801F0CFF80AF15000BAF82011416003B00AF5907149884167BDE8F08F0AF59076BAF820010022322103F069FB28B970880022322103F077FB00E00120396A002913BF002801203C621E2078620146b4
:80048000BAF82001002203F053FB28B9796A7088002203F061FB48B3386AE8B901200AF22711B0718C700022F86A214603F040FB04460022386B114603F04EFB20431CBF0020AAF827013446386A022880F2D880386A401C3862D3E00128F5D10AF22711B4718C70AAF827413446F1E7386A012880F2D080387EBAF8271141BB062804D0e0
:80050000072818BF09280BD00CE00AF1DC00416941B98068012805DBAAF82701072000E00820387697F85C00C0073FD47388BAF820210AF1BC010AF14C0002F0F6FB0AF150008168806FAAF82011708097E0062804D011D3082803D005D30DE0072000E00920387608E0786D022802DA401C786502E0092038767C65F86B02281CBF0328b3
:80058000082813D1387E092810D1386CAAF82001786C7080FEF799FE0AF15C0001F01AF8584601F017F8009801F014F80AF15000BAF8201141607188416760E0002D69D00821019800F0D1FF0079082862D1386A48B90AF227108078002806BFBAF8270100280A2000D10B2038763C6252E00AF590760120B0710AF22711AAF827418C7075
:800600000B203876002201207863F863114634460023084600F0B8F832E0FDF794FC0AF227140AF5907600202071B071AAF82701A07001203876FEF748FE0AF15C0000F0C9FF584600F0C6FF009800F0C3FF0020B071A070AAF827010120387600207876F86D20F48070F86500F020FF01207863F863002211460023084600F085F834461d
:8006800044B121460AF59A7003B0BDE8F04F142200F02EBF03B0BDE8F08F80B508B1FFF769F9364800F076FF28283CBFBDE80140FFF7C0BD01BD10B5304C204600F06AFF28B12046BDE81040142100F04EBFFFF7B1FD002010BD80B5284800F05BFF401E8041C043C00F02BD25490522F7F7ACB924490922F7F7A8B91849CA6D60F38612a1
:80070000CA6570471548007E072818BF092801D10120704700207047174890F8261181B1B0F8271109B103207047E830806801280FDA0A48007E082801D10420704701207047D0F8E8100129A2BFE8308068012801DB02207047002070470000CC0100200548D0F8E8007047034890F82B017047085F002020BF0200000000203401002071
:80078000260100202B0100202DE9F04F87B00D46904600270026034C33B9A7630120606727672EE1CC010020012840F0C480A06B88B1A06EE0620022A5661146284603F0B7F9E06E20633A46C4F86C801146404603F0C2F9A4E0012B02D12F46464696E0022B26D1A06E291A0291052291FBF2F101EB81014F190022114603F099F9814630
:8008000032461146284603F093F9824632461146384603F08DF98DF811000522E06EA8EB0001019191FBF2F101EB810101EB080632E0032B6DD1A06E291A0291052291FBF2F1192691FBF2F1714301EBD17105EB61070022002103F06BF9814600221146284603F065F9824600221146384603F05FF98DF811000522E06EA8EB0001019172
:8008800091FBF2F191FBF2F2724301EB8101414402EBD27201EB62060022002103F05CF9834600221146404603F056F98DF8000000221146304603F04FF98DF81000A06AA8B99DF8000050EA0A0007D19DF811009DF8101008430AD0022009E089F0010108408BF00101084218BF032000D101206067019A02980146524301FB002000F012
:800900006FFE04F0E3F900F00BFF642801D201206067A06EE062A566E06E2063C4F86C80A06C0128A4BF216F012903DA0121E163206766E02067A06B012814D10020A0630022A06E4FF4FA7103F006F90546E06E00224FF4FA7103F0FFF8284314BF02200120E0634DE0616FA06A012900D090B1E16327646664002843D0A06E002264214e
:8009800003F0D6F80546E06E0022642103F0E4F8284336D134E0022918D10220E06305A900200690059003960297E06E9DF810309DF811200190A06E009006A803F00BF9069803F0E4F82064059815E0032918D10320E06301AA0020019000906421A06E03F0A6F8E06E00AA642103F0B5F8019803F0CDF82064009803F0DBF860640120fd
:800A0000A06207B0BDE8F08F00000000FFFFFFFF2DE9FF4780468A4618F1080018F112090121C171012101710021017201214172032189F800100121A9F80110032189F8171099F8171089F807100021A9F81A10B9F81A10A9F80A10032189F81C1099F81C1089F80C100021A9F81D10B9F81D10A9F80D100121A9F81F10B9F81F10A9F8d5
:800A80000F100221A9F808100268B2F9002009B2B2EB4101012291FBF2F1A9F811100221A9F818100268B2F91A2009B2B2EB4101012291FBF2F1A9F821100168D1F802100C000168C9690D000168D1F806100E000068006A070004F0ABFC002802D0CDE9024501E0CDE90267DDE90201FAF74CFC01904046FAF79CFA0090BDF90400BDF946
:800B00000010884203DABDF90400ADF80000BDF90600BDF90210884203DABDF80600ADF80200009A98F80E100120FAF761FBDDE902010091030098F80E20012102A8FAF7D5FB0298C9F813000398C9F823000120A9F827000020C9F829000020C9F82D00D8F80000C0F3C000002804D00020DFF84819086003E00020DFF83C190860D8F820
:800B80000000C0F34010002808D00020DFF82C1908600020DFF8281908600AE0DAF80400DFF82019884204D0FBF75FFCDFF810190860BDE8FF872DE9F94F8FB00C0015001C98002840F0F7805FF0000B0020059000200A90BDF93C80BDF97860BDF97C700AE00A980099884204D20AA800A91422F6F73AFF18F1010824B2444577D31A98cb
:800C000050F8280036B216F5004F06D036B2B04503D33FB2474500D300205FFA8BFBBBF1000F0CD18542E5D20090CDF80880CDF80C80CDF810805FF0010B0190DAE75FFA8BFBBBF1010F13D185420BD2009941180091CDF80C8001998142CBD20190CDF81080C7E75FF0020B81465FF0010AC1E75FFA8BFBBBF1020FBCD1854211D200998e
:800C800041180091009919EB01010091CDF80C805FF0010B01998142ACD20190CDF81080A8E71AF1010A10EB0909BAF1030FA1D35FF0000B03980299401A401C042807D20498042804D324B20498201A042891D205980099884284D20AA805A91422F6F7C3FE05A800A91422F6F7BEFE82E75FFA8BFBBBF1000F30D05FFA8BFBBBF1020Ff7
:800D000005D1009819EB0000009024B2039403980299401A401C042807D20498042804D324B20498201A042817D20598009988420AD20AA805A91422F6F796FE05A800A91422F6F791FE08E00A980099884204D20AA800A91422F6F787FE0598002800F0EE800A98002809D01D98002806D036B216F5004F02D147F6FF70E2E0099B1BB285
:800D8000220012B2BDF93C10109804F01DFD00280ED1099800B2019024B20094BDF93C302A000699109804F02BFC002800F0C780099800B2C5E00395049505950695BDF93C6002963700B0461A98BDF93C1050F82150AB46A946AA46BDF93C00401C04E08B4501D202908B46401C24B284421DDB1A9951F820108D4208D20297CB4647460d
:800E0000D146B046AA4606000D00EDE78A4506D20297CB464746D14680468A46E4E78945DED20297CB4607008946DDE70698A84280F0858033001BB2220012B2BDF93C10109804F0C1FC002802D0300000B278E0300000B2019024B20094BDF93C30069A2900109804F0CCFB002802D0300000B267E00598504562D243461BB2220012B214
:800E8000BDF93C10109804F09FFC002802D0404600B256E0404600B2019024B20094BDF93C30059A5146109804F0AAFB002802D0404600B245E00498484540D23B001BB2220012B2BDF93C10109804F07DFC002802D0380000B234E0380000B2019024B20094BDF93C30049A4946109804F088FB002802D0380000B223E0039858451ED294
:800F0000029B1BB2220012B2BDF93C10109804F05BFC002802D0029800B212E0029800B2019024B20094BDF93C30039A5946109804F066FB002802D0029800B201E0DFF8880511B0BDE8F08F2DE9F04F87B00400D4F84780B4F81300617D002903D080B2032800DB801EDFF864150968DFF860251160B8F1000F00F0DD80D4F8251080B28a
:800F800041430691D4F8351080B200FB01FBA06810F1140AA06810F12E090025DFF834050068002801D0012500E00025DFF82405006800281ED0DFF81C0500680088A0F267204FF4CB7190FBF1F6DFF8080500688088A0F267204FF4CB7190FBF1F7361F002E00D500263F1DB4F92300B84201DAB4F92370DFF8D0040590DFF8CC0404906b
:80100000EDB20395A07B0290210001A80422F6F71BFDCDF800805346069AB4F923100020FFF7C9FDDFF8A8140880DFF8A404B0F9000047F6FF7188421AD1380000B20590300000B20490EDB20395A07B0290210001A80422F6F7F8FCCDF800805346069AB4F923100020FFF7A6FDDFF864140880DFF86004006800281ED0DFF858040068cc
:801080004088A0F25B204FF4C97190FBF1F6DFF844040068C088A0F25B204FF4C97190FBF1F7361F002E00D500263F1DB4F93300B84201DAB4F93370DFF80C040590DFF808040490EDB20395A07B0290210001A80422F6F7B9FC18F5806000904B465A46B4F933100020FFF766FDDFF8E4134880DFF8DC03B0F9020047F6FF71884219D1a9
:801100003FB2059736B20496EDB20395A07B0290210001A80422F6F797FC18F5806000904B465A46B4F933100020FFF744FDDFF8A0134880DFF884030068401CDFF87C130860F6F78EFADFF8880307B0BDE8F08F30B583B00500D5F8534020680190019A15F1430115F10800FDF728FD00902868C0F3001000281BD1BDF9000010F5004F80
:8011800008D1B4F9000010F5004F03D020884000ADF80000BDF9020010F5004F08D1B4F9020010F5004F03D060884000ADF8020000983EBD38B50400FBF757F9BF490968012903D0BE490968884202DA0021BC4A1160BB490968411ABF4A1160B8490860D4F853100025B1F9002012F5004F10D0B1F9022012F5004F0BD0AF490968491C67
:80120000AD4A1160AC490968012928DB55F0010525E00022A84B1A6055F00805B1F9002012F5004F1BD1B1F9021011F5004F16D1B4F81310B4F92320521C51439F4A1268032A02D14FF4346200E00022A24B1B688C3B9A1A89B292FBF1F1A04A11609E490968411A47F65922914206DA9A49096809184DF6712291420BDBE90703D54DF622
:80128000712188420DDB00208C49086055F0100507E08A480068022803D1FCF73BF9FBF78FFF280032BD90F8570010F0110F01D0012000E0002090F00100C0B27047D0F85700C00704D5002085490870854800E07C487047F8B505001400EDB2012D06D140F2A4607D4A126890FBF2F60FE0EDB2042D06D140F2B630784A126890FBF2F67d
:8013000005E04FF42F70754A126890FBF2F6C9B2002901D1300092E07348007810F00100002800F08880F5F721FD002800F083806D480078C0F34000C0B2002803D06A48407880197BE0EDB2012D02D0042D02D00AE0300073E0FFF7D5F9002802D044F2407003E030006AE04FF47050E4B2002C61D05D49C97801FB00F14FF4807291FBe3
:80138000F2F15A4A126891420ADA554890F90000012850DB52480078401E514908704AE041F6C811514A1268521A73004C4C94F90040A419022594FBF5F4062505FB0433474C94F90040A419062505FB04337400434D95F90050AD196D1C022795FBF7F5062707FB05443E4D95F90050AD196D1C062707FB05443C4DAD7868434FF480755a
:8014000090FBF5F0624392FBF3F28918814212DA33480078401C3249087033484078304991F9001000B209B2884204DA2E4890F901002B4908702A4890F900008019F2BD38B50B2A01D2002027E010F143035A681B691B680093BDF9003013F5004F03D1D2F8D4331C0004E0BDF9003052F823301C00BDF9023013F5004F02D1D2F8E427a2
:8014800005E0BDF9023012EB8302D2F800241500009523000122F8F793F832BD0068124908607047104909680160704700200C490870704700000000206700201067002014670020207A01000080FFFF047D010024670020085F002018670020B0040020E5670020587A0100AC0400201C67002070B4437B002B14BF0024B0F90440B0F989
:801500000850B0F90A302C19E41A24B294420DDA047B641E04735419048124B2B0F90450AC4203DB00264673641B0481541005685B19012C05DB31F8025B23F8025B641EF9D1D40744BF09781970017B491C017341895118B0F9042009B2914202DB01234373891A418170BC704710B4047BB0F908300268641E9A180473C918B0F9043011
:8015800009B2994202DB00244473C91A0181104610BC7047007B7047017B21B10168B0F90800401870470020704720B4017B71B18179B0F90A3005684A428B42AFBF5819B0F904004019181820BC1018704720BC00207047002141810181417301737047010040F10780F446404200F003F851F00041604709D0B0FA80F18840C91CC1F523
:801600008461090501EBD0214005704770B44FF0004591EA030C44BF6B4004F0E9B800BF841A71EB030603D2001BB141121973414FF4001C1CEB410F34BF7CEB430443E00C0DA4EB1356352E50DC45EAC323DB0A45EAC121C912B6F120050DDD63FA05F6EB4086EA0305124218BF45F00105C01851F100010CD213E062FA06F5F240554085
:80168000F3415A40B340F3405A408018594107D349085FEA30005FEA350528BF45F0010501F58011420875F1004250F1000041EB045170BC4FF4001C1CEB410F38BF70470020090D090570471CEB410F10D252EA43060BD0BCEB410F05D80C0DAB43661E342EB5DD02E0AB438018594170BC704770BC7047F446400D40EAC120490006D2b4
:8017000000F014F8004248BF6FF00040604700F00DF84FF0004188428CBF084640426047400D40EAC120490080F00D8040F00040490DA1F58061491C05D4D1F11F0154BFC840C01770474FF00000704770B582B00500002400BF2000441C1E2880F280802E786D1C00BF00BF00BF00BF00BF00BF00BF00BF00BF00BF00BF00BF00BF00BF2b
:80178000300640F103804D48009002E04C48009000BF00984B49086000F068F8700640F103804648009002E04548009000BF00984449086000F05AF8B00640F103803F48009002E03E48009000BF00983D49086000F04CF8F00640F103803848009002E03748009000BF00983649086000F03EF8300740F103803148009002E0304800907d
:8018000000BF00982F49086000F030F8700740F103802A48009002E02948009000BF00982849086000F022F8B00740F103802348009002E02248009000BF00982149086000F014F8F00740F103801C48009002E01B48009000BF00981A49086000BF7AE700F019F816481749086073BD00BF00BF00BF00BF00BF00BF00BF00BF00BF00BFe5
:8018800000BF00BF00BF00BF00BF00BF00BF00BF00BF00BF704700BF00BF00BF00BF00BF00BF00BF00BF00BF00BF00BF00BF00BF00BF00BF00BF00BF00BF7047070000000600000000400150012110F01F029140DFF8DC2C40B2400942F820107047012110F01F029140DFF8CC2C40B2400942F820107047012110F01F029140DFF8B82C9b
:8019000040B2400942F82010704780B54FF6FF70DFF868180880DFF8A40C006850F08050DFF8981C08601C20FFF7E4FF1C20FFF7CBFF01BD80B5DFF8840C006830F08050DFF8781C08601C20FFF7C9FF01BD000080B50220DFF8641A08804FF6FF70DFF81C180880FF20DFF8581C08801C20FFF7C1FF002001E000BF401C2828FBDB01BDa4
:801980004FF6FF70DFF8F41708800120DFF82C1A088070470020DFF8241A08807047000080B5DFF81C1A002006E00A88DFF8143A23F82020401C891C4828F6DBDFF8081A002006E00A88DFF8043A23F82020401C891C2E28F6DB002006E00022DFF8F03903F82020401C891C4828F6DB002006E00022DFF8E03903F82020401C891C2E28c4
:801A0000F6DBDFF8D40990F8C000C0070CD5DFF8CC19002006E00A88DFF8B43903F82020401C891C4828F6DBDFF8AC0990F8C00040070CD5DFF8A819002006E00A88DFF8943903F82020401C891C2E28F6DBDFF8C42ADFF8840990F8CC0010F00F00411C00200AE04AF6BF2313804AF6AA2393804AF6AA231381401C10328842F2DB00206b
:801A800006E000231380491C121D4829F9DB401C2F2807DADFF8801A4FF4007202FB00120021F2E7DFF8741A002003E000220A80401C091D1228F9DBDFF8640A0088C0F3062080B2DFF85C1A0860DFF8540A007810F03F00DFF8F01A08601220DFF8E41A0880002004E000BF491C0A29FBDB401C40F24C41884201DA0021F6E7DFF8D80813
:801B0000B0F8C200DFF8C41A0880DFF8CC08B0F8C400DFF8BC1A0880DFF8BC08B0F8C600DFF8B01A0880DFF8B008B0F8C800DFF8A81A0880DFF8A008B0F8CA00DFF89C1A0880DFF89408B0F8CC00DFF8941A08800020DFF8901A0880DFF87C08B0F8D000DFF8841A0880DFF87008B0F8D200DFF87C1A0880DFF86008B0F8D800DFF8701A4f
:801B80000880DFF8700ADFF8701A088047F6FF70DFF8681A08804FF40050DFF8641A0880DFF8600A008850F48070DFF8581A0880DFF82408B0F8C200DFF81C18B1F8C21089B210EB1120DFF83C1A098860F30701DFF8300A01800020DFF82C1A08700020DFF8281A0860DFF8F007B0F85200DFF8201A0860DFF8E007B0F85400DFF8141Afd
:801C000008600020DFF8101A08700020DFF80C1A0870DFF8C40790F8B200C00701D500F083FF0020DFF8F81908803020DFF8201D088001BD80B5FFF77DFEFFF7B1FE00F0D3FF00F04AF94021012000F0EDFCDFF88807B0F8D40000F0D5FD4FF6FF70DFF8C41908804FF6FF70DFF8781908800020DFF89819086001BD10B50A24DFF88C09a9
:801C80000068401CDFF884190860DFF88C09007801281AD10C24DFF8E404008840070AD5DFF8340B0078002819D10220DFF858190870002413E0DFF8C404008880060ED50320DFF84419087009E0DFF84C090078002804D00120DFF8301908700A244FF6FF70DFF898140880FFF754FE200010BD80B5DFF8E406B0F8D40000F083FDDFF89a
:801D000010090068DFF8D41A08800020DFF8D01A0880DFF8C4068089DFF8C81A0880DFF8B806B0F8CE00DFF8B01691F8C0100322114201D050F00200DFF8AC1A0880DFF89806B0F8D60040F222210843DFF8881691F8C0100C22114201D050F01000DFF88C1A08800020DFF8881A08803D20DFF850180880DFF87C0A008850F08000DFF8a7
:801D8000741A0880DFF8700A00884FF680710840DFF8641A0880DFF888070088C0F30620DFF8541A098860F30E21DFF84C0A0180DFF8480A00884FF6C0710840DFF83C1A0880DFF85C07007810F03F00DFF82C1A098860F30D21DFF8240A01800020DFF8DC15088001BD80B5002000F00BFDDFF824080068DFF85C1B08800120DFF8E01955
:801E00000880DFF8D405C089DFF8D8190880DFF8C805B0F8CE00DFF8C01591F8C0100322114201D050F00200DFF8BC190880DFF8A805B0F8D60050F02200DFF89C1591F8C0100C22114201D050F01000010702D54FF6F7710840DFF894190880DFF87805408ADFF88C1908803D20DFF8541708800020DFF84815088001BD80B5FFF768FD79
:801E80004FF6FF70BD490880FFF77AFD5FF0FF30FFF730FD5FF0FF30FFF721FDDFF8B80ADFF8B81A08600020DFF8B41A08600520DFF86C1C0860B1480088800704D4DFF8600C0068C003F6D54FF6FF70AB4908800420DFF84C1C086001BDF8B5DFF8F804B0F8D40000F08EFC0020DFF8F4180880DFF8E404B0F8CE00DFF8DC1491F8C01015
:801F00000322114201D050F00200DFF8DC180880DFF8C404B0F8D60050F00200DFF8B81491F8C0100C22114201D050F01000010702D54FF6F7710840DFF8B01808800020DFF8AC1808804FF6FF70DFF874160880FFF720FDFFF791FF00200BE00C881C80521C091D1B1D92B2DFF8B8452468A242F4DB401C80B2DFF850160968891C884209
:801F80000FDA80B24FF4007101FB00F111F1A241DFF8842580B24FF4007303FB00230022E1E7DFF84808008850F02000DFF8281491F8D610090701D550F00800DFF82C180880FFF7E7FC002400E0641CDFF89409A4B2255CADB20F2D05D100F051F8DFF83C160870F1BDFFF748FF002000E0401C80B2DFF8D4150968491C8842E5DA80B2ae
:802000004FF4007101FB00F111F1A241DFF8082580B24FF4007303FB0023002210E036B2002E0AD536B27642B6B22E4136B2002E00D101261F88BE1B1E80521C091D1B1D92B2DFF8E0643668B242D0DA80B2DFF878653668B04202DAB1F9006003E0B1F900601F88F61B36B2012ED8DBB6B22E4136B2002E00D101261F88F6191E80DCE7f5
:802080002DE9F0475FF0000C002700200021022200E0521CDFF88C341B689B1E9A4269D2DFF8743413EB820313F58063B3F900402500A146002600275FF0000CDFF808E5DEF800E0BEF1060E17E05FFA8CFCBCF1010F08D1DFF8F0C4DCF800C0BCF1080CE64500D001205FF0000C4E4500DA4E4613F50073C146BEF1010EBEF1000F2AD0ec
:80210000B3F90080A04501DA444602E0454500DA4546B8EB0909B9F1000F01D5D9F10009DFF8B4A2BAF868A0CA45CEDA5FFA8CFCBCF1010F0CD1FFB2012F01D1012004E00127C9B2012900D101205FF0000CCCE75FF0010CC9E739000023DFF8C84924F81230DFF8E43A23F81260C0B2002890D0002000E00120BDE8F0870000A070055196
:80218000F0B58021DFF85C2A11700021DFF8FC2A1170022111E0904AB2F868201BB29A420ADADFF8402A1278802A02D1DFF8342A1170DFF8D82A1170491C89B2DFF864231268921E914242DA89B2880010F1A24010F58060D04A89B212EB810212F58062B0F900301488E5182E00AC460023DFF8D8432468A41F1BE036B23FB2BE4200DA13
:802200003E00BCEB070EBC460FFA8EFEBEF1000F03D50FFA8EFEDEF1000E1BB20FFA8EFE734500DA734610F5007012F50072641EA4B2002CAFD0B0F90070B2F800E01EEB07073FB22DB2AF42D6DA3D00D9E7DFF894190978802935D0DFF888190978002906D0DFF880190978491EDFF878291170DFF870190978002906D0DFF868190978ca
:80228000491EDFF860291170DFF8001A0978A54A1268521E914206DADFF8F0190978491CDFF8E8291170DFF8E41909789D4A1268521E914206DADFF8D4190978491CDFF8CC29117000240AE000231370491C001D521C89B2934B1B689942F5DB641CA4B2B9490968891C8C4207DADFF82819A4B2802202FB04120021EBE73748B0F966006d
:8023000000285AD0002400E0641CA4B2AE480068844252DAA4B24FF4007000FB04F010F1A240DFF8F018A4B2802202FB0412002128E0B0F90030284DB5F96650AB421EDA0223137089B2002902D0022302F8013C89B2744B1B685B1E994201DA02235370A4B2002C02D0022302F8803CA4B2964B1B685B1E9C4202DA022382F88030491Cbe
:80238000001D521C89B2674B1B689942BCDADFF854381B78634D2D68AB42CAD0DFF844381B7889B29BB29942C3D3DFF8E0381B789BB289B28B42BCD3E1E7F0BD98700551D85000200030055168510020004005510050055100600551FC4F0020C45100205452002070B4002000E0401C80B276490968491C884280F28A8080B24FF4007125
:8024000001FB00F111F1A241434A80B24FF4007303FB0022DFF8FC3780B2802404FB0034002307E001251688751B15805B1C091D121D641C9BB23B4D2D68AB42D5DADFF8A4572D78374E3668B5420DD0DFF894572D789BB2ADB2AB4206D3DFF830582D78ADB29BB29D42E1D280B2574D2D68A84202DAB1F9005003E0B1F900501688AD1Ba6
:802480002678002E06D02DB2002D03D51688AD191580CBE72DB2012D1CDBDFF8F467B6F8DA60002E0BD0DFF8E867B6F8DA602DB2AE4204DADFF8D857B5F9DA5006E02DB2102D02DBADB22D0900E001251688AD191580ABE72DB2002DA8D52DB26D42DFF8B067B6F8DA60002E0BD0DFF8A467B6F8DA602DB2AE4204DADFF89457B5F9DA50df
:8025000091E72DB2102D8DDBADB22D098BE770BC70470000000005510000035100000451A47005517C67002038B50400DFF86007B0F8D40000F066F90020A9490880DFF85007B0F8CE00DFF8481791F8C0100322114201D050F00200A3490880DFF83007B0F8D60050F02200DFF8241791F8C0100C22114201D050F010009C490880FFF7e5
:8025800009FA4FF6FF70DFF80C170880FFF775FCFFF7F6FD002506E0FFF724FF022C01DBFFF76BFC6D1CA542F6DBFFF7F3F931BD00E100E080E100E080E200E0003001459C7005519070055180670020047005510C7005511070055114700551187005511C700551AC7005513470055140700551087005510080FFFF5C700551607005512b
:8026000058700551D0700551F8670020D00400207467002078670020F9670020FA67002050700551A8700551F8B504000D00002000F0E8F801206A490880DFF85406B0F8CE00DFF84C1691F8C0100322114201D050F0020064490880DFF83406B0F8D60050F00200DFF8281691F8C0100C22114201D050F01000010702D54FF6F7710840fc
:802680005A49088000205A490880FF205C4908800020DFF804160880002C20D0FFF77AF9FFF7EBFB00200AE00E8816805B1C091D121DDFF8E8653668B342F5DB401C07280DDADFF8DC154FF4007202FB0011DFF8D4254FF4007303FB00220023E9E74348008850F0200041490880FFF753F9002C01D0002603E0082601E00024761C99488c
:80270000B6B2375CBFB20F2F00D1F1BDFFF7B5FB002000E0401C0728EFDADFF884154FF4007202FB0011DFF87C254FF4007303FB0022002322E00FFA8CFCBCF1000F1AD50FFA8CFCDCF1000C0FFA8CFCAC4501DB002C0AD01FFA8CFC5CFA07FC0FFA8CFCBCF1000F01D15FF0010CB2F800E0BEEB0C0CA2F800C05B1C091D121DDFF81CC5e8
:80278000DCF800C06345C5DA062802DAB1F900C005E0B1F900C0B2F800E0BCEB0E0C0FFA8CFCBCF1010FC6DB002C03D10FFA8CFCAC450ADA1FFA8CFC5CFA07FC0FFA8CFCBCF1000F01D15FF0010CB2F800E01CEB0E0CA2F800C0CEE7CD6700208070055100700551287005513070055144700551947005518C700551787005517C700551f2
:802800009C70055180B5DFF8A0140968814200F09E80DFF894140860DFF89014096831F48031DFF888241160DFF88014096851F00401DFF8782411600021DFF874241160032837D1DFF86C04006850F00040DFF864140860DFF86004006850F04000DFF858140860DFF85004006830F04000DFF848140860DFF844040068000A0006F9D576
:802880005FF0FF30FFF736F85FF0FF30FFF727F8DFF82C043149086000203149086005209F4908609E480068C003FBD504209C4908604AE0DFF8FC03006840004008DFF8F4130860DFF8F003006850F04000DFF8E8130860DFF8E003006830F04000DFF8D8130860DFF8D4030068000A0006F9D40120DFF8D0130860DFF8CC0300680028b7
:80290000FAD00020DFF8BC130860DFF8C003006830F44030DFF8B4130860DFF89003006830F00400DFF884130860DFF88003006850F48030DFF874130860DFF89403008850F01000DFF888130880FFF701F801BD54700551847005510053070014E000E018E000E04C7C010070B5DFF868030068002803D0DFF86003006802E0DFF85C03d7
:80298000006800240023DFF85823002106E01588AC4201D22C000B00121D491CDFF8FC522D68A942F3DBDFF83C130B6001211AE0DFF83423502303FB0022DFF8D432B3F8B8305B1ADFF82053502606FB0055DFF8C062B6F8B860761A15EB860555F8045C42F82350491CDFF8A822B2F8B8209142DEDBDFF8F412502202FB00110C60DFF8e2
:802A0000EC120C600A21DFF8E4221268DFF8DC321B68D21ADFF8D4321B6893FBF1F301FB0321DFF8C8221160DFF8AC120968884206D1DFF8B8020068401CDFF8B01208600024002116E0DFF8A002DFF88C221268502303FB020050F82100844209D2DFF88802DFF874221268502303FB020050F82140491C8648B0F8B8008142E3DB954870
:802A80000068002807D00020924908609348006800F0C2F814E001208E4908608E48006800F0BAF88D480068401C8C4908608B4800688F490968884202DB002087490860200070BD38B58B4C00201CE0864B502505FB00336E4DB5F8B8506D1E6D1A53F825306B4DB5F8B85093FBF5F39A18491C674BB3F8B8309942E8DBA24202DA76496e
:802B000008601400401C7A490968884202DA00220021EDE77048006800F098F8200032BD10E000E05057002080B500200DE06E4A502303FB0022002342F82130491C544AB2F8B8209142F2D3401C302805D20021694A42F820100021F1E70020644908604B48B0F8B40002280EDA4948B0F8B600002809D1002061490860002056490860ac
:802B800001205B49086027E001205C4908604048B0F8B4003E49B1F8B61010EB014100200DE0CA0709D5544A514B1B6842F823004F4A1268521C4E4B1A604908401C202803D24B4A1268302AEBDB49480068022190FBF1F0404908603F48006800F036F801BD0000FB6700200020454908600020444908605FF0FF304349086043F6FF70ee
:802C0000424908602948006830F002002749086070470000E80400201D49B1F8C2101C4AB2F8C22092B211EB1221334A52F8200040183749098860F307013548018000201549088070470000505800201049B1F8C210294A52F8202051182E4A11800C49B1F8C610244A52F8202051182A4A11800749B1F8C410204A52F8200011EB00201d
:802C8000264908800020044908807047FC670020FC4F00209C700551987005517C6700200060005100600351D4040020004001500841015000000150080001500400015080A903000C4101501041015004400150907005519C6700209067002094670020007800518C670020DC3D00209867002084670020A0860100105A0020886700204e
:802D0000084001500C4001501040015014400150D070055104700551107005510C700551016042608360C3607047F0B54768D0F808C08C680CFA07FE9644AEEB0C0C4CFA07F787601E1B4F68D1F808C00CFA07FC664446FA07F78F60DB1B86680768921B0024002507EB020CA2EB070EBCF1000F04D57C42A44508DB644606E0BEF1010Fbc
:802D800003DB7745B4BF3C4674460F6807EB030CA3EB070EBCF1000F0BD57D42AC4506DA7DB97CB1A2B1634393FBF2F510E0654607E0BEF1010FF4DB7745B8BF3D46EFDB75462CB9002D1EBF002B6A4392FBF3F4A21982608A68AA188A608268C2608868C860F0BD0021417181714161C16001767047F0B4012A46DB4479002C1FBF4D68be
:802E0000B5F1004F067E002E3DD08679012EB8BF06790768761E57F836608768BE4218BF012C08D0022CA1BFD0F80CC0BC44ACEB0606012E27DB0968D0F810C0C91B0E11771040F2EE21A5EB0C0501FB057595FBF6F5D542A8BFAA4212DB012BA8BF022C11DB4069484300F50060A5EB20307A1001FB002090FBF7F0D842A8BF834202DAc4
:802E8000F0BC00207047F0BC0120704770B4447914B385796B1E44BF0679F318096842F6E06606FB12112A1B0AD50579AA1807E045796D1E4571521C0579AA42A8BF00229A4204D0056855F832506D1AF0D44079A04218BF012000D1002070BC704730B4D1E900458279016801EBC201C1E90045017943798B423CBF5B1C4371521C8A426b
:802F0000A8BF0022827130BC7047F0B5069C012CA8BF012935DB059D012C02D10561002135E052B905EB640292FBF4F202614A1002EB032292FBF1F129E001F50076F71202FB0277B61297FBF6F703EB620393FBF2F3D7EB842C14D04FEA852E03FB17E707EB6C0701EB620197FBFCF703FB145391FBF2F11B0201FB142C0761BCF1000F04
:802F800001D10020F0BD03EB6C0191FBFCF141610120F0BD2DE9FC4705466879012819DBAC79002C06BF29794B1E631ED5F8008008EBC3020228116810DA5068B0F1004F08D0A9600120E8605068286100206861012000E000202876BDE8F6872F7900260022A0F1010CA7F1010E012BB4BF73465B1E58F83370CF1BBE19BA42B8BF3A466e
:80300000BCF1010CF1D196FBF0F3A1EB030CC5F808C0511CE96000212E6900220B468E460F46012CB8BF2C79641E08EBC40ADAF80490B9F1004F0ED0DAF800A0AAEB0C0A4FEA2A2AA9EB060952440AFB0A11CE4409FB0A337F1C401EE3D10197CDF800E02846FFF752FF287618B12869301828610120BDE8F6872DE9F04F044683B06079c1
:803080000090012854DBA07900B92079D4F800800099A0F1010908EBC90001900229D0F800B004DAC4F808B00120E06049E0CE4640684FF0000C012802DB0121012202E0C2430021D20F009E0D4608460023761EBEF1010FBABF2779A7F1010EAEF1010E08EBCE07D7F800A07F68ABEB0A0AD444012F03DB491C521C6D1C05E027B9521C56
:80310000A842B8BF284600255345B8BF5346761EDED1A842B8BF2846DDF800E09CFBFEFCABEB0C0BC4F808B05B1CE360022A01DA00200AE002EBD27252108A4201DA022805DA0020206160610120207658E02069DDF804A0029000210846CE4600220B460546D1460126009FBE420BDABEF1010FBABF2779A7F1010EAEF1010E08EBCE074f
:80318000019701E0CDF80490D9F804C0BCF1010F0FDBD9F80070A7EB0B074FEA272A029FACEB070752440AFB0A11384407FB0A3312E0BCF1000F10D1019F7F68012FBCBFDAF80470012F08DBD9F80070A7EB0B073F123A4407FB07116D1CCA46009FDDF80490761CB742BEDA019500902046FFF78CFE207620B12069029908182061012096
:8032000003B0BDE8F08F30B44479002C1CBF037E002B1ED022B982680A600069486006E085685319012C05D1006948600B60012030BC7047022CA1BFC4686419E41A012C07DB0469406912125043803004EB2020EBE730BC0020704710B44379002B1CBF047E002C1BD08468A24218BF012B02D10A6000690FE0022BA1BFC3681B199B1Ac6
:80328000012B0CDB0A60131B026940691B125843803002EB20204860012010BC704710BC0020704730B4002900D410B930BC0020704731B900284CBFC2484FF4B43030BC704700FB00F291421DDB01EBC222490092FBF1F1B1F5806FA8BF4FF4806131DA0FF200334A1133F9125003EB420201F01F01B2F90220C1F12004514305FB041106
:80330000103149111EE002EBC121520091FBF2F1B1F5806FA8BF4FF4806111DA0FF2C4234A1133F9125003EB420201F01F01B2F90220C1F12004514305FB041110314911C1F50061002848BF494230BC2D20484370479D49086070479B4909780170704708B42DE9F04F06468846DDE90901DFF85CA2954C9146DAF8042001FB01FC00FBce
:8033800000CC624503DA2378DB0740F19080B368B3F1004F1BBFF568B5F1004F4FF0010C4FF0000CBCF1000F28D12578AD0725D48E46B8EB030548BF6D42F368B9EB030748BF7F427D19652D0FDA3368C31A1D4648BF6D427368BEEB03039C4648BFCCF1000CAC44BCF11A0F78DB3768C31B40F2911E734505DB07F5C87007E0C6E9000131
:803400001CE013F5C87FB8BFA7F5C87075684B1B7345A8BF05F5C87104DA13F5C87FB8BFA5F5C87100EB8703DB1B01EB85009B1C401B9B10801C33608010706030687768054605FB152107FB171B2178C90700D4DAB90A2190FBF1F0B061706890FBF1F0F061BAF90A10BAF9080022786843794300F5007001F5007180128912C2F380038f
:80348000D3B100207062306226E0BBF1000F0ED45946FFF707FF00F500708012B06159463846FFF7FFFE00F500708012D8E7BDE8F00F00205DF808FBC2F3400212B13062716209E0326A1018401C40103062706A4018401C40107062C6E90289C6E904890120BDE8F00F5DF808FB70B582B00268B2F1004F1CBF4368B3F1004F07D00E68d6
:80350000B6F1004F1CBF4968B1F1004F01D1002076BDC91A0091D0E90045B21A134621462A462B48FFF71CFF76BDF0B4264A28491278C2F3400222B11031FCC9FCC0F0BC70478A6983689A18521C52108260C368CA699A18521C5210C26003690A6A9A18521C5210026143694A6A9A18521C52104261D1E90423C0E90023F0BC704710B42e
:803580000FF250020FF25404D2E90001D4E900230F4CC4E90223C4E90001C4E90423C4E90601C4E9080110BC7047B0E80C100749A1E80C1070470549B1E80C10A0E80C10704700000098FEFFA8660020880400200C650020000000000000000000000080000000800000E4003F018301BB01EB0115023A025D027C029902B302CC02E402a5
:80360000FA020F0322033503470358036803780387039503A303B003BC03C903D503E003EB03F6030004000070B401EB8203A3F108045D686468A5420EDA022A1DDB53F8086C51F82210B54204DA4FF0FF324B1B891B0FE000220BE0052A0EDA264651F8224029469D68B542B8BF0022EFDB0122A31B291B4902012B02DA70BC00207047f3
:8036800091FBF3F112F1010F08BFA1F5806103D0012A08BF01F58061016104210173012070BC7047F8B50446487800F00F020878151800202073022D27DA881C012D40F0868050F8221000EB82035868814208BF00200DD088427ADA9A688A1A012A76DB6368B3F91830081A584390FBF2F0404220610020606101202073606881684068d3
:803700004018E06101202062F2BD606803689B1E9D4223DB891C9D4259D151F8226001EB820353F8041C8E4208BF00210CD0B1424DDA53F8082CB21A012A48DBB0F91A30711A594391FBF2F121610021616102212173416880686943081A34E0881C00EB820353F8046C50F822005B68C3EB4007BF1B012F2BDB9B1B5B0293FBF7F3C00293
:80378000236190FBF7F06061891C032020732046FFF74AFFA0B1216940F20120814206DB2169A1F580616D1C21618142F8DA206910F5007FBEBF00F5806020616D1EF6DB606840686843E06125620120F2BD0020F2BD10B48268002919BF926802F110035268A2F1100302691046002848BF40428411182C12DB402039B1B3F92E102E3305
:80380000B3F90230012B1CDA06E033F92E1C33F9303C4942002B13D4002312E000F03F0031B133F9141003EB4403B3F9023008E0644233F9141003EB4403494233F9023C5B42C0F14004584301FB04008011002A48BF404210BC8018704730B44268C36912698168B2EB430FB9BF01228B6800224B6801690846002848BF40428411082Cf8
:80388000A6BF0724402000F03F005AB133F9145003EB4403C0F14002B3F90230584305FB02000BE0624233F9125003EB4202A0F1400432F9022C6C4302FB10408011002948BF404230BC40187047F0B541690269A1F56161B1F5007F01DD1046F0BD8368056ADC681B68961106EB051534F915C004EB450402F03F06B4F90240C6F140076b
:80390000744316460CFB0744002E48BF76420068077BB51106F03F06042F07D10069002848BF4042871100F03F0001E00020002707EBC70703EB470E0EEB45033EF91550B3F902E0C6F140070EFB06FE05FB07E5B3F912E0B3F914307343C0F1400C0EFB0733584305FB0C000013002A48BF404202EBA413C018012905DBC1F50073584356
:8039800001FB02004012F0BD70B504460D4694F82400C0F3C00000281146204606D0FFF781FE00283ED0201D006938E0FFF77AFE002837D094F82400261DC0F3800040B16168F0684968484380127061B16940181EE0307A01280FD024D3032806D009D304281FD12046FFF770FF09E02046FFF734FF05E0012100E000212046FFF7E9FEad
:803A0000616849684843801270617169B069081894F82410C90702D46168496908182860012070BD002070BDB049B0F900200A60B0F902204A6052108A604268CA6082680A61C36842689A184A61028A0A83428A4A830FF2A822CA610FF2E83202F140030B62B0F900008A6202EB4010603848629F4800F128024160026027E09D49B0F94a
:803A800000200A60B0F902204A6052108A604268CA6082680A61C36842689A184A61028A0A83428A4A830FF2F822CA610FF6784202F140030B62B0F900008A6202EB4010603848628A488062283041601C31816000210173704701B485489DF8001080F824109DF8001080F84C1001B07047804991F82410017070477D49496801E07C490c
:803B0000C96A0A6802804A684280CA6842600A6982604A69C2600A8B0282498B418270470A46014672482FE70A46014672482BE730B46F4B5C6893F82430C3F3400353B9E368CD188542BEBF2369591A884200DB18E002B1106012E030B4654BDC6A93F84C30C3F3400353B9E368CD188542BEBF2369591A884200DB04E002B1106030BC1f
:803B80000020704702B1136030BC0120704758494A6891F82410C90703D5002808D500207047D168884202DB1169814200DC084670474F49CA6A91F84C10C90703D5002808D500207047D168884202DB1169814200DC08467047F0B504464548D0F804E0D0F82CC0059F069E0798089DA2B3DEF8102090420DDB874209DAAB1BA2EB070Cb0
:803C00000CFB03F39742ACBF101AC01B19E0226020E0DEF80CC0844566DBB84218DAAB1BACEB070E0EFB03F3BC4508DAC01B93FBF0F2B218C4F800C060B10A6054E0ACEB000093FBF0F3F318226018B10B604BE0C4F800C00D6047E0002B45D0DCF81020954220DBAE421ADAC31BA2EB060E0EFB03F3964209DAAA1B93FBF2F3FB1802B91a
:803C800003462360DCF810002DE0521B93FBF2F3FB1802B903462360DCF8100023E02060DCF810001FE0DCF80C20AA421CDBB54216DAC31BA2EB060E0EFB03F3B24207DAAA1B93FBF2F3FB1802B90346236008E0521B93FBF2F3FB1802B90346236000E02060DCF80C0008600120F0BDB464002028610020E06400205061002000002A003c
:803D000042004700410033001E000F0000000000290041004800410032001F00110000000000270041004900410033001F00130000000000270042004800400035001E00110000000000280042004800400035001C000E0000000000280041004A00410033001C000C0000000000280041004800420034001F000E000000000028004200ba
:803D800046004200340022000E000000000028003F0048004000310022000E000000000000000D0017001E001E0018000E000300000000000D0017001E001E0018000E000300000000000C0018001E001E0018000E000300000000000D0019001F001E0019000E000200000000000E00190020001F001B000E000300000000000E001900a7
:803E0000210020001C000E000400000000000E001A00210021001B000F000400000000000E001A00210021001B00100002000000000010001800200021001C000E000100000000001E001D0017000B0008000800FCFFF1FFFBFF23007000D9002A014A01490135011601F200CB009F00780057002A00F2FFC4FFA2FF88FF6EFF53FF46FF10
:803E80004FFF7DFFBAFFD5FFD7FFD7FFD6FFD4FFD2FFD1FFD5FFD8FFD7FFD5FFD5FFD4FFD6FFDCFFDFFFDCFFD9FFD8FFD6FFD3FFD4FFD5FFD6FFD8FFDAFFD8FFD5FFD5FFD7FFDAFFD9FFD9FFDBFFDBFFD7FFD2FFD0FFD2FFD5FFD4FFD1FFCFFFCFFFD0FFD2FFD3FFD2FFD3FFD3FFD3FFD2FFD3FFD6FFD7FFD7FFD8FFD4FFD0FFD1FFD3FFab
:803F0000D5FFD8FFDAFFD9FFD6FFD5FFD6FFD4FFD2FFD4FFD8FFD7FFD4FFD4FFD5FFD3FFD1FFD2FFD5FFD8FFD9FFD7FFD5FFD9FFDDFFDDFFDCFFDEFFE0FFDFFFDFFFE0FFE2FFE6FFEAFFE7FFE0FFDCFFDBFFDCFFDAFFD9FFDAFFD8FFD8FFDAFFDBFFDCFFDCFFDBFFDEFFE0FFE0FFE0FFDEFFDDFFDCFFDCFFDEFFDEFFDEFFE0FFDEFFDDFFd0
:803F8000E0FFE1FFE2FFE2FFE0FFE2FFE5FFE3FFE0FFDFFFE0FFDFFFDFFFE0FFE1FFE2FFE3FFE5FFE6FFE6FFE5FFE5FFE2FFE1FFE1FFE0FFE0FFE1FFE1FFE0FFE1FFE4FFE8FFEBFFEAFFE8FFE5FFE2FFE1FFE1FFE1FFE1FFE4FFE6FFE0FFDBFFDEFFE1FFE2FFE2FFE2FFE4FFE5FFE4FFE3FFE2FFE2FFE3FFE5FFE7FFE6FFE4FFE5FFE6FF57
:80400000E6FFEAFFEDFFEDFFECFFE9FFE6FFE6FFE8FFE6FFE4FFE2FFE2FFE1FFE1FFE0FFE0FFDEFFDFFFE1FFE1FFE0FFE1FFE3FFE4FFE4FFE8FFE7FFE4FFE4FFE7FFEAFFEBFFEBFFEEFFF0FFEEFFECFFEAFFEAFFECFFEDFFEDFFEBFFEBFFECFFEBFFEAFFECFFEDFFEEFFEFFFEEFFEDFFEEFFF0FFF1FFEEFFEDFFEFFFEFFFEFFFEEFFEEFF47
:80408000F0FFF2FFF1FFF5FFF9FFF5FFF0FFF0FFF4FFF4FFF4FFF3FFF1FFF5FFF9FFFAFFFBFFFCFFFCFFFAFFF7FFF5FFF2FFF1FFF1FFF1FFF2FFF2FFF5FFF7FFF5FFF7FFFDFFFEFFFEFFFFFFFBFFF6FFF0FFEDFFF1FFF4FFF2FFEDFFE9FFEAFFEAFFE7FFE7FFE7FFE7FFE9FFEAFFEAFFE9FFE9FFECFFEDFFEEFFEFFFEFFFECFFEEFFF6FF81
:80410000F9FFFCFFFEFFFCFFF8FFF5FFF5FFF5FFF3FFF3FFF7FFF8FFF8FFF6FFF6FFF9FFFCFFFEFFFDFFF9FFFAFFF9FFF3FFF2FFF3FFF5FFF8FFF8FFF7FFF4FFF2FFF6FFFBFFFDFF01000100FCFFF7FFF7FFF8FFF9FFF8FFF7FFF8FFFAFFF9FFFAFFF9FFF7FFFCFF0000FEFFFEFFFFFFFDFFFBFFFAFFF8FFF5FFF4FFF5FFF5FFF5FFF5FF5a
:80418000F9FFFEFFFFFFFBFFF7FFF8FFFAFFF8FFF6FFF4FFF6FFF7FFF7FFF6FFF5FFF7FFFBFFFDFFFAFFF7FFF7FFFAFFFCFFFBFFFAFFFCFFFCFFF9FFF9FFFDFF01000300050007000A000B00070002000200050003000000FDFFFBFFFDFFFDFFFDFF00000000FFFF0000020002000100FEFFFFFF05000600040004000600070007000B0057
:804200000E0011001600160012000B0005000200030006000A000900040005000B001000140017001A001A0013000D000E000E000C0009000600070009000800080009000B000B00090009000A000A000800060004000400050005000400050004000500070009000A000B000A000A000A000600040007000C000E000C000C000F00140099
:8042800016001800190017001400120010000E000D000F000F000F000B00060009000D000F0011001400130011000E00100010000F001100120011001200150012001100150019001B001C0018001500130011000F000E000B00040004000C000E000F001200130011000F00100010000D000A000C000E000E00110012001200120013009b
:8043000016001900180018001700150014001200120010000B000B001200150016001500140015001A001D001C00190014001100150019001B001C0019001700170017001900200022001F001D001A0019001B0019001800180016001500150018001D001F00210022001F001B001A001B001B001B00180015001400160018001D0022002d
:80438000240029002E002E00290023001E001E001D00180018001B0016000E001100160018001A001B0019001700180018001600170019001800150017001A00190019001C001C001D0020001E001C001A0019001C001D001B001A001B001C001A001B002000240024002400250023001D00150015001A001E001D001A00170016001700cc
:8044000019001C001D001D001E001E00190013001400140017001C001B00160016001B001D001A001B00210020001B00190018001A001E001D00170017001B001D00210028002C002B002B002B00270021001E00210020001E00200021002000200020001F001F001E001D0020001F001D001E00200021001D001D00220022001F002000c1
:8044800022002400260029002A002800260026002400220022001D001A001E0024002700260025002700260022001E001F002100230021001D00200023002300210021002000210028002A002800250022002300280026002300240024002100230028002700240028002B0028002600260026002300240028002A002B00290026002900a2
:804500002C00300030002F0031002F002E003200320032002F002D002F002F003200360037003E0059008900AE00B500A90091006B00430028000B00DBFFA5FF78FF52FF2CFF07FFE0FEBFFEAFFEB3FEDAFE2EFF8DFFD5FFF8FFFDFFF6FFEEFFE4FFDBFFDAFFE3FFF0FF000000000000000000000000000000000000000000000000000054
:804580000000000000000000000000000000000000000000000000000000000000000000000000000000000000000000000000000000000000000000000000000000000000000000000000000000000000000000000000000000000000000000000000000000000000000000000000000000000000000000000000000000000000000000bb
:8046000000000000000000000000000000000000000000000000000000000000000000000000000000000000000000000000000000000000000000000000000000000000000000000000000000000000000000000000000000000000000000000000000000000000000000000000000000000000000000000000000000000000000000003a
:804680000000000000000000000000000000000000000000000000000000000000000000000000000000000000000000000000000000000000000000000000000000000000000000000000000000000000000000000000000000000000000000000000000000000000000000000000000000000000000000000000000000000000000000ba
:80470000000000000000000000000000000000000000000000000000000000000000000000000000000000002900FBFFF6FFF5FFECFFE4FFE0FFE5FFFFFF38008C00E40021013E0145013A012201FF00DD00BB00960070004A001C00EDFFC8FFAFFF9CFF8DFF84FF8DFFAAFFCBFFD7FFD7FFDBFFE1FFE6FFE8FFE7FFE5FFE9FFEDFFEFFF26
:80478000F2FFF0FFECFFECFFF1FFF4FFF4FFF3FFF6FFFAFFFCFFFDFFFDFFFAFFF8FFFAFFFBFFFCFFFCFFFAFFFBFFFDFFFFFFFFFFFDFFFBFFFBFFFCFFFDFFFFFF0000FDFFFBFFFBFFFBFFFCFFFBFFF8FFF9FFFDFFFFFFFDFFFBFFFCFFFDFFFDFFFFFF0200FFFFF8FFF5FFF7FFFAFFFCFFFBFFFDFF00000200030002000000FDFFFDFFFFFF3a
:80480000010002000000FEFFFFFF010003000100FFFF000000000000020004000100FEFFFDFFFEFFFFFFFDFFFAFFF9FFFBFFFEFF01000100000001000200040006000300FEFFFDFFFEFF000002000200030003000600090009000700040004000400060008000800060006000A000D000D000B000B000D000F001000120012001400160045
:804880001A001F0021001E001B001800170014000E000900080009000A000C000D000A0009000D0015001B001D001C001A0019001900180015000F000B000B000C000E000F000D000A0009000A000A00070004000400050006000700050001000000010001000100FFFFFCFFF9FFFBFFFFFF02000000FFFF000002000400050004000000f1
:80490000FDFFFDFFFFFF01000100FFFF00000400060004000000FEFFFFFF0000000001000100FDFFFBFFFBFFFDFFFEFFFCFFFCFFFDFFFEFF000001000100000001000100030003000000FBFFFBFFFFFF0100010001000100010001000500070003000000010001000200030001000100040006000600020000000100020003000400040024
:80498000020000000000020003000100000000000000010002000200020002000200020002000000FAFFF7FFF9FFFEFF0100010000000300060009000A0006000000000002000400060007000500060009000D000D00090008000B000D001000110010001100140016001800170011000E000C00090008000600030003000300040007003d
:804A00000900090009000E00150018001700140013001200110010000C00060005000500040004000300FFFFFEFF020004000200FFFFFFFFFFFFFFFF010001000000FDFFFAFFF9FFFAFFFBFFFAFFF7FFF7FFFAFFFCFFFEFFFEFFFDFFFDFFFDFFFEFFFFFFFEFFFAFFF7FFF9FFFCFFFDFFFCFFFCFFFCFFFDFFFEFFFFFFFDFFFAFFFBFFFCFFfc
:804A8000FBFFFBFFFAFFF9FFF9FFFBFFFDFFFEFFFAFFF8FFF9FFF9FFFBFFFDFFFCFFF8FFF6FFF7FFF7FFF6FFF6FFF5FFF6FFF8FFFCFFFDFFFBFFFBFFFFFF0100030005000200FDFFFCFFFEFF010001000000020005000600060006000200000002000200030003000100FFFF01000300050003000200040006000600060005000300040035
:804B0000060009000C000B000700060005000500050004000200000000000100030003000200020006000B000D000D000C000A000A000B000B000700050006000700070007000700050005000700090009000800080008000A000E0010000D000B000B000C000E000E000C0019003C005C006900640053003F002C001000E4FFB0FF80FF3c
:804B800053FF2BFF05FFE2FEBDFE9EFE8AFE81FE8AFEAFFEFCFE64FFBFFFF5FF0A000D000700FDFFFCFFFFFFFEFF0000000000000000000000000000000000000000000000000000000000000000000000000000000000000000000000000000000000000000000000000000000000000000000000000000000000000000000000000000a3
:804C0000000000000000000000000000000000000000000000000000000000000000000000000000000000000000000000000000000000000000000000000000000000000000000000000000000000000000000000000000000000000000000000000000000000000000000000000000000000000000000000000000000000000000000034
:804C80000000000000000000000000000000000000000000000000000000000000000000000000000000000000000000000000000000000000000000000000000000000000000000000000000000000040F2FF7C0B0D4DD0634566D230B421EA035141F4801103F2FD3C5FEA5C0C01D300184941890041EA907180004FF440140023E202c1
:804D0000D50AB1F5100107D46D081DD2091B641900184941491BF7D56D080AD20919641B00184941491BEFD56D08F7D301E0520817D0C01861419B1AAC4100184941801AA941F4D452080AD0C01AA1419B186C4100184941801AA941E9D45208F4D15B1C6C4161084FEA330001EB0C5130BC704750EA0103FBD030B4B1FA81F311B9B0FA0d
:804D800080F41B190B3BB3F120042FBF00FA04F19940C3F1200420FA04F438BF21439840D3F101039DE76345E1D011F5801FDED850EA4101DBD0D94300F0D0BD80B5DFF89807B0F85200DFF894170860DFF88807B0F85400DFF888170860DFF87C07B0F95200DFF8801708800020DFF87C1708600020DFF8781708600020DFF87417086086
:804E0000EFF75AF90020DFF86C1708700020DFF8681708800020DFF8641708800020DFF8601708800020DFF85C1708800020DFF8581708600020DFF8541708700020DFF8501708700020DFF84C1708700020DFF8481708700020DFF8441708700020DFF8401708600020DFF83C17086001BD80B500F042FA01BD2DE9F04182B00020002140
:804E8000DFF824271278012A40F01C820020DFF818170870DFF814070078022840F02A82DFF80C070678F6B200F01AFB0025DFF804070068401CDFF8FC160860002E09D0212E01DB002605E000F04EFD0600002E00D500263400DFF8C8060660DFF89006006800280AD0DFF888060068401EDFF8801608600020DFF874160860300000F008
:804F00007DFBDFF8B4060078002842D1DFF8AC06007800283DD10020DFF84C1608600020DFF848160860002600F0E8FE002807D0DFF850060088401CDFF8481608800026002E06D1DFF838060088401CDFF830160880DFF830060088062809DADFF820060088652804DADFF814060088002806D0DFF808060088401CDFF800160880DFF80c
:804F8000FC050088332804DB01250020DFF8EC150880DFF8F805007800280AD0DFF820060068000A400704D40120DFF8C81508700026DFF8C0050078002806D0DFF8B4050078401EDFF8AC150870DFF8A8050078002800D00026DFF8EC050078002802D1EDB2002D18D00020DFF8D81508700120DFF8A015087000260020DFF87C150880b1
:805000000020DFF8781508800020DFF8741508800020DFF87015088000275FF000080020DFF8A415086000A8F2F7DAFE002555E0DFF82415B1F85810B0F90C2091424CDABFB2B0F90C108F4200DA8789DFF80815B1F95810DFF80025B2F96020DFF8F834B3F96C30DFF8F0C4BCF85EC0BCF1000F27D0DFF8E414B1F95810DFF8DC24B2F8f5
:805080005E20DFF8D434B3F858309A18B0F90C309A4205DA8189DFF8C024B2F95E20891AB0F90C0009B20818022290FBF2F2DFF8A804B0F96C004018DFF89C34B3F95830C31A1BB212B209B22800F2F73BFF8046B8F1210F01DB5FF000086D1CB54208DADFF8E804142101FB0500017802299FD0F3E70020DFF8D0140860DFF8CC0400686f
:8051000058EA0000DFF8C0140860DFF8BC04006850EA0620DFF8B01408600099404600F06EFADFF898040078002801D15FF0000841460098F0F78AFD0188C9B2DFF848241160DFF848241278002A0CD0C9B2002909D1DFF86C241268120A520703D40122DFF810341A70DFF868241268002A08D00122DFF860341A704FF4FA72DFF8583431
:805180001A80DFF858241288002A04D1DFF848241288002A18D0DFF844241288002A06D0DFF838241288521EDFF830341A80DFF828241288002A0BD0DFF81C241288521EDFF814341A8003E00022DFF808341A70C9B254EA0102002A03D10022DFF8F0331A60C9B2002913D1DFF8E4231268002A0ED1DFF874231268521CDFF86C331A6092
:80520000DFF868231268521CDFF860331A6007E00022DFF854331A600022DFF850331A60DFF894231278012A03D10022DFF838331A60DFF858231278002A09D0DFF880231268120A520703D40022DFF81C331A60C9B2002927D0DFF80023127A920622D50022002513E010EB85035B681B78022B0BD010EB85035B681B78012B05D010EBb3
:8052800085035B681B78032B00D1521C6D1CC9B28D42E8DBB04BB3F8A2305B1D934202DA0122B44B1A70C9B2002902D000F06CFD0100DFF81C03006800281BD10020B949086017E0B848007802280CD1DFF81003007800280ED10120DFF8081308700A20A349086006E0B0480078032802D10120AA490870BDE8F38180B5B94800780128fc
:8053000002D100F024F821E000209B49088000209A49088000209A4908800020994908800020914908600020AE49087000209C4908608948B0F852008849086002209B490870FCF7D5FC00209749087001BD80B500208949088000208449086000208249086000208D49087000208D4908607A48B0F854007A49086001208C490870FCF7da
:8053800032FD01BD10B50124FDF7EEFA96490968814201D29449086094490968884201D29249086092490988002903D0022938D014D336E06849B1F8BA10884201D200240BE06549B1F8BC10884206D2012088490880002087490880002422E05E49B1F8BA1088420AD2002482480088002817D080480088401E7F49088011E05649B1F8e0
:80540000BC1088420DD27B480088401C79490880784800885049B1F8BE10884200D20024FFE75D480470002010BD57480068704767480068002801D0012000E00020C0B270470120514908700120624908704FF4FA7062490880704700204C490870704780B54B480078002839D14A480078002806D0002047490870FCF72FFDFFF73CFFc6
:8054800039480068B0F57A7F04DB0120FDF74CF8FFF732FF53480078002801D0FFF72CFF324800682C49098A88420BDB00202F4908600120FDF738F840210020FDF7B4F8FFF745FF35480078002808D00120FDF72BF840210020FDF7A7F8FFF738FF01BD80B52B480078002834D11B4890F8B200C00709D52D480078022805D12F480078c8
:80550000002801D0FFF73EFF23480078002821D0002021490870FDF7D5FA374908600E49B1F8BA10022291FBF2F1884203D200202F4908800EE00849B1F8BC10884206D201202B49088000202A49088002E002202749088001BD0000FC4F00207467002078670020B66700204C6700205067002054670020EE670020B8670020BA670020d6
:80558000BC670020BE67002048670020EF670020F4670020F0670020F1670020F267002060670020085F0020F8670020F9670020100004515C670020C9670020FA67002004000150CA670020FC1F0020C0540020045F0020F81F0020C2670020C0670020CD670020F367002064670020C0040020C4670020C6670020686700207047704784
:8056000070B505000C001E002878002802D1687800283BD01000FBF7E3FF0022684BFBF7F5FFFCF767F80200BDF9140036B22978891900B2091A01290BDBB5F90200B0F58070504348432978090290FBF1F0821812E000B2BDF91010401A6978091801290ADBB5F90400B0F58070504348436978090290FBF1F082181000FBF7B1FF002236
:80568000504BFBF7C3FFFCF735F80200A24201DA012000E00020C0B270BD08B42DE97843060088469146DDE907453078002802D17078002874D02000FBF792FF0022404BFBF7A4FFFCF716F804002800FBF788FF00223B4BFBF79AFFFCF70CF80500BDF92C10BDF924003278101809B2401A01281DDB2100B6F90220B2F5807221004A43b2
:80570000424333781B0292FBF3F251180C002900B6F90220B2F5807229004A4300FB02F03278120290FBF2F04018050024E009B2BDF92800081A7178081801281CDB2100B6F90420B2F5807221004A43424373781B0292FBF3F251180C002900B6F90420B2F5807229004A4300FB02F07278120290FBF2F0401805002000FBF731FF00223c
:80578000104BFBF743FFFBF7B5FF04002800FBF727FF00220B4BFBF739FFFBF7ABFF050020004146884205DA28004946884201DA012000E00020C0B2BDE872035DF808FB000082C00000824010B41BB209B2047861188B4207DB12B24078101A1BB2984201DB012000E00020C0B210BC70470000841A71EB030604D26E40001BB14112194a
:8058000073414FF4001C1CEB410F34BF7CEB430684E00C0DA4EB1356362E7DDC012E43DC45EAC32343EA525312BFD20292025B08240545EAC12141EA5051D2EBC020994125D407D1B0FA80F610FA06F164D00020203608E0B1FA81F6B140C6F1200220FA02F21143B0404FEAF474B4EB465434F001064FEA74040AD8D6F50016760D04F0e9
:805880000044F04061FA06F25040F1404840C00A40EA415021F0004128BF5FEA500550F1000044EBD12137E045EAC323DB0A45EAC121C90AB6F120050EDD42EA0242120CC5F1200603FA06F6EB4042EA06056D42984161F100010DE062FA06F5F240554063FA06FC82EA0C02F3405A406D42904161EB030111F4801F05D1641E620502D0d8
:805900006D004041494121F48011430875F1004350F1000041EB045170BC70471CEB410F15D223F0004352EA43060BD04FEA4C0CBCEB410F04D80C0D661E342EB7DDEBE7801A994150EA410608BF0021E4E708BF1CEB430F28BF6FF00001DDE71FB500F081FD212101601FBD2DE9F04FDFF80404DFF80444DFF8045481B00021002200F138
:80598000100319E02E685F78B742A4BF761E5E702E681F78B742A4BF761E1E7026685F79B742A4BF761E5E7126681F79B742A4BF761E1E71521C10330678B242E2DBDFF8C0231346002400F1100504E05E811433491C641C10350678B44212DA1429F8DA02261E702E785E806E78DE802E799E806E791E812E7BFF2E0CBF4FF480562E7B0f
:805A0000E4E7002000E0401C884255DA00EB800302EB83031C78002CF5D00024154601E0641C14358C4244DAA0421CBF2E78002EF6D06F88DE887F1EBE42A1BF5F88B5F806C00CF1010CBC45EADBB5F804E0B3F808C0AEF1010EF445A1BFB3F804E0B5F8088008F10108F045DADB6888B84288BF38465880E888864238BF0646DE80A88825
:805A8000704588BF704698802889844538BF8446A3F808C058896C892018588100B2B0F5805FA4BF4FF480505881002028700020AAE7A8D00020A7E7002301293EDB1446B0482578022D35D165880095009EA58806EBC51C002666812789AF42C0F229804FEA8C0C0CF1A24CDDF80080B4F80690E646C145C0F21880BEF900A05645B8BF59
:805B0000BEF90060B0F852A0BEF900B0DA4505DAB4F80AA00AF1010AA4F80AA008F101080EF1040EC145E7DA6D1C0CF5007CAF42DADAA6815B1C14348B42C2DB9148002500E06D1C8D4270DA05EB850302EB83031C78002CF5D05E88DF88B3F804C0B3F808E0BC1BAEEB0C09641C09F10109A145B8BFA146B0F84A404C4502DBB9F1070Fac
:805B8000DFDB0024914602E0641C09F114098C4249DAA5421CBF99F800A0BAF1000FF3D0B9F802A0AAF1040A5745A2BFB9F806A00AF1040AB245E7DBB9F804A0AAF1040AD645A2BFB9F808A00AF1040AE245DBDBB9F80240B44288BF34465C80B9F80640A74238BF2746DF80B9F80440644588BF64469C80B9F80840A64538BFA646A3F815
:805C000008E05C89B9F80A502C195C8124B2B4F5805F04DA002389F80030002592E74FF480545C81F6E7F8D18BE700200024012960DB134611F0030513D01E78022E0BD1844208D0B3E8805300EB800602EB8606143BA6E88053401C641C6D1E1433002DEBD1890846D01D78022D0BD1844208D0B3E8C05100EB800502EB8505143BA5E84f
:805C8000C051401C03F11405641C2E78022E0AD1844207D0B5E8805300EB800602EB8606A6E88053401C03F12805641C2E78022E0AD1844207D0B5E8805300EB800602EB8606A6E88053401C03F13C05641C2E78022E0AD1844207D0B5E8805300EB800602EB8606A6E88053401C641C491E50330029B8D101B0BDE8F08F000021481E4A63
:805D0000B0F9641012680020012A00DA7047F0B44FF0A243194D2D681C46012D23DB15F0030607D0B4F900708F42B8BF401C241D761EF7D1AD0816D0B4F900608E42B8BF401C34F9046F8E42B8BF401C34F9046F8E42B8BF401C34F9046F8E42B8BF401C241D6D1EE8D103F50073521ED2D1F0BC7047000010000451806700207C67002033
:805D8000C0540020FC4F00202DE9F14FDFF8C456DFF8C476A86C84B0401E8041C00F049901904FF00008B7F8A2000988C146884234BF029002910198CDF8008005EBC0041EE00178022904D0042965D14278022A62DBBAF5805F0DDBF98F01F580518A4508DABBF5805F05DBB7F8401001F580518B4529DB042101700098401C80B20090dd
:805E000000980299884280F242810498009900EB810670680178042902D141780229EBDBC088000403D5286C40F002002864397D7068C90747BFB0F954A0B0F956B0B0F924A0B0F926B0BCE700F019FA71680A78042A25D1C0B20128CED102200870387DD5F838A0D5F83CB0C00705D57068A0F854A07068A0F856B0B88A810647D5BAF521
:805E8000805F47DBF98BAAF580538B4225DA03EBD3714FEA610A46E0032904D100F061FAC0B20028DBD1BAF5805FB8BF4FF4805A05DBF88F00F580505045B8BF8246BBF5805FB8BF4FF4805BD6DBB7F8400000F580505845D0DA8346CEE75A1A7B8B9A42B8BF02EB510A1EDBA2EB030EB7F816C08E4507DA0EEBDE72490801EB620103EB25
:805F0000010A00E0E246D4450DDAE2460BE0BAF5805F02DA4FF0000A05E0F98AAAF5805A5145B8BF8A46410626D5BBF5805F26DB398CABF580538B4204DA03EBD3714FEA610B25E05A1A8A42B8BF02EB510B1FDBBB8BB7F818C0A2EB030E8E4507DA0EEBDE72490801EB620103EB010B00E0E346DC450DDAE3460BE0BBF5805F02DA4FF02e
:805F8000000B05E0398BABF5805B5945B8BF8B46BAF1000F08BF4FF0010A04D0F98A8A4508BFAAF1010ABBF1000F08BF4FF0010B04D0398B8B4508BFABF1010B410744BFF98AA1EB0A0ABAF1000F48BF4FF0000A03D4F98A5145B8BF8A46010744BF398BA1EB0B0BBBF1000F48BF4FF0000B03D4398B5945B8BF8B467168C00605D5A1F8cb
:8060000040B07068A0F842A004E0A1F840A07068A0F842B07068C18809041FD5B0F84010B0F8420008F101080A460346B8F1010F03D121856085A2850FE0B4F828C06145B8BF2185618D8842B8BF6085A08D9042B8BFA285E08D984200DAE3857068C18801F44042B2F5004F01BF0278022A41F48041C1807068C08840045CBF09F101001c
:806080001FFA80F9B7F8A2008145FFF6B5AEB8F1000F2BD0019805EBC002108D00EB80014800411000EB917080101085508D00EB80014800411000EB917080105085908D00EB80014800411000EB917080109085D08D00EB80014800411000EB91708010D08502F1280068640198A864DFF86C03DFF86C1300680978022900F0BC80002944
:806100000CBF0C2103212970002764214843E8840020804616E02822294605F14C00F1F7A3FC42F21074002000900123282205F14C01012000F0A4F9012801D0641EF2D100207F1C04990988BFB28F4244D2C84542DA049901EB8701C0EBC00249680B785219D21C042BECD08B79A2F80130CB881B0406D5B1F88A30A2F80330B1F88C3052
:8061800005E0B1F84030A2F80330B1F84230A2F805300B78052B02D0062B02D003E0062302E0042300E005231370CB881E0407D55B04C6D400231370CA8842F48042CA80401C08F101080528BBD140450EBF85F802900020A8709EE7002918BF002846D040450EBF85F802900021A970052828D2C0EBC001491900228A80CA70CA80401C2f
:806200000A8105281DD2C0EBC0014919401C8A80CA70CA800A81052813D2C0EBC0014919401C8A80CA70CA800A81052809D2C0EBC0014919401C8A80CA70CA800A810528D6D32822294605F14C00F1F70DFC42F21078002000900123282205F14C01012000F00EF9012802D0B8F10108F1D1484605B0BDE8F08F002005B0BDE8F08FF0B42a
:806280000146B1F92420B1F92630B1F94440B1F946100020A2EB440441F20106A3EB4105B4420FDAB24223DBE81AC2F580577843A71A684990FBF7F01818C8634FF48050886314E0644FF98F01F58057BC420FDBBA420DDAE81AA7EB020C0CFB00F0A4EB020C5C4990FBFCF01818C8638F630120B54218DAB34232DBA11AEC1AC3F5805321
:80630000594391FBF4F1521852498A63B2F5805FA1BF514BDB8F03F5805393421FDB4FF48050C8631AE04C4FB7F8401001F58056B54214DBB34212DAA11AEC1AF31A594391FBF4F1521843498A63B2F5805FA2BFFB8F03F58053934201DBCE630120F0BC7047F0B53C4A157D01460020B1F92440B1F92630ED0704D5B1F95450B1F9561076
:8063800005E0B1F94450B1F94610651B591A41F20107BC4211DABD4225DB581AC5F5805C0CFB00F0A4EB050C2A4E90FBFCF00818F0634FF48050B06314E0D68F06F5805C644510DB65450EDA581AACEB050E0EFB00F0A4EB050E1F4E90FBFEF00818F063C6F838C00120BB4217DAB94230DB5B1A641BC1F58051614391FBF3F1154E691899
:80640000B163B1F5805FA2BFD28F02F580528A421EDB4FF48050F06319E0B2F8406006F58057BB4214DBB94212DA5B1A641B791A614391FBF3F1074E6918B163B1F5805FA2BFD28F02F580528A4201DBF7630120F0BD0000C45E0020FC4F00205C670020CC670020014800F08DB80000D804002080B500F0AAF801BD80B500F039F901BD89
:8064800070B582B080B2072800DB11BE80B2072800DB00BF80B2052800D111BE80B2052800D100BF80B20400354810EB04108068002800D111BE324810EB04108068002800D100BF072C13DA2D482501285A069D2B4E16EB0416F5600FF21D0500959BB292B280B2264D15EB0414A468A04700E0032080B276BD0000F8B50C00002100258d
:806500000026350000E06D1C072D05DA1C4E2F01BE5B80B28642F6D1072D0FDA184E16EB0516F668002E09D09BB292B2210080B2134C14EB0514E468A0470100080080B2F2BD70B5002400E0641C072C05DA0C4D2601755B80B28542F6D1072C0DDA084D15EB04156D68002D07D092B280B2044B13EB04135B6898470300180080B270BD32
:806580004402002070470000012110F01F029140DFF8B02640B2400942F820107047012110F01F029140DFF8A02640B2400942F820107047012110F01F029140DFF88C2640B2400942F82010704710B50020DFF880160870002000213EE0DFF87826142303FB01225080DFF86C26142303FB0122127812F00102002A08D00022DFF85836bc
:80660000C2520022DFF85036C3185A80DFF84426142303FB012212884FF6FD731A40DFF83436142404FB01331A80DFF82826142303FB012212884FF6FB731A40DFF81436142404FB01331A80DFF80826142303FB012292881018491C0629BEDBDFF8FC05DFF8F01588650020DFF8F41508600020DFF8F015086000205FF0A0410860DFF838
:80668000E805006830F48030DFF8DC150860DFF8D805006830F40030DFF8CC150860DFF8C805006830F48020DFF8BC150860DFF8B805006830F40020DFF8AC1508601020FFF778FF1020FFF76AFF1120FFF772FF1120FFF764FF1220FFF76CFF1220FFF75EFF1320FFF766FF1320FFF758FF10BD80B500203DE0DFF85C15142202FB001152
:80670000097811F00101002914D0DFF84C15DFF84425142303FB0022528800235352DFF83815DFF83025142303FB00225288511800224A80DFF81C15142202FB001109884FF6FD721140DFF80C25142303FB00221180DFF80015142202FB001109884FF6FB721140DFF8EC24142303FB00221180401C0628BFDB0120DFF8D4140870002040
:80678000DFF8DC1408600020DFF8D8140860FF205FF0A0410860DFF8D004006850F48030DFF8C4140860DFF8C004006850F40030DFF8B4140860DFF8B004006850F48020DFF8A4140860DFF8A004006850F40020DFF8941408601020FFF7ECFE1020FFF7D3FE1120FFF7E6FE1120FFF7CDFE1220FFF7E0FE1220FFF7C7FE1320FFF7DAFEd8
:806800001320FFF7C1FE01BD38B505235FF0FF34DFF83C542D78012D01D180B2C4B214F1010F36D0DFF82C04142303FB0400037813F00103002B2AD00388C3F340039BB2002B22D1038853F002030380002343828160C1600282DFF814040068FF280FDC54F46040DFF80814DFF80024126821F81200DFF8F8030068401CDFF8F0130860b6
:80688000200000F00AF8012304E0042302E0032300E00323180080B232BD30B4DFF8B413142202FB00114A8A0B8A9A4258D2DFF8A8234B889A180B8A4C8A1B1B1B1D8C889C4200D28B884C8A002C02D10C8A148001E0002414801B1F53804C8A1C194C82121DCC68CD685D19CD6004E025681560241D121D1B1F042BF8D204E025781570bc
:80690000641C521C5B1E002BF8D10A8852F004020A8001218140DFF854231268FF2A0FDC50F47040DFF84823DFF840331B6822F81300DFF838030068401CDFF830231060DFF820030068C9B20843DFF818231060DFF810030068C9B28843C24908600EE00A884FF6FB731A400A800A884FF6FD731A400A80052802D10020BE49086030BC87
:80698000704738B504000021B248142202FB0405B1486A8810180288002A0BD001882982298851F002012980A968E96000216982418806E02A88C2F3400292B2002A00D04188002927D0001DEA68EB68CB18EB606B8ACB186B8204E003681360001D121D091F0429F8D204E003781370401C521C491E0029F8D1688A298A88420BD36A8A17
:806A0000A96854F4407080B2FFF79BFD28884FF6FD71084028800120A04094490968FF290BDC54F47841924A904B1B6822F813108E490968491C8D4A11608A490968C0B20143884A116087490968C0B231EA00008449086031BD80B584480068FF280BDC4FF47F408249814A126821F812007F480068401C7D4908607F480068C00705D5c4
:806A800001207D490860002000F091F87A480068C0F34000002805D0022077490860012000F085F801BD80B570480068FF280BDC4FF601706E496D4A126821F812006B480068401C694908606B480068C0F38000002805D0042068490860022000F067F865480068C0F3C000002805D0082062490860032000F05BF801BD80B55B48006824
:806B0000FF280BDC4FF602705949584A126821F8120056480068401C5449086056480068C0F30010002808D0012054490870102051490860042000F03AF84F480068C0F34010002808D020204B490860052000F02EF800204949087001BD80B543480068FF280BDC4FF603704149404A126821F812003E480068401C3C4908603E4800685c
:806B8000C0F38010002805D040203B490860062000F00DF838480068C0F3C010002805D0802035490860072000F001F801BD80B5062844DA2749142202FB00110A7812F00102002A29D00988C1F3800189B2002912D026490968FF290BDC4FF47E41244A224B1B6822F8131020490968491C1F4A1160FFF752FE22E01C480068FF281EDC6d
:806C00004FF601601A49194A126821F8120017480068401C1549086011E014490968FF290BDC4FF60261124A104B1B6822F813100E490968491C0D4A1160FFF7A2FE01BD0000000000E100E080E100E080E200E0C86700205401002000000060505600200000015008000150003001458C660020C05200208866002004000050F467002075
:806C8000012110F01F0291401C4A40B2400942F820107047012110F01F029140184A40B2400942F820107047012016490870002015490870002015490870002014490870002014490870C820134908804FF4FA70124908801E2012490870322011490870002011490870002010490870FF2010490870FF200F4908707047000080E100E0d3
:806D000080E200E0D0670020D1670020D3670020D4670020D5670020A2670020A4670020D6670020D7670020D8670020D9670020DA670020DB6700202DE9F0478AB0040000255FF0000ADFF8D01D0988C1F30626B6B2DFF8C81D0978B14202DADFF8BC1D0E78DFF8BC1D0978012904D0DFF8B01D0978032901D1062104E0DFF89C1D09782a
:806D800011F03F01DFF89C2D12788A4202DADFF8941D0978DFF8882D1278002A1FD0022A1DD01CD3042A00F0DA8018D3062A00F09382C0F0EF81082A00F0B784C0F0DB830A2A01F04781C1F009810C2A01F05D82C1F065810D2A00F0628201F058BADFF8102E1278002A10D1DFF8082E1278002A0BD1DFF8042E1278DFF8F43D1A70DFF807
:806E0000FC2D1278DFF8EC3D1A70DFF8E42D12782A556D1CDFF8DC2D12782A556D1CDFF8002D1278002A05D0022A09D005D3032A09D00AE05FF0A24007E0DFF8C40D04E0DFF8C00D01E0DFF8C00DDFF8A42D1278DFF8A43D1B789A4266D1DFF8982D1278DFF8983D1B789A425ED15FF0000906E00022DFF88C3E43F8292019F10109B9F17f
:806E8000300FF5DBDFF87C2E1288C2F3800292B2002AF7D0DFF8642D92F800900AE01388A8F800307F1C18F10408121DB742F6DB19F10109894517DADFF84C2E4FF4007303FB0922DFF8303D1B7812EB83084FF4007202FB0902DFF8203D1B7812EB8302DFF8143D1F78E1E7DFF81C0E4FF4007202FB0100DFF8002D127810EB8208DFF8ef
:806F0000F80C0078800000F1A24212F5F042DFF8E80C077806E01088A8F800007F1C18F10408121DB742F6DBDFF8DC2DDFF8C80C0078DFF8603E1860701EDFF8583E9860DFF8B80C0078DFF84C3E5860DFF8440EC1602100280001F0A7F901F098B9DFF8B80B0088C0F30626B6B2DFF8AC0B007810F03F01DFF88C0D0088C0F3C00080B235
:806F80000028F7D0DFF8640E0078002806D1DFF8600E0078C0B2DFF85C2E1060DFF8540E006828556D1CDFF84C0E0068002857D0DFF83C0C0078002840F0BC80DFF8340C0078002840F0B680DFF8200E0078401CDFF8182E1070DFF8140E007828556D1CDFF8740EDFF8042E127810EB021010F8100CDFF8A02D1060DFF85C0EDFF8EC2Dbc
:80700000127810EB021010F80C0CDFF8882D5060DFF8440EDFF8D42D127810EB021010F80F0CDFF8702D9060DFF82C0EDFF8BC2D127810EB021010F80B0CDFF8582DD060DFF8500D006800280ED1DFF8480D006850F0800028556D1C12E0002028556D1C3E2DFADB01F013B9DFF8280D0068401EDFF8202D1060DFF81C0D006828556D1C05
:80708000DFF8100D4068002807D1DFF8080D406850F0800028556D1C0BE0DFF8F80C4068401EDFF8F02C5060DFF8E80C406828556D1CDFF8E00C8068721E904207D1DFF8D40C806850F0800028556D1C0BE0DFF8C40C8068401CDFF8BC2C9060DFF8B40C806828556D1CDFF8AC0CC068491E884207D1DFF8A00CC06850F0800028556D1C2d
:807100000BE0DFF8900CC068401CDFF8881CC860DFF8800CC06828556D1CDFF8780C0068DFF8CC1A0870DFF86C0C4068DFF8C41A08700CE0002028556D1CDFF8B40A007828556D1CDFF8AC0A007828556D1C5FF0A2422100280001F0A7F8DFF8940A0078002815D1DFF88C0A0078002810D1DFF8840C0068012804D10020DFF8701C0870f0
:8071800006E0DFF8700C0068401EDFF8681C086001F07DB8DFF8B02DDFF8B00D0078002814D1002028556D1C002028556D1C06E0107828556D1C507828556D1C121D3E2DF6DB0120DFF8841D087064E0012028556D1C012028556D1C08E092F8780028556D1C92F8790028556D1C121D242DF4DBDFF8380E006828556D1CDFF8340E0068ea
:8072000028556D1CDFF82C0EC08E042190FBF1F028556D1CDFF81C0EC08A28556D1CDFF8140EC08A80B2000A28556D1CDFF8040E008B28556D1CDFF8FC0D008B80B2000A28556D1CDFF8F00D007828556D1CDFF8EC0D008828556D1CDFF8E00D008880B2000A28556D1C002028556D1C002028556D1CDFF8CC0D007828556D1CDFF8C40Db5
:80728000007828556D1C0020DFF8C01C087002E0002028556D1C3E2DFADB00F0F8BFDFF8AC0C0078002815D1022028556D1C022028556D1CDFF82C2E06E0107828556D1C507828556D1C121D1E2DF6DB0020DFF87C1C087000F0DBBF01F074F80020DFF8681C0880DFF8040B00781C3050F44060DFF8F41D0880DFF8F40A00781A3000022b
:8073000050F00100DFF8E41D0880DFF8E00A00781A3050F43060DFF8D81D08800120DFF8D41D08800020DFF8D01D0880DFF8CC0D008850F48070DFF8C41D0880DFF8A80D0078C0B2DFF8A01D098889B210EB112080B24008DFF8A81D08800020DFF8A41D08600020DFF8A01D08600020DFF89C1D08600020DFF8981D08600020DFF8941D88
:8073800008600020DFF8341E0860DFF8340E006850F00200DFF8281E08602920DFF8241E08804FF6FF70DFF8201E08800020DFF81C1E0880DFF8340A007828556D1C5FF0000ADFF80C0E007810F00100002810D0FF2028556D1C02E0002028556D1C3E2DFADBDFF8080A0078401CDFF8001A0870A3E0DFF8FC07007828556D1C5FF0A24833
:807400005FF0FF30FFF746FC5FF0FF30FFF738FC5FF000091FE038F9271038F9272018EB8703B3F9003209B212B21BB218EB870CBCF900C20CFB03F302FB0131884200DA08007F1CB742E6DB28556D1C001228556D1C19F10109B9F1050F41DA4FF6FF70DFF8301E0880DFF8300EDFF8301E08600020DFF82C1E08600520DFF8281E086025
:807480000120DFF8481D0880DFF8080E0088C0F3400080B2002804D1DFF8080E0068C003F2D5DFF8F00D0088C0F3400080B2002810D11AF1010ABAF1030F02DAB9F1010907E05FF0000A002028556D1C002028556D1CBEE75FF0000A002108000027B1E70420DFF8C01D0860DFF804070078401CDFF8FC160870DFF8F8060078DFF8401Bfc
:80750000097888420AD30020DFF8E4160870DFF8DC080078401CDFF8D4180870DFF8CC0800783D2807DB0020DFF8C018087002E0002028556D1C3E2DFADB0020DFF8CC1B08600020DFF8C81B08605FF0FF30DFF8C41B086043F6FF70DFF8601C0860DFF8600C006830F00200DFF8541C086000F079FF00F08CBE00F025FF0020DFF8C81926
:80758000088045F62440DFF8601B088042F20120DFF8581B0880DFF854080078001D000250F02200DFF8481B08802B20DFF8141C08804FF48070DFF8441B088047F20F00DFF8F81D08800520DFF8281B08804FF6FF70DFF8F41B0880DFF81008007828556D1CDFF81006007828556D1CDFF80006007828556D1C002028556D1C0020DFF8b5
:80760000CC1B08805FF0000A5FF0FF30FFF742FB5FF0FF30FFF734FB01E01AF1010ABAF1030F2ADA4FF6FF70DFF8681C0880DFF8680CDFF8681C08600020DFF8641C08600520DFF8601C08600120DFF8801B0880DFF8400C0088C0F3400080B2002804D1DFF8400C0068C003F2D5DFF8280C0088C0F3400080B20028CFD00420DFF8241C1b
:8076800008605FF0A24214E0DFF86405007810F5007012F8201029556D1C12EB8000407828556D1CDFF848050078401CDFF8401508703E2D0FDADFF838050078B042E3DB0020DFF82C150870DFF828050078401CDFF820150870DFF81C050078DFF86019097888420AD30020DFF808150870DFF8FC060078401CDFF8F4160870DFF844097c
:807700000078801EDFF8E4160978884207DA0020DFF8D816087002E0002028556D1C3E2DFADB00F09FFE00F0B2BD00F04BFE5FF00070DFF8001D08600320DFF8FC1C0860DFF87C0CDFF8F41C08600020DFF8F01C08600020DFF8EC1C08600020DFF8E81C0860DFF8E80C006850F48030DFF8DC1C08602D20DFF8D81C096860F30701DFF89b
:80778000D00C01602820DFF8C81C096860F30F21DFF8BC0C01603C20DFF8B41C096860F31741DFF8AC0C01602B20DFF8A41C096860F31F61DFF8980C01600120DFF8941C0860002001E000BF401CDFF8701809888842F8DBDFF8806CDFF8800C006830F47F40DFF8781C08600120DFF8701C096860F30701DFF8640C0160DFF8640C0068a0
:80780000C007FAD5DFF8540C0068000A0002DFF84C1C08605FF0000901E019F10109B9F1090F80F2A9805FF0FE0A002710E004A819F800000121B940884304A909F801005FEA4A0050F0010A5FEA48087F1C361D082FE2DAB9F1040F12DA57EA0900002801D15FF00108DFF8D80BC0F800800020DFF8D01B08600020DFF8CC1B086029E08e
:80788000B9F1080F13DAB9F1040F03D1002F01D15FF001080020DFF8A81B0860DFF8A40BC0F800800020DFF8A01B086012E0B9F1080F03D1002F01D15FF001080020DFF8801B08600020DFF87C1B0860DFF8780BC0F80080DFF8840B006869F30F20DFF87C1B08605FFA8AFADFF8700B00686AF31740DFF8681B08600320DFF8601B096872
:8079000060F30701DFF8540B0160DFF8540B0068C007FAD5DFF8440B0068000A0002DFF83C1B086001F04EF80120DFF8B81B0860DFF8200B0068C007FAD5DFF8180B006850F00100DFF80C1B0860306840F30A00DFF8941BB1F900105FF0FF3251438842BFF665AF04A819F800000121B940084304A909F8010063E7DFF8DC6A0120DFF851
:80798000DC1A096860F30F21DFF8D00A01600120DFF8C81A096860F30701DFF8C00A0160DFF8BC0A0068C007FAD5DFF8B00A0068000A0002DFF8A41A08605FF0000901E019F10109B9F1090F80F2AE805FF0FE0A002710E007A819F800000121B940884307A909F801005FEA4A0050F0010A5FEA48087F1C361D082FE2DAB9F1040F12DAd0
:807A000057EA0900002801D15FF00108DFF8300AC0F800800020DFF82C1A08600020DFF8281A086029E0B9F1080F13DAB9F1040F03D1002F01D15FF001080020DFF8001A0860DFF8000AC0F800800020DFF8F819086012E0B9F1080F03D1002F01D15FF001080020DFF8D81908600020DFF8D4190860DFF8D409C0F80080DFF8E0090068a8
:807A800069F30F20DFF8D41908605FFA8AFADFF8CC0900686AF31740DFF8C01908600320DFF8B819096860F30701DFF8B0090160DFF8AC090068C007FAD5DFF8A0090068000A0002DFF89419086000F07BFF0120DFF8101A0860DFF87C090068C007FAD5DFF87009006850F00100DFF868190860DFF8F409B0F90000316841F30A018842fa
:807B0000BFF668AF07A819F800000121B940084307A909F8010066E7A4700551DA670020D1670020DB6700200220DFF83019096860F30701DFF824090160DFF824090068C007FAD5DFF814090068000A0002DFF80C190860DFF8F408006830F48030DFF8EC1808600020DFF8D81808600020DFF8D41808600020DFF8D01808600020DFF824
:807B8000B81808600020DFF8B41808600020FAF739FE8F20DFF828160860DFF8140C0068C0F30116DFF8080C0068C0F34007DFF8000C006850F03000DFF8F41B0860DFF8F00B006830F00200DFF8E41B08600020DFF8E01B08605FF0FF30DFF82815086043F6FF70DFF8201508605FF0000923E0D3670020D4670020D8670020D967002056
:807C00000060005100000351006003515FF0FF30DFF8A41B086043F6FF70DFF8F01B086000F0D0FE0020DFF8901B08600020DFF8DC1B086019F10109B9F1640FE6DB0020DFF8741B08600020DFF8C01B08600020DFF8B01408600020DFF8AC1408600020DFF8AC1B08600020DFF8A81B08600020DFF8981408600020DFF8941408605FF0ba
:807C8000FF30DFF89014086043F6FF70DFF82C1508605FF001085FF0000909E00098012111FA09F1084300905FEA480819F10109B9F1200F2ADA0020DFF8481408600020DFF8F41A0860DFF8480BC0F8008000F079FEDFF83004C0F80080DFF8DC0AC0F8008000F06FFEDFF8300B006810EA080FD4D10098012111FA09F188430090D3E703
:807D000050590020B0700551008004510020DFF8A81A08600020DFF8EC1308600020DFF8F01A08605FF001085FF0000909E00198012111FA09F1084301905FEA480819F10109B9F10E0F27DA0020DFF8BC1308600020DFF8B81A0860DFF8B80AC0F8008000F030FEDFF8A003C0F80080DFF89C0AC0F8008000F026FEDFF8A00A006810EAb1
:807D8000080FD4D10198012111FA09F188430190D3E700BF046600200020DA4908600020D94908600020DFF8101A08600020DFF85C1A08600020DFF8581A08600020DFF8541A08605FF0FF30D049086043F6FF70CF4908600020CF4908600020DFF8DC1308605FF001085FF000090FE0D267002010000451A46600200298012111FA09F1fa
:807E0000084302905FEA480819F10109B9F1200F24DA0020BB490860DFF89C09C0F80080DFF8EC09C0F8008000F0CCFDB548C0F800800020DFF88019086000F0C3FDDFF8E009006810EA080FD6D10298012111FA09F188430290D5E7200004510020A94908600020DFF8501908600020DFF8A01908605FF001085FF0000909E003980121e8
:807E800011FA09F1084303905FEA480819F10109B9F10E0F22DA00209B490860DFF86C09C0F80080DFF86C09C0F8008000F08AFD9548C0F800800020DFF85019086000F081FDDFF86009006810EA080FD6D10398012111FA09F188430390D5E700208B49086000208A4908605FF0FF308949086043F6FF70B14908600020834908600020d0
:807F0000DFF8081908600020DFF808190860DFF8A008006867F34100DFF894180860DFF89008006866F30510DFF8841808600020A34908600020DFF8FC140860002028556D1C5FF000090AE000700551D567002007A819F8000028556D1C19F10109B9F1090FF5DB5FF0000906E004A819F8000028556D1C19F10109B9F1090FF5DB02987a
:807F800028556D1C0298000A28556D1C0298000C28556D1C0298000E28556D1C039828556D1C0398000A28556D1C009828556D1C0098000A28556D1C0098000C28556D1C0098000E28556D1C019828556D1C0198000A28556D1C00F045FA58E115484FF43172DFF8F4190978892930DADFF8E81909783C23594329556D1C0B122B556D1Cfa
:8080000003E00B5C2B556D1C491C3E2D05DA9142F7DBFF232B556D1CF6E7DFF8BC090078401CDFF8B419087013E000BF7C67002080670020FC4F0020C9670020A4670020D7670020D6670020FF2028556D1C3E2DFADB1CE1032028556D1C002028556D1C002028556D1C002028556D1C002028556D1C052028556D1C002028556D1C0020d4
:8080800028556D1C062028556D1C002028556D1C02E0FF2028556D1C3E2DFADBF7E0DFF83C090078002840F0BD80DFF834090078002840F0B78000F085F9DFF82809007800283BD1DFF820090078012836D00320FAF798FBDFF81009007802281CD0032823D02BE0BC700551047005510C700551107005511C700551087005513070055115
:80810000207005510041015004410150084001500C400150104001500020DFF8D01808800020DFF8CC18088008E0DFF8C40800884FF6DF710840DFF8B81808800020DFF8B41808804FF6FF701F49088000201F4908804FF6FF704F4908804F484F49086000204F49086005204E4908600120174908805FF0FF30FEF78DFD5FF0FF30FEF70a
:808180007FFD45484549086000204549086005204449086001200D4908803E480088C0F3400080B2002803D13E480068C003F4D504203C4908605FF000091CE01440015000400150147005519C70055198700551A87005511088A8F800007F1C18F10408121DDFF814080088C0F3062080B28742F0DB19F10109DFF80008007810F03F002a
:8082000081450DDADFF8F4074FF4007101FB09084FF4007000FB09F010F1A2420027E0E700F020F9DFF8B407007828556D1CDFF8B007007828556D1CDFF8C0270120DFF8C01708700020DFF8BC170860DFF8A8070088C0F3062080B2401EDFF8A81788600020DFF8A0174860DFF88C07007810F03F00401EDFF88C17C8602100280000F043
:8082800013F804E0FF2028556D1C3E2DFADB0AB0BDE8F087A070055180A9030014E000E018E000E010E000E030B40FE012F823404454401C12EB83035B784354401CDFF81C371B785B1CDFF8144723703E284BDADFF830379B68DFF804472478A3420CDADFF820371B68DFF8F4462370DFF8F0361B785B1CDFF8E8462370DFF80837DB682e
:80830000DFF8DC462478A34208DA0022DFF8CC361A700022DFF8C8361A7025E0DFF8C0361B788024DFF8B4562D7804FB0353DFF8D0462478002CB9D132F92340002C03D500234354401CBAE732F92340FF2C03DDFF234354401CB2E732F823304354401CADE700224254401C3E28FADBDFF894068068DFF86816097888420CDADFF8840655
:808380000068DFF858160870DFF854060078401CDFF84C160870DFF86C06C068DFF840160978884207DA0020DFF8301608700020DFF82C16087030BC70470000187005513F00070010B5DFF8404672B600F07DFFDFF8200600882080DFF830060088A080DFF82C0600882081DFF828060088A081DFF8240600882082DFF820060088A08269
:80840000DFF8E80500882083DFF814060088A083DFF8100600882084DFF80C060088A084DFF8080600882085DFF8C4050088A08510BD000030100145007001500030015024310150283101502C31015030310150103101500831015000320150000001500400015080B5DFF8A0050188DFF8842511808188DFF8942511800189DFF890254f
:8084800011808189DFF88C251180018ADFF888251180818ADFF884251180018BDFF84C251180818BDFF878251180018CDFF874251180818CDFF870251180018DDFF86C251180808DDFF8281508800020DFF8601508804FF6FF70DFF85C15088000F08AFF62B601BD00310150A267002038B504002078002820D0012834D0022850D0032819
:8085000053D0042856D0052859D0062870D0072800F08480082800F09480092800F09A800A2800F0B4800D2800F0CE800E2828D0802800F0278139E1DFF8B814022007E002195278035D53EA02220A80801C091D3E28F5DBDFF894040088DFF8DC14A1F8CE0023E1DFF8D414022007E002195278035D53EA02220A80801C091D1628F5DB1a
:8085800014E1DFF8B014022007E002195278035D53EA02220A80801C091D2A28F5DB05E10020DFF88C14088000E10120DFF880140880FBE00220DFF878140880F6E0A078002809D1DFF8280400884FF6BF710840DFF81C1408800AE0A078012807D1DFF81004008850F04000DFF804140880DDE0A078002809D1DFF8F80300884FF6DF71f2
:808600000840DFF8EC13088007E0DFF8E403008850F02000DFF8D8130880C7E0E078A17851EA0020DFF8181408800020207120796071E079A17951EA0020DFF808140880B4E0A078DFF800140870E078DFF8FC130870ABE000F039FE0022022000210A0010E061781E2303FB0121482908DA03195B78055D15EB0323DFF8D45325F82130d5
:80868000521C801C1E2AECDB00F0B4FE8EE000F01CFE0022022000210A0010E061781E2303FB01212E2908DA03195B78055D15EB0323DFF8A05325F82130521C801C1E2AECDB00F097FE71E0A078492804DB4820DFF88413087003E0A078DFF87C130870E0782F2804DB2E20DFF87013087003E0E078DFF8681308702079FF280AD1DFF823
:80870000F802008880B2000A10F07F00DFF8501308700BE02079492804DB4820DFF84013087003E02079DFF8381308706079FF2807D1B148007810F03F00DFF8241308700BE060792F2804DB2E20DFF81813087003E06079DFF80C130870C1480078BE490978884203D2BC480078BD490870BD480078BA490978884203D2B8480078B94960
:80878000087013E0A078617851EA0022E3784FF4B175A948211D05E00C8820F81240891C5B1E521C012B01DBAA42F5DB31BD000004400150004301500042015080B53F220A80A9490160FF20A84948708548007801280DD18A480078A549097811F00F0111EB0010A1494870A248FEF7A5FA0AE07D480078012806D07B4800789B49487076
:808800009C48FEF799FA002002BD00000442015010430150144301502043015024430150284301502C43015080B56E49097801295ED10178002905D0022943D016D3032944D0BCE04078012808D002280AD001208949087000208949087006E001208749087002E0002085490870A8E04178032902DA4178624A117081780E2902DA807846
:808880007B4908707A480078052803D0784800780D2803D100205049087012E074480078092803D100204C4908700AE0002074490870694800784949087068480078484908707CE0401CFFF711FE78E04078012802D0022808D00AE001206A4908705648008A6949086002E000206649087066E00178202963D14178002960D03A490978d8
:80890000012905D14178012902D001215B4A117035490978012908D04178012905D10121554A11700021554A117040782E4908700020544908700020514908700020274908700020264908700020434908700020424908702848008880B2000A10F07F003F4908702448007810F03F003D4908701D480078012806D021D303280AD009D3d4
:8089800004280ED01BE001201D49087000203849087014E001201A4908700B20344908700DE00120164908700820314908704FF4FA70234908804FF4FA7022490880002002BD0000002001E000BF401C1C4909888842F9D370470000D5670020D3670020D4670020CB670020E2040020307005514470055100700551A4700551008004515e
:808A0000D06700200466002000E00451047005510C70055110700551147005519C700551187005511C70055120700551D070055198700551A0700551FC4F002078700551A4670020A2670020D7670020D66700200030055100400551D8670020D9670020DA670020DB670020D9620020D8620020D1670020DA620020CA670020C9670020d2
:808A8000D2670020CD67002050670020012110F01F029140DFF8982840B2400942F820107047012110F01F029140DFF8882840B2400942F820107047012110F01F029140DFF8742840B2400942F82010704780B50020DFF86818086000F0C1F800F0B1F800F08CFC00F08BFC00F00DF8DFF85008D0E90023DFF84C08C0E900230020DFF8de
:808B00004818087001BD80B50020DFF8401808600020DFF83C1808600020DFF8381808600020DFF8341808604020DFF8301808600120DFF82C1808600020DFF8281808602F20DFF8241808600020DFF8201808604FF6FF70DFF8181808604020DFF8141808600120DFF8101808600020DFF80C180860EF20DFF8081808600020DFF8041861
:808B800008604FF6FF70DFF8001808600320FFF788FF0320FFF790FF0620FFF782FF0620FFF78AFF0020DFF8E41708600020DFF8E01708600020DFF8DC1708600020DFF8D81708604020DFF8D41708600120DFF8D01708600020DFF8CC1708602F20DFF8C81708600020DFF8C41708604FF6FF70DFF8BC1708604020DFF8B8170860012019
:808C0000DFF8B41708600020DFF8B0170860EF20DFF8AC1708600020DFF8A81708604FF6FF70DFF8A41708600A20FFF73AFF0A20FFF742FF0D20FFF734FF0D20FFF73CFF01BD80B51C20FFF72CFF1C20FFF734FFF8F7F0FFFCF7B2F8F8F757FE01BD80B51D20FFF71EFF1D20FFF726FFEEF7B7FCEDF7A8FF01BD80B500F0D8FF10F1010F7c
:808C800019D00121DFF8442711704FF47A7148434FF47A71B0FBF1F0DFF8D41608600020DFF8C8160860DFF8A406006850F00100DFF89816086001BD80B500F0BCFF10F1010F10D0C8214843DFF8BC1608600020DFF8B0160860DFF87406006850F00200DFF86816086001BD11B581B00C009DF805002043C0B2002801D0FFF7BCFF9DF856
:808D000006002043C0B2002801D0FFF7D5FF9DF80400012806D004D3032839D03ED304284BD050E00120DFF820160870DFF814064078022827DADFF80C068078022822DADFF80006C07802281DDAFCF789FBDFF8F4050079C00716D5DFF874060078022811D0DFF8E005007910F0FE00DFF8D4150871DFF8D025D2E9000100F038FFFFF71c
:808D80007AFFFFF799FFF8F7FBFDEEF7F5FD1AE00320DFF8B4150870F4F712FA0220DFF8A81508709DF80400032801D1012000E00020C0B2EDF758FF05E00320DFF888150870F4F753FC13BD80B50020DFF86C150860FCF74CF81D20FFF76EFE1D20FFF755FE00F0D8FE0121FFF77EFFDFF87405006850F00100DFF86C150860DFF8D405bd
:808E0000006850F00800DFF8CC1508600320FFF73DFEDFF86805006850F00100DFF85C150860DFF8B005006850F04000DFF8A41508600620FFF72AFEDFF86805006850F00100DFF860150860DFF88805006850F48060DFF8801508600A20FFF717FEDFF85C05006850F00100DFF850150860DFF86405006850F40050DFF8581508600D204d
:808E8000FFF704FEC820DFF8401508600020DFF834150860DFF8F404006850F00200DFF8EC14086001BD70B50400F5F717FC0500EDF774FF0600002060700020A0700020E07001202070F3F727FD002802D0022020706EE0EDF75CFF002802D10020207067E0EDF743FF002814D1F6B2012E08D004D3032E08D007D3042E08D00020207086
:808F000057E00120607054E00120A07051E00120E0704EE0EDB2002D14D1F6B2012E08D004D3032E08D007D3042E08D0002020703FE0022060703CE00220A07039E00220E07036E0F7F710FCEDB2012D08D004D3032D12D011D3042D1FD00020207028E0F6B2012E06D1002801D0042000E00320607001E0052060701BE0F6B2022E02D063
:808F8000F6B2032E06D1002801D0042000E00320A07001E00520A0700BE0F6B2042E06D1002801D0042000E00320E07001E00520E070DFF81C040078022804D1207950F00100207103E0207910F0FE002071FCF72CFA002804D0207950F00200207103E0207910F0FD002071FCF722FA002804D0207950F00400207103E0207910F0FB00ba
:809000002071CE48407810F00100002804D0607950F00100607103E0607910F0FE006071C648007810F00100002804D0607950F00200607103E0607910F0FD006071DFF898030068000A400704D5607950F00400607103E0607910F0FB006071F4F7C8FB002804D0607950F00800607103E0607910F0F7006071DFF864030078002804D1d8
:80908000DFF85C030078012804D0607950F01000607103E0607910F0EF0060716079C0B2800810F00100F7F727FB6078032805DAA078032802DAE078032802DBFCF7C1F901E0FCF7C9F970BD80B5EEF743FAF7F7E4FA01BD10B51D20FFF7EEFC9A480078022825D1EDF760FEEEF750F8EDF738FE00281DD1BB49642000F0A8F800209249ab
:8091000008709048FFF7CFFE8E4AD2E9000100F06EFD0400EEF714FC002801D000F0A2FDAA48007800F0A2FD2100C9B2FFF7DCFD10BD38B51C20FFF7BFFC8348007803281AD1F4F70EFB002816D000207E490870F4F70AFB7B48FFF7A6FE7A4AD2E9000100F045FD04009948007800F072FD2100C9B2FFF7B9FD2AE073480078012826D147
:80918000002071490870F8F777FD04006D48FFF78AFE6C4AD2E9000100F029FD05008B48007800F04DFD0090002C0BD1FCF7A4F80A208D49086000208C490870012501208DF800002900C9B20098FFF78DFD31BD10B55E480068400840005C49086001205F4908600320FFF767FC0220774908705448FFF758FE534AD2E9000100F0F7FC6c
:8092000004005148007800F03AFD2100C9B2FFF76BFD10BD10B54D48006830F002004B4908600120544908600620FFF745FC454AD2E9000100F0DBFC04004348007800F027FD2100C9B2FFF74FFD10BD684A1268002A16D1664A116080B24FF47A7148434FF47A7190FBF1F05149086000204F4908604648006850F001004449086001205e
:8092800000E00020704780B540480068400840003E4908600120424908600A20FFF70CFC53480068002802D051480068804700204F49086001BD80B501203F4908600D20FFF7FAFBEEF74AFA01BD80B501201B4948700120194908701C480068400840001A49086001201E4908600320FFF7E4FB1648006830F002001449086001201E494e
:8093000008600620FFF7D8FB2048006830F002001E4908600120284908600D20FFF7CCFBF8F716FBEDF70BFD1D20FFF7C5FB01BD00E100E080E100E080E200E040670020887C010064660020ED6700200010004504100045081000450C100045401000454C1000456C100045681000455010004554100045801000458C100045AC100045c1
:80938000A810004590100045941000450020004504200045082000450C200045402000454C2000456C200045682000455020004554200045802000458C200045AC200045A82000459020004594200045EC670020F96700200030014504000150CB670020E2040020C950010054670020F86700204467002080B5FFF7E7FC01BD7047704723
:809400007047000076B49DF8051011F001029DF8051011F00201C9B249089DF80530DBB2DB0813F00103C3719DF80530DBB21B0913F001030372C9B200290AD0D2B2002A03D0DFF86008006802E0DFF85C080068EBE19DF8001002290AD1D2B2002A03D0DFF84808006802E0DFF844080068DCE1DFF840180B789DF8051011F00401C9B2be
:809480008908DFF8304821709DF8041011F001049DF8041011F00201C9B2490891F001050168DFF808683668B14204D0DFF800683668B1420AD1D2B2002A03D0DFF8F807006802E0DFF8F4070068AEE1DFF8D4673668B14204D0DFF8D0673668B14211D1D2B2002A03D0DFF8D007006809E0E4B2002C03D0DFF8C807006802E0DFF8BC078b
:80950000006892E1DFF8B4673668B14209D0DFF8B0673668B14204D0DFF89C673668B1423FD19DF8020000280AD0D2B2002A03D0DFF89007006802E0DFF88C07006874E19DF8010000280AD0D2B2002A03D0DFF87C07006802E0DFF87807006865E19DF8030000280AD0D2B2002A03D0DFF86407006802E0DFF86007006856E11000C0B226
:80958000284203D0DFF8300700684EE1E4B2002C03D0DFF82C07006802E0DFF82007006843E1DFF824673668B14228D19DF80000002803D09DF8020000280AD1E4B2002C03D0DFF8FC06006802E0DFF8F00600682BE19DF802000328C0F22681DFF8D4060078002803D0DFF8F40600681DE1EDB2002D00F01981DFF8CC06006815E1DFF85d
:80960000DC663668B14204D0DFF8B8663668B1421DD19DF80000002803D09DF8020000280AD1D2B2002A03D0DFF88C06006802E0DFF894060068F8E0DFF878060078DBB2984200F0F180DFF880060068EDE0DFF880663668B14239D19DF80020002A03D09DF80120002A0AD1E4B2002C03D0DFF85006006802E0DFF844060068D5E09DF8f5
:809680000120032AC0F2D080DFF828261278002A14D09DF80120032A05D0C0F0C580052A09D004D3C0E0DFF838060068BDE0DFF834060068B9E001224272B5E0EDB2002D00F0B280DFF804060068AEE0DFF810663668B14209D0DFF80C663668B14204D0DFF8E8653668B14233D19DF80040002C03D09DF80140002C0AD1D2B2002A03D084
:80970000DFF8B405006802E0DFF8C40500688CE0DFF8A0452478DBB29C4206D0D2B2002A03D1DFF8AC0500687FE0DFF8B4251268914207D19DF80120042A03D1DFF8A405006872E09DF80120052A6DD1012242726AE0DFF884653668B14231D19DF80020002A03D09DF80320002A0AD1E4B2002C03D0DFF84C05006802E0DFF840050068d9
:8097800053E09DF80320032A4EDBDFF828251278002A0ED09DF80320D21E012A02D9921E04D041E0DFF8400500683EE0012242723AE0EDB2002D37D0DFF81805006834E0DFF824452468A14204D0DFF808452468A14229D19DF80040002C03D09DF80340002C0AD1D2B2002A03D0DFF8CC04006802E0DFF8E404006817E0DFF8B844247887
:80980000DBB29C4206D0D2B2002A03D1DFF8C80400680AE09DF80320042A05D09DF80320052A01D101224272080076BC704700680178002902D15FF0FF3000E0406870470068017A002902D15FF0FF3000E0C0687047002141710120704701680022427200228272C279002A0ED1C97C00290BD08179002906D0017A002903D1002181712d
:80988000042002E0032000E00220704710B582B00468DFF8582412680092227C002A05D0022A1DD003D3032A01D02DE02CE02278022A06D1C9B2012911D001208DF801000DE0FFF7CAFF8DF800002078032803D101208DF8010002E000208DF8010013E02278012A02D1C9B201290DD0FFF7B1FF8DF800002078012803D101208DF80100ec
:8099000002E000208DF80100009816BD10B582B00468DFF8DC2312680092227C002A05D0022A2BD003D3032A28D03BE03AE04279002A0ED0FFF78DFF8DF800002078022803D101208DF8010017E000208DF8010013E02278032A02D1C9B201290DD0FFF77CFF8DF800002078032803D101208DF8010002E000208DF8010013E02278012A94
:8099800002D1C9B201290DD0FFF763FF8DF800002078012803D101208DF8010002E000208DF80100009816BD10B582B00468DFF8442312680092227C002A05D0022A6AD003D3032A28D07AE079E04279002A0ED0FFF73FFF8DF800002078022803D101208DF8010017E000208DF8010013E02278032A02D1C9B201290DD0FFF72EFF8DF89b
:809A000000002078032803D101208DF8010002E000208DF8010052E00279521C02710279637C9A4222D3427A002A1FD1002202712278012A02D1C9B201292BD0FFF709FF8DF800002078012802D02078022801D1012000E00020C0B2002803D001208DF8010017E000208DF8010013E02278032A02D1C9B201290DD0FFF7EFFE8DF80000d1
:809A80002078032803D101208DF8010002E000208DF8010013E02278012A02D1C9B201290DD0FFF7D6FE8DF800002078012803D101208DF8010002E000208DF80100009816BD80B502688C4B1B6800931378012B17D002D3032B39D01ED3C9B200290FD1117C491E03D0491E012905D908E0FFF7B4FE8DF8000003E0FFF7ABFE8DF8000018
:809B00002EE0C9B2002906D1FFF7A3FE8DF8000001208DF8010023E0837A5B1C8372C9B2012903D101208DF801000EE0C9B200290BD1817A927C914203D201208DF8010003E0FFF78AFE8DF8000009E0C9B2002906D1FFF782FE8DF8000001208DF80100009802BD81B00168644A12680092097A012902D0022906D00AE001218DF802108d
:809B80000121417104E001218DF8021001218171009801B0704710B582B04848006858490860002056490871002055494871012053498871524804685148FFF74EFE8DF800002078002803D001208DF8010002E000208DF80100207A002803D001208DF8020002E000208DF80200009816BD80B50A0001004248FFF705FC414909688142ab
:809C000012D03F4909683E4A106000223C4B5A7100223B4B9A7109780078814201D0012000E00020C0B200E0002002BD80B53448FFF7FDFD02BD80B53148FFF701FE02BD80B50100C9B22E48FFF720FE0090009802BD80B50100C9B22948FFF757FE0090009802BD012026494872704780B50100C9B22348FFF798FE0090009802BD80B50e
:809C80000100C9B21E48FFF71CFF0090009802BD80B50100C9B21A48FFF764FF0090009802BD0000B47C0100C47C0100F47C0100F07C0100DC670020C07C0100B87C0100BC7C0100DC7C0100D87C0100CC7C0100C87C0100E87C0100E47C0100E07C0100D07C0100D47C0100EC7C0100A07C0100A47C0100A87C0100AC7C0100B07C0100ba
:809D00003C660020012110F01F029140DFF8902340B2400942F820107047012110F01F029140DFF8802340B2400942F82010704740B2002809D54901DFF86C2340B210F00F00801800F8041C04E04901DFF85C2340B28154704700001CB5002400F0DCF900F0F4F9FCF7A0FF00F0FCF90020DFF8401308700020DFF83C1308700020DFF85d
:809D800038134870FCF774FBFCF776FB41208DF804000020ADF80500002000900023032201A90520FCF730FDFFE70020DFF80C130860DFF80C13DFF80C0300F055FA00280FD00120DFF8F412086000F056FA012807D1DFF8F4020078002802D10120BA490870B9480078012831D1B848006850F00040B6490860B648006850F04000B44920
:809E00000860B348006830F04000B1490860B1480068000A0006FAD55FF0FF30FFF77DFF5FF0FF30FFF76EFFAB48AC4908600020AB4908600520AB490860AA480068C003FBD50420A749086002209F4908709E480078022828D1FEF73AFEF5F777FAFEF7B3FF00211D20FFF763FF00211C20FFF75FFF00210320FFF75BFF00210620FFF722
:809E800057FF07210A20FFF753FF03210D20FFF74FFF07211020FFF74BFF00211520FFF747FF032088490870874800780328FFF67CAF8D480078002818D08C48007885490968490B11F0010188420AD081480068C0F3403010F0010084490870012075490870FAF7C8FF00207F49087080480068002805D172B6F6F7DEFB7D49086062B667
:809F00007B48006800282ED0E4B2002C2BD17948774909681422EDF797FD7748007D400706D545F6732073490988401A714908807148007D000706D543F688006D494988401A6C4948806C48007DC00607D56948008868494988674A1180664948806548634908600224E4B2022C11D101205349086000200090012314225D4801680420b1
:809F8000FCF77EFA012803D10024002058490860E4B2002C0FD172B63F215848F4F7BCFB5749086062B656480068012803DB1020544908700124E4B2002C0FD172B63F214E48EDF7DAFC4E49086062B64C480068012803DB05204B4908700124E4B2012C13D101203549086000200090012344480068421C92B243490320FCF741FA0128a1
:80A0000003D1002400203E490860F2F785FC002821D0E4B2002C0BD140203B4908703A493A48F2F720FD38480078002800D00324E4B2032C0FD10120204908600020009001233148027892B230490320FCF718FA012800D10024ECF789FE002803D001201649086006E0F6F736FB002802D0012012490860EDF70CFB2548007800287FF43f
:80A0800094AE2448007801287FF48FAE0B48006800287FF48AAE30BFEDF746FB85E6000080E100E080E200E018ED00E000E400E0C9670020CA67002090660020A0660020A06700209C660020CE67002000000150080001500400015080A9030014E000E018E000E010E000E0F8670020CF67002094660020C8650020FC4F00205962002084
:80A100009866002058620020E304002098620020CB670020E20400205FF0FF30074908600748064908600748006830F4803005490860002004490860704700BF10100145583F60FF043001500470015080B5034803494FF43172EDF777FC01BDFC4F0020386901000020DFF8B01308600020DFF8AC130860DFF8A803007DC00628D5DFF853
:80A18000A003008BDFF89C13A1F81500DFF89003C08ADFF89013A1F81700DFF88403808CDFF88013A1F81900DFF87403408CDFF87413A1F81B0043F68800DFF86813C1F8230045F67320DFF85C13C1F827001BE0DFF84C03C08ADFF84C13A1F81500DFF84003008BDFF83C13A1F81700DFF83003408CDFF83013A1F81900DFF82403808C14
:80A20000DFF82013A1F81B00DFF81403B0F8A200DFF81013A1F81D00DFF80803D0F82F0050F01000BF49C1F82F00BE48D0F82F0050F02000BB49C1F82F00BA48D0F82F00B849C1F82F00B748D0F82F0050F40010B449C1F82F00B348D0F82F0050F48000B049C1F82F007047AB4A12680260AB4800680880A9480068704780B50020A7496e
:80A28000096800290AD0002000900023A348026892B2A14801680520FCF7B6FA02BD16B5080000219C4A116000219C4A1160002401780A0640F1A28082292DD083290AD0842937D089293CD08B2915D0902953D091296AD084E094488F49086040208F490860832090490870904800788E49487000208D498870BCE08B48874908604020f1
:80A30000864908608B2088490870002086494870002085498870ACE083487F49086002207E490860822080490870814800787E4948709EE07B487849086041207749086097E079487449086040207449086089207549087001A900A8FEF730FABDF80400402802D33F20ADF80400BDF804200099704800F0E3F87CE06B486749086040200b
:80A38000664908609020684908703F2100A8F2F75CFE002808D03F20ADF80400BDF804200099644800F0CAF863E05F485A49086040205A49086091205B49087001A900A800F059F8BDF80400402802D33F20ADF80400BDF804200099564800F0AFF848E051484D49086003204C49086042204E49087001204C49A1F801003AE002290FD021
:80A40000032908D009290FD00B2908D00D291BD0102911D020E04078444908701DE01CE040784349087018E0BDF80410491E89B2401CFEF7F9F910E0BDF80410491EC9B2401CF2F7FDFC08E0BDF80410491E89B2401CFEF7E9F900E0012433482E49086003202E49086042202F4908702E48A0F80140002016BD30B585B004000D0003A83e
:80A48000F6F732F900A8F6F733F99DF80C00002807D09DF80000002803D080202649087002E0002024490870BDF8010022494870BDF8010080B2000A1F498870DDF803001D49C870DDF80300000A1B490871DDF80300000C18494871DDF80300000E10F03F0015498871144880799DF8071050EA8110114988719DF80700C0F383000E49c3
:80A50000C8719DF810000C4908720B4820603F202880002005B030BD8466002088660020FC4F00207C030020D45F0020CC670020CB670020D55F00201862002010B4030004E00C781C705B1C491C521E012AF8DA10BC7047F0B583B007000E0017F1080417F11205DFF898030078401DDFF890130870DFF88C03007810F00700DFF880135b
:80A5800008700320E0710320207100202072012060720320287001220121787810F00F00F6F798FE022190FBF1F0A5F80100206890F83500E87001202883288B2881D04890F900000830A5F81D00B5F81D00A5F80D000120A5F81F00B5F81F00A5F80F000720A5F82100B5F82100A5F81100C44890F9000040001B30D6F84B100091B17Bdf
:80A60000002913D03968C1F3001100290ED0BDF80010BC4A12885118ADF80010BDF80210B84A52885118ADF80210ADE00722002100233F68C7F30017002F00F09A80BDF80010B14B1B88C91A09B2CB1C072B01D2002142E009B212B2D14203DB12B209B28A4235DAA74BB3F900309B1C052B0AD2BDF8003009B2022791FBF7F1591AADF88f
:80A680000010002129E009B2002904D59D4BB3F90030002B07D409B2012912DB994BB3F90030012B0DDB09B2012902DB12B2130001E012B25342BDF80070DB19ADF800300BE09149B1F90010ADF80010002104E0BDF80030CB18ADF80030BDF802308A4F7F88DB1B1BB2DF1C072F01D2002340E01BB212B2D34203DB12B21BB29A4233DA8d
:80A70000804FB7F90270BF1C052F0AD2BDF802201BB2022793FBF7F3D21AADF80220002327E01BB2002B04D5764FB7F90270002F07D41BB2012B11DB724FB7F90270012F0CDB1BB2012B01DB12B201E012B25242BDF80270D219ADF802200AE06A4A5288ADF80220002304E0BDF802209A18ADF80220ADF80410ADF806300199614A1160af
:80A78000D6F84B10604A11602168B1F90010BDF90020914201DA012100E00221E9712168B1F9001000B281420BDAB5F90D1000B22268B2F90020821A521CB1EB6201A5F80D100122D21DBDF9001012B2891A491C491009B2012903DA002101222A730CE023681B889A1A09B212B2914203DB110002222A7301E000222A7369812168B1F970
:80A800001A10BDF90220914201DA012100E00221E9752168B1F91A1000B281420BDAB5F91D1000B22268B2F91A20801A401CB1EB6000A5F81D000121C91DBDF9020009B2401A401C401000B2012803DA0020012129770CE02268528B511A00B209B2884203DB08000221297701E0002129776883F7BD0020704780B510F143010830F4F7d8
:80A8800063F90090009802BD002803D1D00707D4002006E0884203D1900701D4002000E001207047F8B50400D4F8475014F112060027002D1DD0F3F711FFC0B2012815D0F3F70CFF012814D0327BB6F91110D5F8D003FFF7D9FF00280BD0327FB6F92110D5F8E007FFF7D0FF002802D02000EEF7EDFE3800F2BD00207047044870470000ee
:80A90000E667002028670020B4040020047A010038B50B2A01D200200CE0D0F84720D2F8D4331C00D2F8E4271500009523000422EEF746FE32BD0000060077CC00000000200002001027D43030752003030030249C1630249C16000000000C09A70574017401CC2240150600060006000600A200A0000C000C0030249C16A200A000000042
:80A98000310014001400E10007002C016400B8019001260200005802BC02780018FC0000F401640090010000BB009600FA00FA00200300005802B603960018FCD4FE00000000BB0000003200320032003C00140005001400C800E80320030A00E803A0005802A0002800E80300000100010408000800983A307514000400290A0127270B2a
:80AA00002900067000360900FA00010003001908000064003C003D013E013F01400141014200430044003100320033013401350136013701380139013A013B01250126012700280029012A012B012C012D012E012F01180119011A011B011C001D001E011F012001210122010B010C010D010E010F0110010100110102011201030113011e
:80AA800004011401050115013A013B013C013D013E013F014001410142014301440145004600470000010101020103010401050106010701080109010A010B010C010D010E010F011001110112011301140115011601240100000000180119011A0121011C011D011E0100001F0117010000000000000000200100001B01220100002301cf
:80AB00000000000000000000000000000000000000000000000000000000000000000000000000000000000000000000000000000000000000000000000000000000000000000000000000000000000000000000000000000000000000000000000000000000000000000000000000000000000000000000000000000000000000000000d5
:80AB8000000000000000000000000000000000007F00B200B200B200B200B200B200B200B200B200B200B200B200B200B200B200B200B200B200B200B200B200B200B200B200B200B200B200B200B200B200B200B200B200B200B2007F000000000000000000000000000000000000000000190008000800310003002003B00477CC33EE69
:80AC000077CC00002DE9FC410400884614F1080514F112062068C0F3001010F001070120E8710120A6F827000020C6F829000020C6F82D000020287202202871012068710120F070032030700020A6F81D00B6F81D00A6F80D000020A6F81F00B6F81F00A6F80F000020A6F82100B6F82100A6F8110000220021607810F00F00F6F72AFB84
:80AC800000B2032800DA0320A6F8010003203081B8F94B00801E401000B2012803DA0020012131730CE029680988C91E00B209B2884203DB08000221317301E000213173708100B22968B1F90010891F884202DB0121F1711EE000B2042802DA0221F17118E0FFB2002F12D066490988411A09B2012902DB0121F1710CE009B2002902D5c0
:80AD00000221F17106E060490978F17102E05E490978F1715B490880F0795B49087003203083B8F94D00801E401000B2012803DA0020012131770CE02968498BC91E00B209B2884203DB08000221317701E000213177708300B22968B1F91A10891F884202DB0121F1751EE000B2042802DA0221F17518E0FFB2002F12D044490988411A3c
:80AD800009B2012902DB0121F1750CE009B2002902D50221F17506E03D490978F17502E03B490978F17539490880F07D38490870210000A8EFF7F9FF0098C6F813000198C6F82300BDE8F38138B50400F1F747FB0500F1F74AFB2F490860A5F277150C2095FBF0F5012D09DBB4F813008C21484390FBF5F0401C80B200F066F8002032BDd1
:80AE000038B5D0F84710002400220023D1F8D457002D01D0012304E0D1F8C413002900D0012253EA0201C9B2002902D1817B002902D0EFF700FF10E0ECF7BEFC00909DF8000010F00100002807D154F00404F4F798F8002801D054F01004200032BD0020704780B5D0F8570010F00C0F07D0F4F788F8002801D0084800E0084800E0084809
:80AE800002BD0000AC670020E5040020AE670020E60400201C670020AC7A0100207A0100907A010038B50B2A01D200200BE0D0F8472013681C00D2F800241500009523000222EEF77DFB32BD80B2042803DB80B26549086002E0032063490860704730B583B010F10805083110F1120415F10A000A313122ECF7A8FD0220E8710120287291
:80AF000002202871002068710320207056480068A4F801000020A07100A8EFF703FF0098C4F813000198C4F82300EFF7A8FD37BD00207047F8B50500002429000120EFF7A8FD060029000220EFF7A3FD0700EFF755FF002807D0A87B002804D154F0040454F0100427E057EA0600C0B2002813D00120EFF7D0FD00281DD10220EFF7CBFDc6
:80AF8000002818D12868C0F34000002801D054F0020454F010040EE0EBF700FFC0B2032807D0C0B2022804D0A87B002801D154F0040454F010042000F2BDD0F85700000910F0010090F00100C0B2704710B582B00400D4F8570010F00C0F07D0F3F7D1FF002801D0214800E021483BE0ECF7E4FB00909DF80000C0B2400810F001009DF845
:80B00000001011F001010840C0B2002805D1ECF723FB002801D0164824E02068C0F38010002818D0EBF7BAFEC0B2022813D0C0B2032810D02068C0F3C01000280BD1206850F080002060F3F79CFF002801D0074800E0074806E0F3F794FF002801D0034800E0044816BD0000B8040020AC7A0100207A0100747A010038B5D0F85730C3F340
:80B080000013002B01D00B2A01D200200CE010F11202D2F813301C00D2F823201500009523000322EEF78CFA32BD000070B50E0010F1080510F112040321E9710121297100212972012169720321217000220121407810F00F00F6F7FDF8A4F80100286890F83500E07002202083208B20810020A4F81D00B4F81D00A4F80D000120A4F856
:80B100001F00B4F81F00A4F80F000520A4F82100B4F82100A4F811000320E075E07DE0710921B6F94B0009B2401A401C401000B2012803DA0020012121730CE02A681288511A00B209B2884203DB08000221217301E00021217360810921B6F94D0009B2401A401C401000B2012803DA0020012121770CE02A68528B511A00B209B2884201
:80B1800003DB08000221217701E000212177608370BD0020704780B5817B002902D05548006806E010F143010830F3F7CDFC0090009802BD2DE9F04F87B00400D4F847000025002800F08680A16811F11408A16811F12E06B4F81310D0F8D023A38B13EB0209D0F8E027A38D9F18D0F8D4230492D0F8E4070590A068D0F806008246A068f9
:80B20000006A8346607D002803D089B2032900DB891E89B20191DDE9040100910300A27B012104A8F0F714F80FFA89F9CDF80C90A0680088001F00B2029000200190CDF800B05346DDE904010A0001004046FAF724FA002814D03FB20397A068408B001F00B2029000200190CDF800B05346DDE904010A0001003000FAF70FFA002802D140
:80B28000A07B002824D0B4F94B0010F5004F05D0B4F94B004010ADF8000002E01648ADF80000B4F94D0010F5004F05D0B4F94D004010ADF8020002E00F48ADF80200009BDDE904010A0001002000EEF74AFB01E055F00405280007B0BDE8F08F00207047D0F85700C0F38000002801D0034800E003487047087D01000080FFFF207A010055
:80B30000587A010038B50B2A01D200200CE0D0F84720D2F8D4331C00D2F8E4271500009523000622EEF74CF932BD000010B55A48406850F01000584948605A480068C00776D556480068C00772D553484068C0F38000002805D15048406850F004004E4948604D484068C0F3C00000285AD04B48006850F00100494908604748418A89B21e
:80B380004548406900F061F84349498A091A424A51824149496941183F4A51613E49098A40183D4908825FF0A040006850F001005FF0A04108603848408A002838D13648406840084000344948603348406850F00200314948603048406830F008002E49486030480068400840002E4908602A480089022801D1062303E0022304202649ed
:80B4000008812548C069002812D02348028A2248C168214800889BB292B280B21E4CE469A04705E01F480068400840001D4908601D480068C00701D5194800681648406830F010001449486010BD1CB40022009200220192002205E0037800AC1355521C401C491E89B2002901D0082AF4DBBDF800000E490860BDF802000D490860BDF8ae
:80B4800004000C490860BDF806000B490860100080B216BC70470000580400200C0000502C00005004000050240000501000005014000050180000501C00005070B50D0010F1080610F112040321F1710121317100217171002131720321217000220021407810F00F00F5F7F5FEA4F80100306890F83500E07002202083208B208100201b
:80B50000A4F81D00B4F81D00A4F80D000020A4F81F00B4F81F00A4F80F000020A4F82100B4F82100A4F811000320E0710421B5F84B00401A401CB5F94B203368B3F900309A4206DA00B23268B2F9002010EB620005E000B23268B2F90020B0EB620000B2401000B2012803DA0020012121730CE032681288511A00B209B2884203DB0800c0
:80B580000221217301E00021217360810320E0750421B5F84D00401A401CB5F94D203368B3F91A309A4206DA00B23268B2F91A2010EB620005E000B23268B2F91A20B0EB620000B2401000B2012803DA0020012121770CE03268528B511A00B209B2884203DB08000221217701E000212177608370BD0020704710B5D0F8471000240029db
:80B6000001D0EEF7E8F8200010BD002070470148704700003C7A010038B50B2A01D200200BE0D0F8472013681C00D2F800241500009523000522EDF7C3FF32BD816807E002681168536889185B18C36008320260C2689142F4D04A1C8260087870472DE9FF4D00F10801009100270268520801EBC2010191B84600210291039101684908e2
:80B6800000EBC101406800F0010501F10804400804EBC00631E000A8FFF7D0FF4FFA80FA0AE000980168081800990290496808180390009808300090029803998842F0D0401C029010F801BD47450CD1B44208BF00F01DF8276805B14F44606800EB070808344745F2D007F801BBBAF1000F0AD51AF1010AE8D14745CDD1B442CBD13046b1
:80B7000004B0BDE8F08DBAF1010AD5D5F3E7012000F000B82021090326311820ABBEF9E7000030013201340136013801000000000000000000002A012B012C012D012E012F0131013301350137013901000000001F012001210122012301240125012601270128012901000000001401150116011701180119011A011B011C011D011E01ee
:80B78000000009010A010B010C010D010E010F0110011101120113010001010102010301040105010601070108010000000000002DE9F00717491848184AB1E8F807A0E8F807B1E8F807A0E8F807B1E8F807A0E8F807B1E8F807A0E8F807B1E8F807A0E8F807B1E8F807A0E8F807B1E8F807A0E8F807B1E8F807A0E8F807B1E8F807A0E830
:80B80000F807E030E031B2F50072D6DCBDE8F007704700000000005100800451005C000000010101020103010401050106010701080109010A010B010C010D010E010F011001110112011301140115011601240100000000180119011A0121011C011D011E0100001F0117010000000000000000200100001B012201000023019A5599AA17
:80B8800059A5A5599AA5A965A5599A965A5599AA9666A965A5A66A965A55AA965A5599A6A965A55965AA6655A65A5AA6655A569A5AA66569A5AA66556999569A5A599569A5AA5569A5AA6659569A5AA6000130016A01AE01FF015F02D2025A03FB03BB04A005AF06F1077109380B560DD90FD61263169B1A9F1F9525AB2C1735193FFD4A5d
:80B900002059ED69E47DA095D4B159D30080B36B9E5A3F4C2740FA356B2D372627200D1BC31627131D108F0D680B99091408CC06B805D0040C046803DE0269020702B501700135010401DB00B8009B009200A600BF00DC00FF0028015A019401D9012C028E0203038D033204F604DE05F3063C08C209920BBA0D4A105513F316401B5C208d
:80B980006F26A72D3C366E408D4CF45A10B5074979441831064C7C44163404E00A68081D511888470146A142F8D110BD0800000038000000E7ADFEFF18630000E804002000020000000000600000000093FCFFFF0200000002000000B80300001602000000000020E7040000600D410B7809F807B406A405BF04FE035C03D402610200028a
:80BA0000AF016B01BD740100F375010000000000F77501000B7601000F7601001976010011CA000049CF000051D10000B5D10000A7D20000BFD2000041D40000AD7001009371010097710100B5710100DD720100E172010005730100056C0100C96D010000000000016E01005F6E0100636E0100A56E01005565010073680100776801009c
:80BA8000A5680100F7680100FB68010011690100DF6E0100316F010000000000356F0100BB6F0100CD6F0100797001008FAF0000BFB10000F9B100000BB2000019B200001DB200000000000000F00BF8002801D0FFF75CFF0020C046C046FEF73DF900F002F80120704700F001B8000007463846FFF710FEFBE7000000000000FFFFFFFFb8
:80BB000000000000FFFFFFFF00000000030000007C150000010000000C00000001070001010000001C250000020000006400000003010101030000007C150000020000006400000001070001010000001C25000000000000FFFFFFFF0200070002000000E812000000000000FFFFFFFF0301010000000000FFFFFFFF00000000FFFFFFFF32
:80BB80000107000002000000E812000000000000FFFFFFFF0303010002000000E812000000000000FFFFFFFF03020100010000001C25000000000000FFFFFFFF0302010100000000FFFFFFFF00000000FFFFFFFF0107000100000000FFFFFFFF00000000FFFFFFFF03040101020000006A09000000000000FFFFFFFF030202000000000081
:80BC0000FFFFFFFF00000000FFFFFFFF01070000020000006A09000000000000FFFFFFFF0304020002000000D025000000000000FFFFFFFF0301010102000000D025000000000000FFFFFFFF01070101010102020202030303030303030303030F00000000090B020F06040D070E0C050801030A6A999569A595666A965A0000C046C0469e
:80BC8000C046C046FFF720FF00000000000400000000000000000000004800477D7C01000000000000000000000000000000000000000000F87A01000C7B0100207B0100347B0100487B01005C7B0100707B0100847B0100987B0100AC7B0100C07B0100D47B0100E87B0100FC7B0100107C0100247C0100387C0100000000000000000040
:80BD000000000000008000800080008000800080000000000000000000000000000000000000000000000000FFF7FEBFFFF7FEBFFFF7FEBFFFF7FEBFFFF7FEBFFFF7FEBFFFF7FEBFFFF7FEBFFFF7FEBFFFF7FEBFFFF7FEBFFFF7FEBFFFF7FEBFFFF7FEBFFFF7FEBFFFF7FEBFFFF7FEBFFFF7FEBFFFF7FEBFFFF7FEBFFFF7FEBFFFF7FEBF61
:80BD8000FFF7FEBFFFF7FEBFFFF7FEBFFFF7FEBFFC00013075F200045863002008E900049865002003D90006845D0020A00008EF0001204EF200049863002008E90004B065002003D90006245E0020A00008F300F8FFF400041863002008E90006E45C0020A00008E30006DC4C0020200314F70006445C0020A00008F7000001FD00004024
:80BE0000F1000001FD000040F1000001FD000040F1000001FD000040ED000080F1000001FD000080BD000001F9000001D9000220BF02F3000001FC000003FA0002092801FB00010103FA0002092801FA000003FA0002092801FB00010303FA0002092801FB00010203FA0002092801FB0006040300009F6201F700010503FA0002092801d4
:80BE8000FA00027F007FF4000CB16E000001FCFFFCFFFCFFFCFFF90004756F000002F1000CB96E000003F8FFF8FFF8FFF8FFF90004176F000004F10001D36FFD00027F007FF4000CB16E000001FCFFFCFFFCFFFCFFF90004756F000002F1000CB96E000003F8FFF8FFF8FFF8FFF90004176F000004F10016D36F0000843A002500960192d0
:80BF0000010C09A705FDFF0000FDFFF00009735A000088380000FF0FFA000C1F2D7B48011520091720291319FC00007FC10000FFD100000FD900010102FA000004F1000008F90006505F002084000BF7000EBC020000107A070067FF67FF030002FD00040400030002FD000E040000800080008000800102CCE690FC00038000800BFD00bd
:80BF80000301000100FCFF000AFD000003FD000002FD00009DFDFF0003F8000980010032000140010202FFFFFFFFFFFFFFFFFFFFFFFFFFFFFFFFFFFFFFFFFFFFFFFFFFFFFFFFFFFFFFFFFFFFFFFFFFFFFFFFFFFFFFFFFFFFFFFFFFFFFFFFFFFFFFFFFFFFFFFFFFFFFFFFFFFFFFFFFFFFFFFFFFFFFFFFFFFFFFFFFFFFFFFFFFFFFFFFFFFFff
:00000001FF
